time,firm,pressure,prevention,suppression,dependence
0,0,0.0,0.0,0.0,0.47042565019858995
0,1,0.0,0.0,0.0,0.5994915417836008
0,2,0.0,0.0,0.0,0.6
0,3,0.0,0.0,0.0,0.40760183202748823
0,4,0.0,0.0,0.0,0.4162920712285151
0,5,0.0,0.0,0.0,0.506188904761806
1,0,0.0,0.0,0.0,0.47042565019858995
1,1,0.0,0.0,0.0,0.5994915417836008
1,2,0.0,0.0,0.0,0.6
1,3,0.0,0.0,0.0,0.40760183202748823
1,4,0.0,0.0,0.0,0.4162920712285151
1,5,0.0,0.0,0.0,0.506188904761806
2,0,0.0,0.0,0.0,0.47042565019858995
2,1,0.0,0.0,0.0,0.5994915417836008
2,2,0.0,0.0,0.0,0.6
2,3,0.0,0.0,0.0,0.40760183202748823
2,4,0.0,0.0,0.0,0.4162920712285151
2,5,0.0,0.0,0.0,0.506188904761806
3,0,1.0,0.0,0.0,0.47042565019858995
3,1,0.0,0.0,0.0,0.5994915417836008
3,2,0.0,0.0,0.0,0.6
3,3,0.0,0.0,0.0,0.40760183202748823
3,4,0.0,0.0,0.0,0.4162920712285151
3,5,0.0,0.0,0.0,0.506188904761806
4,0,2.0,0.0,0.0,0.47042565019858995
4,1,0.0,0.0,0.0,0.5994915417836008
4,2,1.0,0.0,0.0,0.6
4,3,0.0,0.0,0.0,0.40760183202748823
4,4,0.0,0.0,0.0,0.4162920712285151
4,5,0.0,0.0,0.0,0.506188904761806
5,0,2.0,0.0,0.0,0.47042565019858995
5,1,0.0,0.0,0.0,0.5994915417836008
5,2,1.0,0.0,0.0,0.6
5,3,0.0,0.0,0.0,0.40760183202748823
5,4,0.0,0.0,0.0,0.4162920712285151
5,5,0.0,0.0,0.0,0.506188904761806
6,0,2.0,0.0,0.0,0.47042565019858995
6,1,0.0,0.0,0.0,0.5994915417836008
6,2,2.0,0.0,0.0,0.6
6,3,0.0,0.0,0.0,0.40760183202748823
6,4,0.0,0.0,0.0,0.4162920712285151
6,5,0.0,0.0,0.0,0.506188904761806
7,0,3.0,0.0,0.0,0.47042565019858995
7,1,0.0,0.0,0.0,0.5994915417836008
7,2,2.0,0.0,0.0,0.6
7,3,0.0,0.0,0.0,0.40760183202748823
7,4,0.0,0.0,0.0,0.4162920712285151
7,5,0.0,0.0,0.0,0.506188904761806
8,0,3.0,0.0,0.0,0.47042565019858995
8,1,0.0,0.0,0.0,0.5994915417836008
8,2,2.0,0.0,0.0,0.6
8,3,0.0,0.0,0.0,0.40760183202748823
8,4,1.0,0.0,0.0,0.4162920712285151
8,5,1.0,0.0,0.0,0.506188904761806
9,0,3.0,0.0,0.0,0.47042565019858995
9,1,0.0,0.0,0.0,0.5994915417836008
9,2,3.0,0.0,0.0,0.6
9,3,0.0,0.0,0.0,0.40760183202748823
9,4,1.0,0.0,0.0,0.4162920712285151
9,5,2.0,0.0,0.0,0.506188904761806
10,0,3.0,0.0,0.0,0.47042565019858995
10,1,0.0,0.0,0.0,0.5994915417836008
10,2,3.0,0.0,0.0,0.6
10,3,1.0,0.0,0.0,0.40760183202748823
10,4,1.0,0.0,0.0,0.4162920712285151
10,5,2.0,0.0,0.0,0.506188904761806
11,0,3.0,0.0,0.0,0.47042565019858995
11,1,0.0,0.0,0.0,0.5994915417836008
11,2,3.0,0.0,0.0,0.6
11,3,1.0,0.0,0.0,0.40760183202748823
11,4,2.0,0.0,0.0,0.4162920712285151
11,5,2.0,0.0,0.0,0.506188904761806
12,0,3.0,0.0,0.0,0.47042565019858995
12,1,0.0,0.0,0.0,0.5994915417836008
12,2,3.0,0.0,0.0,0.6
12,3,1.0,0.0,0.0,0.40760183202748823
12,4,2.0,0.0,0.0,0.4162920712285151
12,5,2.0,0.0,0.0,0.506188904761806
13,0,3.0,0.0,0.0,0.47042565019858995
13,1,0.0,0.0,0.0,0.5994915417836008
13,2,3.0,0.0,0.0,0.6
13,3,1.0,0.0,0.0,0.40760183202748823
13,4,3.0,0.0,0.0,0.4162920712285151
13,5,2.0,0.0,0.0,0.506188904761806
14,0,3.0,0.0,0.0,0.47042565019858995
14,1,0.0,0.0,0.0,0.5994915417836008
14,2,3.0,0.0,0.0,0.6
14,3,1.0,0.0,0.0,0.40760183202748823
14,4,3.0,0.0,0.0,0.4162920712285151
14,5,2.0,0.0,0.0,0.506188904761806
15,0,3.0,0.0,0.0,0.47042565019858995
15,1,0.0,0.0,0.0,0.5994915417836008
15,2,3.0,0.0,0.0,0.6
15,3,1.0,0.0,0.0,0.40760183202748823
15,4,3.0,0.0,0.0,0.4162920712285151
15,5,2.0,0.0,0.0,0.506188904761806
16,0,3.0,0.0,0.0,0.47042565019858995
16,1,0.0,0.0,0.0,0.5994915417836008
16,2,3.0,0.0,0.0,0.6
16,3,1.0,0.0,0.0,0.40760183202748823
16,4,3.0,0.0,0.0,0.4162920712285151
16,5,2.0,0.0,0.0,0.506188904761806
17,0,3.0,0.0,0.0,0.47042565019858995
17,1,0.0,0.0,0.0,0.5994915417836008
17,2,3.0,0.0,0.0,0.6
17,3,1.0,0.0,0.0,0.40760183202748823
17,4,4.0,0.0,0.0,0.4162920712285151
17,5,2.0,0.0,0.0,0.506188904761806
18,0,3.0,0.0,0.0,0.47042565019858995
18,1,1.0,0.0,0.0,0.5994915417836008
18,2,3.0,0.0,0.0,0.6
18,3,1.0,0.0,0.0,0.40760183202748823
18,4,4.0,0.0,0.0,0.4162920712285151
18,5,2.0,0.0,0.0,0.506188904761806
19,0,3.0,0.0,0.0,0.47042565019858995
19,1,1.0,0.0,0.0,0.5994915417836008
19,2,3.0,0.0,0.0,0.6
19,3,2.0,0.0,0.0,0.40760183202748823
19,4,4.0,0.0,0.0,0.4162920712285151
19,5,2.0,0.0,0.0,0.506188904761806
20,0,3.0,0.0,0.0,0.47042565019858995
20,1,1.0,0.0,0.0,0.5994915417836008
20,2,4.0,0.0,0.0,0.6
20,3,2.0,0.0,0.0,0.40760183202748823
20,4,4.0,0.0,0.0,0.4162920712285151
20,5,2.0,0.0,0.0,0.506188904761806
21,0,3.0,0.0,0.0,0.47042565019858995
21,1,1.0,0.0,0.0,0.5994915417836008
21,2,4.0,0.0,0.0,0.6
21,3,2.0,0.0,0.0,0.40760183202748823
21,4,4.0,0.0,0.0,0.4162920712285151
21,5,2.0,0.0,0.0,0.506188904761806
22,0,3.0,0.0,0.0,0.47042565019858995
22,1,2.0,0.0,0.0,0.5994915417836008
22,2,4.0,0.0,0.0,0.6
22,3,2.0,0.0,0.0,0.40760183202748823
22,4,4.0,0.0,0.0,0.4162920712285151
22,5,2.0,0.0,0.0,0.506188904761806
23,0,3.0,0.0,0.0,0.47042565019858995
23,1,2.0,0.0,0.0,0.5994915417836008
23,2,4.0,0.0,0.0,0.6
23,3,2.0,0.0,0.0,0.40760183202748823
23,4,4.0,0.0,0.0,0.4162920712285151
23,5,2.0,0.0,0.0,0.506188904761806
24,0,3.0,0.0,0.0,0.47042565019858995
24,1,2.0,0.0,0.0,0.5994915417836008
24,2,4.0,0.0,0.0,0.6
24,3,2.0,0.0,0.0,0.40760183202748823
24,4,4.0,0.0,0.0,0.4162920712285151
24,5,2.0,0.0,0.0,0.506188904761806
25,0,3.0,0.0,0.0,0.47042565019858995
25,1,2.0,0.0,0.0,0.5994915417836008
25,2,4.0,0.0,0.0,0.6
25,3,2.0,0.0,0.0,0.40760183202748823
25,4,4.0,0.0,0.0,0.4162920712285151
25,5,2.0,0.0,0.0,0.506188904761806
26,0,3.0,0.0,0.0,0.47042565019858995
26,1,2.0,0.0,0.0,0.5994915417836008
26,2,4.0,0.0,0.0,0.6
26,3,2.0,0.0,0.0,0.40760183202748823
26,4,4.0,0.0,0.0,0.4162920712285151
26,5,2.0,0.0,0.0,0.506188904761806
27,0,2.0,0.0,0.0,0.47042565019858995
27,1,2.0,0.0,0.0,0.5994915417836008
27,2,4.0,0.0,0.0,0.6
27,3,2.0,0.0,0.0,0.40760183202748823
27,4,5.0,0.0,0.0,0.4162920712285151
27,5,2.0,0.0,0.0,0.506188904761806
28,0,1.0,0.0,0.0,0.47042565019858995
28,1,2.0,0.0,0.0,0.5994915417836008
28,2,3.0,0.0,0.0,0.6
28,3,2.0,0.0,0.0,0.40760183202748823
28,4,5.0,0.0,0.0,0.4162920712285151
28,5,2.0,0.0,0.0,0.506188904761806
29,0,1.0,0.0,0.0,0.47042565019858995
29,1,2.0,0.0,0.0,0.5994915417836008
29,2,3.0,0.0,0.0,0.6
29,3,2.0,0.0,0.0,0.40760183202748823
29,4,5.0,0.0,0.0,0.4162920712285151
29,5,2.0,0.0,0.0,0.506188904761806
30,0,1.0,0.0,0.0,0.47042565019858995
30,1,2.0,0.0,0.0,0.5994915417836008
30,2,2.0,0.0,0.0,0.6
30,3,2.0,0.0,0.0,0.40760183202748823
30,4,6.0,0.0,0.0,0.4162920712285151
30,5,2.0,0.0,0.0,0.506188904761806
31,0,0.0,0.0,0.0,0.47042565019858995
31,1,2.0,0.0,0.0,0.5994915417836008
31,2,2.0,0.0,0.0,0.6
31,3,3.0,0.0,0.0,0.40760183202748823
31,4,6.0,0.0,0.0,0.4162920712285151
31,5,2.0,0.0,0.0,0.506188904761806
32,0,0.0,0.0,0.0,0.47042565019858995
32,1,2.0,0.0,0.0,0.5994915417836008
32,2,2.0,0.0,0.0,0.6
32,3,3.0,0.0,0.0,0.40760183202748823
32,4,5.0,0.0,0.0,0.4162920712285151
32,5,1.0,0.0,0.0,0.506188904761806
33,0,0.0,0.0,0.0,0.47042565019858995
33,1,2.0,0.0,0.0,0.5994915417836008
33,2,1.0,0.0,0.0,0.6
33,3,3.0,0.0,0.0,0.40760183202748823
33,4,5.0,0.0,0.0,0.4162920712285151
33,5,0.0,0.0,0.0,0.506188904761806
34,0,0.0,0.0,0.0,0.47042565019858995
34,1,2.0,0.0,0.0,0.5994915417836008
34,2,1.0,0.0,0.0,0.6
34,3,2.0,0.0,0.0,0.40760183202748823
34,4,5.0,0.0,0.0,0.4162920712285151
34,5,0.0,0.0,0.0,0.506188904761806
35,0,1.0,0.0,0.0,0.47042565019858995
35,1,2.0,0.0,0.0,0.5994915417836008
35,2,1.0,0.0,0.0,0.6
35,3,2.0,0.0,0.0,0.40760183202748823
35,4,4.0,0.0,0.0,0.4162920712285151
35,5,0.0,0.0,0.0,0.506188904761806
36,0,1.0,0.0,0.0,0.47042565019858995
36,1,2.0,0.0,0.0,0.5994915417836008
36,2,1.0,0.0,0.0,0.6
36,3,2.0,0.0,0.0,0.40760183202748823
36,4,4.0,0.0,0.0,0.4162920712285151
36,5,0.0,0.0,0.0,0.506188904761806
37,0,1.0,0.0,0.0,0.47042565019858995
37,1,2.0,0.0,0.0,0.5994915417836008
37,2,1.0,0.0,0.0,0.6
37,3,2.0,0.0,0.0,0.40760183202748823
37,4,3.0,0.0,0.0,0.4162920712285151
37,5,0.0,0.0,0.0,0.506188904761806
38,0,1.0,0.0,0.0,0.47042565019858995
38,1,2.0,0.0,0.0,0.5994915417836008
38,2,1.0,0.0,0.0,0.6
38,3,2.0,0.0,0.0,0.40760183202748823
38,4,3.0,0.0,0.0,0.4162920712285151
38,5,0.0,0.0,0.0,0.506188904761806
39,0,1.0,0.0,0.0,0.47042565019858995
39,1,2.0,0.0,0.0,0.5994915417836008
39,2,1.0,0.0,0.0,0.6
39,3,2.0,0.0,0.0,0.40760183202748823
39,4,3.0,0.0,0.0,0.4162920712285151
39,5,0.0,0.0,0.0,0.506188904761806
40,0,1.0,0.0,0.0,0.47042565019858995
40,1,2.0,0.0,0.0,0.5994915417836008
40,2,1.0,0.0,0.0,0.6
40,3,2.0,0.0,0.0,0.40760183202748823
40,4,3.0,0.0,0.0,0.4162920712285151
40,5,0.0,0.0,0.0,0.506188904761806
41,0,1.0,0.0,0.0,0.47042565019858995
41,1,3.0,0.0,0.0,0.5994915417836008
41,2,1.0,0.0,0.0,0.6
41,3,2.0,0.0,0.0,0.40760183202748823
41,4,2.0,0.0,0.0,0.4162920712285151
41,5,0.0,0.0,0.0,0.506188904761806
42,0,1.0,0.0,0.0,0.47042565019858995
42,1,2.0,0.0,0.0,0.5994915417836008
42,2,1.0,0.0,0.0,0.6
42,3,2.0,0.0,0.0,0.40760183202748823
42,4,2.0,0.0,0.0,0.4162920712285151
42,5,0.0,0.0,0.0,0.506188904761806
43,0,1.0,0.0,0.0,0.47042565019858995
43,1,2.0,0.0,0.0,0.5994915417836008
43,2,1.0,0.0,0.0,0.6
43,3,1.0,0.0,0.0,0.40760183202748823
43,4,3.0,0.0,0.0,0.4162920712285151
43,5,0.0,0.0,0.0,0.506188904761806
44,0,2.0,0.0,0.0,0.47042565019858995
44,1,2.0,0.0,0.0,0.5994915417836008
44,2,0.0,0.0,0.0,0.6
44,3,1.0,0.0,0.0,0.40760183202748823
44,4,3.0,0.0,0.0,0.4162920712285151
44,5,0.0,0.0,0.0,0.506188904761806
45,0,2.0,0.0,0.0,0.47042565019858995
45,1,3.0,0.0,0.0,0.5994915417836008
45,2,0.0,0.0,0.0,0.6
45,3,1.0,0.0,0.0,0.40760183202748823
45,4,3.0,0.0,0.0,0.4162920712285151
45,5,0.0,0.0,0.0,0.506188904761806
46,0,2.0,0.0,0.0,0.47042565019858995
46,1,2.0,0.0,0.0,0.5994915417836008
46,2,0.0,0.0,0.0,0.6
46,3,2.0,0.0,0.0,0.40760183202748823
46,4,3.0,0.0,0.0,0.4162920712285151
46,5,0.0,0.0,0.0,0.506188904761806
47,0,2.0,0.0,0.0,0.47042565019858995
47,1,2.0,0.0,0.0,0.5994915417836008
47,2,0.0,0.0,0.0,0.6
47,3,2.0,0.0,0.0,0.40760183202748823
47,4,3.0,0.0,0.0,0.4162920712285151
47,5,0.0,0.0,0.0,0.506188904761806
48,0,2.0,0.0,0.0,0.47042565019858995
48,1,2.0,0.0,0.0,0.5994915417836008
48,2,1.0,0.0,0.0,0.6
48,3,2.0,0.0,0.0,0.40760183202748823
48,4,3.0,0.0,0.0,0.4162920712285151
48,5,0.0,0.0,0.0,0.506188904761806
49,0,2.0,0.0,0.0,0.47042565019858995
49,1,2.0,0.0,0.0,0.5994915417836008
49,2,1.0,0.0,0.0,0.6
49,3,2.0,0.0,0.0,0.40760183202748823
49,4,3.0,0.0,0.0,0.4162920712285151
49,5,0.0,0.0,0.0,0.506188904761806
50,0,3.0,0.0,0.0,0.47042565019858995
50,1,2.0,0.0,0.0,0.5994915417836008
50,2,1.0,0.0,0.0,0.6
50,3,2.0,0.0,0.0,0.40760183202748823
50,4,3.0,0.0,0.0,0.4162920712285151
50,5,0.0,0.0,0.0,0.506188904761806
51,0,3.0,0.0,0.0,0.47042565019858995
51,1,3.0,0.0,0.0,0.5994915417836008
51,2,1.0,0.0,0.0,0.6
51,3,3.0,0.0,0.0,0.40760183202748823
51,4,2.0,0.0,0.0,0.4162920712285151
51,5,0.0,0.0,0.0,0.506188904761806
52,0,3.0,0.0,0.0,0.47042565019858995
52,1,3.0,0.0,0.0,0.5994915417836008
52,2,2.0,0.0,0.0,0.6
52,3,3.0,0.0,0.0,0.40760183202748823
52,4,2.0,0.0,0.0,0.4162920712285151
52,5,0.0,0.0,0.0,0.506188904761806
53,0,3.0,0.0,0.0,0.47042565019858995
53,1,3.0,0.0,0.0,0.5994915417836008
53,2,2.0,0.0,0.0,0.6
53,3,3.0,0.0,0.0,0.40760183202748823
53,4,2.0,0.0,0.0,0.4162920712285151
53,5,0.0,0.0,0.0,0.506188904761806
54,0,3.0,0.0,0.0,0.47042565019858995
54,1,4.0,0.0,0.0,0.5994915417836008
54,2,3.0,0.0,0.0,0.6
54,3,3.0,0.0,0.0,0.40760183202748823
54,4,1.0,0.0,0.0,0.4162920712285151
54,5,0.0,0.0,0.0,0.506188904761806
55,0,3.0,0.0,0.0,0.47042565019858995
55,1,4.0,0.0,0.0,0.5994915417836008
55,2,3.0,0.0,0.0,0.6
55,3,2.0,0.0,0.0,0.40760183202748823
55,4,1.0,0.0,0.0,0.4162920712285151
55,5,0.0,0.0,0.0,0.506188904761806
56,0,3.0,0.0,0.0,0.47042565019858995
56,1,4.0,0.0,0.0,0.5994915417836008
56,2,3.0,0.0,0.0,0.6
56,3,2.0,0.0,0.0,0.40760183202748823
56,4,2.0,0.0,0.0,0.4162920712285151
56,5,0.0,0.0,0.0,0.506188904761806
57,0,3.0,0.0,0.0,0.47042565019858995
57,1,4.0,0.0,0.0,0.5994915417836008
57,2,3.0,0.0,0.0,0.6
57,3,3.0,0.0,0.0,0.40760183202748823
57,4,2.0,0.0,0.0,0.4162920712285151
57,5,0.0,0.0,0.0,0.506188904761806
58,0,3.0,0.0,0.0,0.47042565019858995
58,1,4.0,0.0,0.0,0.5994915417836008
58,2,3.0,0.0,0.0,0.6
58,3,3.0,0.0,0.0,0.40760183202748823
58,4,2.0,0.0,0.0,0.4162920712285151
58,5,0.0,0.0,0.0,0.506188904761806
59,0,3.0,0.0,0.0,0.47042565019858995
59,1,4.0,0.0,0.0,0.5994915417836008
59,2,4.0,0.0,0.0,0.6
59,3,3.0,0.0,0.0,0.40760183202748823
59,4,2.0,0.0,0.0,0.4162920712285151
59,5,0.0,0.0,0.0,0.506188904761806
60,0,3.0,0.0,0.0,0.47042565019858995
60,1,4.0,0.0,0.0,0.5994915417836008
60,2,4.0,0.0,0.0,0.6
60,3,3.0,0.0,0.0,0.40760183202748823
60,4,2.0,0.0,0.0,0.4162920712285151
60,5,0.0,0.0,0.0,0.506188904761806
61,0,3.0,0.0,0.0,0.47042565019858995
61,1,4.0,0.0,0.0,0.5994915417836008
61,2,4.0,0.0,0.0,0.6
61,3,3.0,0.0,0.0,0.40760183202748823
61,4,2.0,0.0,0.0,0.4162920712285151
61,5,0.0,0.0,0.0,0.506188904761806
62,0,3.0,0.0,0.0,0.47042565019858995
62,1,4.0,0.0,0.0,0.5994915417836008
62,2,4.0,0.0,0.0,0.6
62,3,3.0,0.0,0.0,0.40760183202748823
62,4,2.0,0.0,0.0,0.4162920712285151
62,5,1.0,0.0,0.0,0.506188904761806
63,0,3.0,0.0,0.0,0.47042565019858995
63,1,4.0,0.0,0.0,0.5994915417836008
63,2,4.0,0.0,0.0,0.6
63,3,4.0,0.0,0.0,0.40760183202748823
63,4,2.0,0.0,0.0,0.4162920712285151
63,5,2.0,0.0,0.0,0.506188904761806
64,0,3.0,0.0,0.0,0.47042565019858995
64,1,4.0,0.0,0.0,0.5994915417836008
64,2,4.0,0.0,0.0,0.6
64,3,4.0,0.0,0.0,0.40760183202748823
64,4,2.0,0.0,0.0,0.4162920712285151
64,5,2.0,0.0,0.0,0.506188904761806
65,0,4.0,0.0,0.0,0.47042565019858995
65,1,3.0,0.0,0.0,0.5994915417836008
65,2,4.0,0.0,0.0,0.6
65,3,4.0,0.0,0.0,0.40760183202748823
65,4,2.0,0.0,0.0,0.4162920712285151
65,5,2.0,0.0,0.0,0.506188904761806
66,0,4.0,0.0,0.0,0.47042565019858995
66,1,3.0,0.0,0.0,0.5994915417836008
66,2,4.0,0.0,0.0,0.6
66,3,4.0,0.0,0.0,0.40760183202748823
66,4,2.0,0.0,0.0,0.4162920712285151
66,5,2.0,0.0,0.0,0.506188904761806
67,0,4.0,0.0,0.0,0.47042565019858995
67,1,3.0,0.0,0.0,0.5994915417836008
67,2,4.0,0.0,0.0,0.6
67,3,4.0,0.0,0.0,0.40760183202748823
67,4,1.0,0.0,0.0,0.4162920712285151
67,5,2.0,0.0,0.0,0.506188904761806
68,0,3.0,0.0,0.0,0.47042565019858995
68,1,3.0,0.0,0.0,0.5994915417836008
68,2,4.0,0.0,0.0,0.6
68,3,4.0,0.0,0.0,0.40760183202748823
68,4,1.0,0.0,0.0,0.4162920712285151
68,5,2.0,0.0,0.0,0.506188904761806
69,0,3.0,0.0,0.0,0.47042565019858995
69,1,2.0,0.0,0.0,0.5994915417836008
69,2,4.0,0.0,0.0,0.6
69,3,4.0,0.0,0.0,0.40760183202748823
69,4,1.0,0.0,0.0,0.4162920712285151
69,5,3.0,0.0,0.0,0.506188904761806
70,0,3.0,0.0,0.0,0.47042565019858995
70,1,2.0,0.0,0.0,0.5994915417836008
70,2,5.0,0.0,0.0,0.6
70,3,4.0,0.0,0.0,0.40760183202748823
70,4,2.0,0.0,0.0,0.4162920712285151
70,5,3.0,0.0,0.0,0.506188904761806
71,0,3.0,0.0,0.0,0.47042565019858995
71,1,2.0,0.0,0.0,0.5994915417836008
71,2,6.0,0.0,0.0,0.6
71,3,4.0,0.0,0.0,0.40760183202748823
71,4,2.0,0.0,0.0,0.4162920712285151
71,5,3.0,0.0,0.0,0.506188904761806
72,0,3.0,0.0,0.0,0.47042565019858995
72,1,2.0,0.0,0.0,0.5994915417836008
72,2,5.0,0.0,0.0,0.6
72,3,4.0,0.0,0.0,0.40760183202748823
72,4,2.0,0.0,0.0,0.4162920712285151
72,5,3.0,0.0,0.0,0.506188904761806
73,0,3.0,0.0,0.0,0.47042565019858995
73,1,2.0,0.0,0.0,0.5994915417836008
73,2,5.0,0.0,0.0,0.6
73,3,4.0,0.0,0.0,0.40760183202748823
73,4,2.0,0.0,0.0,0.4162920712285151
73,5,3.0,0.0,0.0,0.506188904761806
74,0,2.0,0.0,0.0,0.47042565019858995
74,1,2.0,0.0,0.0,0.5994915417836008
74,2,5.0,0.0,0.0,0.6
74,3,4.0,0.0,0.0,0.40760183202748823
74,4,2.0,0.0,0.0,0.4162920712285151
74,5,3.0,0.0,0.0,0.506188904761806
75,0,3.0,0.0,0.0,0.47042565019858995
75,1,1.0,0.0,0.0,0.5994915417836008
75,2,5.0,0.0,0.0,0.6
75,3,3.0,0.0,0.0,0.40760183202748823
75,4,2.0,0.0,0.0,0.4162920712285151
75,5,3.0,0.0,0.0,0.506188904761806
76,0,3.0,0.0,0.0,0.47042565019858995
76,1,2.0,0.0,0.0,0.5994915417836008
76,2,4.0,0.0,0.0,0.6
76,3,3.0,0.0,0.0,0.40760183202748823
76,4,2.0,0.0,0.0,0.4162920712285151
76,5,4.0,0.0,0.0,0.506188904761806
77,0,3.0,0.0,0.0,0.47042565019858995
77,1,2.0,0.0,0.0,0.5994915417836008
77,2,4.0,0.0,0.0,0.6
77,3,3.0,0.0,0.0,0.40760183202748823
77,4,2.0,0.0,0.0,0.4162920712285151
77,5,4.0,0.0,0.0,0.506188904761806
78,0,3.0,0.0,0.0,0.47042565019858995
78,1,1.0,0.0,0.0,0.5994915417836008
78,2,3.0,0.0,0.0,0.6
78,3,4.0,0.0,0.0,0.40760183202748823
78,4,2.0,0.0,0.0,0.4162920712285151
78,5,4.0,0.0,0.0,0.506188904761806
79,0,3.0,0.0,0.0,0.47042565019858995
79,1,2.0,0.0,0.0,0.5994915417836008
79,2,3.0,0.0,0.0,0.6
79,3,4.0,0.0,0.0,0.40760183202748823
79,4,2.0,0.0,0.0,0.4162920712285151
79,5,4.0,0.0,0.0,0.506188904761806
80,0,3.0,0.0,0.0,0.47042565019858995
80,1,2.0,0.0,0.0,0.5994915417836008
80,2,3.0,0.0,0.0,0.6
80,3,4.0,0.0,0.0,0.40760183202748823
80,4,1.0,0.0,0.0,0.4162920712285151
80,5,4.0,0.0,0.0,0.506188904761806
81,0,3.0,0.0,0.0,0.47042565019858995
81,1,3.0,0.0,0.0,0.5994915417836008
81,2,4.0,0.0,0.0,0.6
81,3,3.0,0.0,0.0,0.40760183202748823
81,4,1.0,0.0,0.0,0.4162920712285151
81,5,4.0,0.0,0.0,0.506188904761806
82,0,3.0,0.0,0.0,0.47042565019858995
82,1,3.0,0.0,0.0,0.5994915417836008
82,2,5.0,0.0,0.0,0.6
82,3,3.0,0.0,0.0,0.40760183202748823
82,4,3.0,0.0,0.0,0.4162920712285151
82,5,4.0,0.0,0.0,0.506188904761806
83,0,3.0,0.0,0.0,0.47042565019858995
83,1,3.0,0.0,0.0,0.5994915417836008
83,2,4.0,0.0,0.0,0.6
83,3,3.0,0.0,0.0,0.40760183202748823
83,4,3.0,0.0,0.0,0.4162920712285151
83,5,5.0,0.0,0.0,0.506188904761806
84,0,3.0,0.0,0.0,0.47042565019858995
84,1,3.0,0.0,0.0,0.5994915417836008
84,2,4.0,0.0,0.0,0.6
84,3,4.0,0.0,0.0,0.40760183202748823
84,4,3.0,0.0,0.0,0.4162920712285151
84,5,5.0,0.0,0.0,0.506188904761806
85,0,3.0,0.0,0.0,0.47042565019858995
85,1,3.0,0.0,0.0,0.5994915417836008
85,2,4.0,0.0,0.0,0.6
85,3,4.0,0.0,0.0,0.40760183202748823
85,4,3.0,0.0,0.0,0.4162920712285151
85,5,5.0,0.0,0.0,0.506188904761806
86,0,3.0,0.0,0.0,0.47042565019858995
86,1,3.0,0.0,0.0,0.5994915417836008
86,2,4.0,0.0,0.0,0.6
86,3,4.0,0.0,0.0,0.40760183202748823
86,4,3.0,0.0,0.0,0.4162920712285151
86,5,4.0,0.0,0.0,0.506188904761806
87,0,4.0,0.0,0.0,0.47042565019858995
87,1,3.0,0.0,0.0,0.5994915417836008
87,2,5.0,0.0,0.0,0.6
87,3,3.0,0.0,0.0,0.40760183202748823
87,4,3.0,0.0,0.0,0.4162920712285151
87,5,3.0,0.0,0.0,0.506188904761806
88,0,4.0,0.0,0.0,0.47042565019858995
88,1,3.0,0.0,0.0,0.5994915417836008
88,2,5.0,0.0,0.0,0.6
88,3,4.0,0.0,0.0,0.40760183202748823
88,4,3.0,0.0,0.0,0.4162920712285151
88,5,3.0,0.0,0.0,0.506188904761806
89,0,3.0,0.0,0.0,0.47042565019858995
89,1,3.0,0.0,0.0,0.5994915417836008
89,2,5.0,0.0,0.0,0.6
89,3,4.0,0.0,0.0,0.40760183202748823
89,4,3.0,0.0,0.0,0.4162920712285151
89,5,3.0,0.0,0.0,0.506188904761806
90,0,3.0,0.0,0.0,0.47042565019858995
90,1,3.0,0.0,0.0,0.5994915417836008
90,2,5.0,0.0,0.0,0.6
90,3,4.0,0.0,0.0,0.40760183202748823
90,4,3.0,0.0,0.0,0.4162920712285151
90,5,3.0,0.0,0.0,0.506188904761806
91,0,3.0,0.0,0.0,0.47042565019858995
91,1,4.0,0.0,0.0,0.5994915417836008
91,2,5.0,0.0,0.0,0.6
91,3,4.0,0.0,0.0,0.40760183202748823
91,4,3.0,0.0,0.0,0.4162920712285151
91,5,3.0,0.0,0.0,0.506188904761806
92,0,3.0,0.0,0.0,0.47042565019858995
92,1,4.0,0.0,0.0,0.5994915417836008
92,2,5.0,0.0,0.0,0.6
92,3,4.0,0.0,0.0,0.40760183202748823
92,4,3.0,0.0,0.0,0.4162920712285151
92,5,3.0,0.0,0.0,0.506188904761806
93,0,4.0,0.0,0.0,0.47042565019858995
93,1,4.0,0.0,0.0,0.5994915417836008
93,2,6.0,0.0,0.0,0.6
93,3,4.0,0.0,0.0,0.40760183202748823
93,4,3.0,0.0,0.0,0.4162920712285151
93,5,3.0,0.0,0.0,0.506188904761806
94,0,4.0,0.0,0.0,0.47042565019858995
94,1,4.0,0.0,0.0,0.5994915417836008
94,2,5.0,0.0,0.0,0.6
94,3,3.0,0.0,0.0,0.40760183202748823
94,4,2.0,0.0,0.0,0.4162920712285151
94,5,3.0,0.0,0.0,0.506188904761806
95,0,4.0,0.0,0.0,0.47042565019858995
95,1,4.0,0.0,0.0,0.5994915417836008
95,2,4.0,0.0,0.0,0.6
95,3,3.0,0.0,0.0,0.40760183202748823
95,4,2.0,0.0,0.0,0.4162920712285151
95,5,3.0,0.0,0.0,0.506188904761806
96,0,5.0,0.0,0.0,0.47042565019858995
96,1,4.0,0.0,0.0,0.5994915417836008
96,2,5.0,0.0,0.0,0.6
96,3,3.0,0.0,0.0,0.40760183202748823
96,4,2.0,0.0,0.0,0.4162920712285151
96,5,3.0,0.0,0.0,0.506188904761806
97,0,5.0,0.0,0.0,0.47042565019858995
97,1,4.0,0.0,0.0,0.5994915417836008
97,2,5.0,0.0,0.0,0.6
97,3,3.0,0.0,0.0,0.40760183202748823
97,4,2.0,0.0,0.0,0.4162920712285151
97,5,3.0,0.0,0.0,0.506188904761806
98,0,5.0,0.0,0.0,0.47042565019858995
98,1,4.0,0.0,0.0,0.5994915417836008
98,2,6.0,0.0,0.0,0.6
98,3,3.0,0.0,0.0,0.40760183202748823
98,4,2.0,0.0,0.0,0.4162920712285151
98,5,3.0,0.0,0.0,0.506188904761806
99,0,4.0,0.0,0.0,0.47042565019858995
99,1,4.0,0.0,0.0,0.5994915417836008
99,2,6.0,0.0,0.0,0.6
99,3,3.0,0.0,0.0,0.40760183202748823
99,4,2.0,0.0,0.0,0.4162920712285151
99,5,3.0,0.0,0.0,0.506188904761806
100,0,4.0,0.0,0.0,0.47042565019858995
100,1,3.0,0.0,0.0,0.5994915417836008
100,2,6.0,0.0,0.0,0.6
100,3,4.0,0.0,0.0,0.40760183202748823
100,4,2.0,0.0,0.0,0.4162920712285151
100,5,3.0,0.0,0.0,0.506188904761806
101,0,4.0,0.0,0.0,0.47042565019858995
101,1,4.0,0.0,0.0,0.5994915417836008
101,2,6.0,0.0,0.0,0.6
101,3,4.0,0.0,0.0,0.40760183202748823
101,4,2.0,0.0,0.0,0.4162920712285151
101,5,3.0,0.0,0.0,0.506188904761806
102,0,4.0,0.0,0.0,0.47042565019858995
102,1,4.0,0.0,0.0,0.5994915417836008
102,2,6.0,0.0,0.0,0.6
102,3,3.0,0.0,0.0,0.40760183202748823
102,4,3.0,0.0,0.0,0.4162920712285151
102,5,3.0,0.0,0.0,0.506188904761806
103,0,4.0,0.0,0.0,0.47042565019858995
103,1,3.0,0.0,0.0,0.5994915417836008
103,2,6.0,0.0,0.0,0.6
103,3,3.0,0.0,0.0,0.40760183202748823
103,4,4.0,0.0,0.0,0.4162920712285151
103,5,3.0,0.0,0.0,0.506188904761806
104,0,4.0,0.0,0.0,0.47042565019858995
104,1,3.0,0.0,0.0,0.5994915417836008
104,2,6.0,0.0,0.0,0.6
104,3,3.0,0.0,0.0,0.40760183202748823
104,4,4.0,0.0,0.0,0.4162920712285151
104,5,3.0,0.0,0.0,0.506188904761806
105,0,4.0,0.0,0.0,0.47042565019858995
105,1,2.0,0.0,0.0,0.5994915417836008
105,2,5.0,0.0,0.0,0.6
105,3,5.0,0.0,0.0,0.40760183202748823
105,4,4.0,0.0,0.0,0.4162920712285151
105,5,3.0,0.0,0.0,0.506188904761806
106,0,5.0,0.0,0.0,0.47042565019858995
106,1,2.0,0.0,0.0,0.5994915417836008
106,2,4.0,0.0,0.0,0.6
106,3,5.0,0.0,0.0,0.40760183202748823
106,4,2.0,0.0,0.0,0.4162920712285151
106,5,3.0,0.0,0.0,0.506188904761806
107,0,4.0,0.0,0.0,0.47042565019858995
107,1,2.0,0.0,0.0,0.5994915417836008
107,2,4.0,0.0,0.0,0.6
107,3,5.0,0.0,0.0,0.40760183202748823
107,4,2.0,0.0,0.0,0.4162920712285151
107,5,3.0,0.0,0.0,0.506188904761806
108,0,5.0,0.0,0.0,0.47042565019858995
108,1,2.0,0.0,0.0,0.5994915417836008
108,2,4.0,0.0,0.0,0.6
108,3,5.0,0.0,0.0,0.40760183202748823
108,4,2.0,0.0,0.0,0.4162920712285151
108,5,3.0,0.0,0.0,0.506188904761806
109,0,6.0,0.0,0.0,0.47042565019858995
109,1,3.0,0.0,0.0,0.5994915417836008
109,2,4.0,0.0,0.0,0.6
109,3,5.0,0.0,0.0,0.40760183202748823
109,4,2.0,0.0,0.0,0.4162920712285151
109,5,4.0,0.0,0.0,0.506188904761806
110,0,6.0,0.0,0.0,0.47042565019858995
110,1,3.0,0.0,0.0,0.5994915417836008
110,2,5.0,0.0,0.0,0.6
110,3,5.0,0.0,0.0,0.40760183202748823
110,4,2.0,0.0,0.0,0.4162920712285151
110,5,4.0,0.0,0.0,0.506188904761806
111,0,5.0,0.0,0.0,0.47042565019858995
111,1,3.0,0.0,0.0,0.5994915417836008
111,2,4.0,0.0,0.0,0.6
111,3,5.0,0.0,0.0,0.40760183202748823
111,4,3.0,0.0,0.0,0.4162920712285151
111,5,4.0,0.0,0.0,0.506188904761806
112,0,6.0,0.0,0.0,0.47042565019858995
112,1,3.0,0.0,0.0,0.5994915417836008
112,2,6.0,0.0,0.0,0.6
112,3,5.0,0.0,0.0,0.40760183202748823
112,4,3.0,0.0,0.0,0.4162920712285151
112,5,4.0,0.0,0.0,0.506188904761806
113,0,6.0,0.0,0.0,0.47042565019858995
113,1,3.0,0.0,0.0,0.5994915417836008
113,2,7.0,0.0,0.0,0.6
113,3,5.0,0.0,0.0,0.40760183202748823
113,4,3.0,0.0,0.0,0.4162920712285151
113,5,4.0,0.0,0.0,0.506188904761806
114,0,6.0,0.0,0.0,0.47042565019858995
114,1,3.0,0.0,0.0,0.5994915417836008
114,2,7.0,0.0,0.0,0.6
114,3,5.0,0.0,0.0,0.40760183202748823
114,4,3.0,0.0,0.0,0.4162920712285151
114,5,4.0,0.0,0.0,0.506188904761806
115,0,6.0,0.0,0.0,0.47042565019858995
115,1,2.0,0.0,0.0,0.5994915417836008
115,2,7.0,0.0,0.0,0.6
115,3,5.0,0.0,0.0,0.40760183202748823
115,4,3.0,0.0,0.0,0.4162920712285151
115,5,4.0,0.0,0.0,0.506188904761806
116,0,6.0,0.0,0.0,0.47042565019858995
116,1,2.0,0.0,0.0,0.5994915417836008
116,2,7.0,0.0,0.0,0.6
116,3,5.0,0.0,0.0,0.40760183202748823
116,4,3.0,0.0,0.0,0.4162920712285151
116,5,4.0,0.0,0.0,0.506188904761806
117,0,5.0,0.0,0.0,0.47042565019858995
117,1,2.0,0.0,0.0,0.5994915417836008
117,2,6.0,0.0,0.0,0.6
117,3,5.0,0.0,0.0,0.40760183202748823
117,4,3.0,0.0,0.0,0.4162920712285151
117,5,3.0,0.0,0.0,0.506188904761806
118,0,5.0,0.0,0.0,0.47042565019858995
118,1,2.0,0.0,0.0,0.5994915417836008
118,2,6.0,0.0,0.0,0.6
118,3,5.0,0.0,0.0,0.40760183202748823
118,4,3.0,0.0,0.0,0.4162920712285151
118,5,4.0,0.0,0.0,0.506188904761806
119,0,6.0,0.0,0.0,0.47042565019858995
119,1,2.0,0.0,0.0,0.5994915417836008
119,2,7.0,0.0,0.0,0.6
119,3,5.0,0.0,0.0,0.40760183202748823
119,4,3.0,0.0,0.0,0.4162920712285151
119,5,4.0,0.0,0.0,0.506188904761806
120,0,6.0,0.0,0.0,0.47042565019858995
120,1,3.0,0.0,0.0,0.5994915417836008
120,2,6.0,0.0,0.0,0.6
120,3,5.0,0.0,0.0,0.40760183202748823
120,4,3.0,0.0,0.0,0.4162920712285151
120,5,4.0,0.0,0.0,0.506188904761806
121,0,6.0,0.0,0.0,0.47042565019858995
121,1,5.0,0.0,0.0,0.5994915417836008
121,2,6.0,0.0,0.0,0.6
121,3,5.0,0.0,0.0,0.40760183202748823
121,4,3.0,0.0,0.0,0.4162920712285151
121,5,5.0,0.0,0.0,0.506188904761806
122,0,6.0,0.0,0.0,0.47042565019858995
122,1,5.0,0.0,0.0,0.5994915417836008
122,2,5.0,0.0,0.0,0.6
122,3,5.0,0.0,0.0,0.40760183202748823
122,4,3.0,0.0,0.0,0.4162920712285151
122,5,5.0,0.0,0.0,0.506188904761806
123,0,6.0,0.0,0.0,0.47042565019858995
123,1,5.0,0.0,0.0,0.5994915417836008
123,2,5.0,0.0,0.0,0.6
123,3,5.0,0.0,0.0,0.40760183202748823
123,4,3.0,0.0,0.0,0.4162920712285151
123,5,6.0,0.0,0.0,0.506188904761806
124,0,6.0,0.0,0.0,0.47042565019858995
124,1,5.0,0.0,0.0,0.5994915417836008
124,2,5.0,0.0,0.0,0.6
124,3,4.0,0.0,0.0,0.40760183202748823
124,4,3.0,0.0,0.0,0.4162920712285151
124,5,5.0,0.0,0.0,0.506188904761806
125,0,6.0,0.0,0.0,0.47042565019858995
125,1,4.0,0.0,0.0,0.5994915417836008
125,2,5.0,0.0,0.0,0.6
125,3,4.0,0.0,0.0,0.40760183202748823
125,4,3.0,0.0,0.0,0.4162920712285151
125,5,5.0,0.0,0.0,0.506188904761806
126,0,6.0,0.0,0.0,0.47042565019858995
126,1,4.0,0.0,0.0,0.5994915417836008
126,2,5.0,0.0,0.0,0.6
126,3,4.0,0.0,0.0,0.40760183202748823
126,4,3.0,0.0,0.0,0.4162920712285151
126,5,5.0,0.0,0.0,0.506188904761806
127,0,6.0,0.0,0.0,0.47042565019858995
127,1,5.0,0.0,0.0,0.5994915417836008
127,2,5.0,0.0,0.0,0.6
127,3,4.0,0.0,0.0,0.40760183202748823
127,4,2.0,0.0,0.0,0.4162920712285151
127,5,5.0,0.0,0.0,0.506188904761806
128,0,6.0,0.0,0.0,0.47042565019858995
128,1,5.0,0.0,0.0,0.5994915417836008
128,2,6.0,0.0,0.0,0.6
128,3,4.0,0.0,0.0,0.40760183202748823
128,4,3.0,0.0,0.0,0.4162920712285151
128,5,5.0,0.0,0.0,0.506188904761806
129,0,6.0,0.0,0.0,0.47042565019858995
129,1,5.0,0.0,0.0,0.5994915417836008
129,2,6.0,0.0,0.0,0.6
129,3,3.0,0.0,0.0,0.40760183202748823
129,4,4.0,0.0,0.0,0.4162920712285151
129,5,5.0,0.0,0.0,0.506188904761806
130,0,5.0,0.0,0.0,0.47042565019858995
130,1,5.0,0.0,0.0,0.5994915417836008
130,2,7.0,0.0,0.0,0.6
130,3,4.0,0.0,0.0,0.40760183202748823
130,4,5.0,0.0,0.0,0.4162920712285151
130,5,5.0,0.0,0.0,0.506188904761806
131,0,5.0,0.0,0.0,0.47042565019858995
131,1,5.0,0.0,0.0,0.5994915417836008
131,2,7.0,0.0,0.0,0.6
131,3,5.0,0.0,0.0,0.40760183202748823
131,4,6.0,0.0,0.0,0.4162920712285151
131,5,4.0,0.0,0.0,0.506188904761806
132,0,4.0,0.0,0.0,0.47042565019858995
132,1,6.0,0.0,0.0,0.5994915417836008
132,2,8.0,0.0,0.0,0.6
132,3,5.0,0.0,0.0,0.40760183202748823
132,4,6.0,0.0,0.0,0.4162920712285151
132,5,4.0,0.0,0.0,0.506188904761806
133,0,3.0,0.0,0.0,0.47042565019858995
133,1,5.0,0.0,0.0,0.5994915417836008
133,2,8.0,0.0,0.0,0.6
133,3,5.0,0.0,0.0,0.40760183202748823
133,4,6.0,0.0,0.0,0.4162920712285151
133,5,3.0,0.0,0.0,0.506188904761806
134,0,4.0,0.0,0.0,0.47042565019858995
134,1,5.0,0.0,0.0,0.5994915417836008
134,2,8.0,0.0,0.0,0.6
134,3,5.0,0.0,0.0,0.40760183202748823
134,4,6.0,0.0,0.0,0.4162920712285151
134,5,3.0,0.0,0.0,0.506188904761806
135,0,4.0,0.0,0.0,0.47042565019858995
135,1,5.0,0.0,0.0,0.5994915417836008
135,2,9.0,0.0,0.0,0.6
135,3,5.0,0.0,0.0,0.40760183202748823
135,4,5.0,0.0,0.0,0.4162920712285151
135,5,3.0,0.0,0.0,0.506188904761806
136,0,3.0,0.0,0.0,0.47042565019858995
136,1,5.0,0.0,0.0,0.5994915417836008
136,2,7.0,0.0,0.0,0.6
136,3,4.0,0.0,0.0,0.40760183202748823
136,4,5.0,0.0,0.0,0.4162920712285151
136,5,3.0,0.0,0.0,0.506188904761806
137,0,3.0,0.0,0.0,0.47042565019858995
137,1,5.0,0.0,0.0,0.5994915417836008
137,2,6.0,0.0,0.0,0.6
137,3,4.0,0.0,0.0,0.40760183202748823
137,4,5.0,0.0,0.0,0.4162920712285151
137,5,3.0,0.0,0.0,0.506188904761806
138,0,4.0,0.0,0.0,0.47042565019858995
138,1,5.0,0.0,0.0,0.5994915417836008
138,2,6.0,0.0,0.0,0.6
138,3,4.0,0.0,0.0,0.40760183202748823
138,4,5.0,0.0,0.0,0.4162920712285151
138,5,3.0,0.0,0.0,0.506188904761806
139,0,4.0,0.0,0.0,0.47042565019858995
139,1,5.0,0.0,0.0,0.5994915417836008
139,2,6.0,0.0,0.0,0.6
139,3,4.0,0.0,0.0,0.40760183202748823
139,4,5.0,0.0,0.0,0.4162920712285151
139,5,3.0,0.0,0.0,0.506188904761806
140,0,4.0,0.0,0.0,0.47042565019858995
140,1,6.0,0.0,0.0,0.5994915417836008
140,2,6.0,0.0,0.0,0.6
140,3,4.0,0.0,0.0,0.40760183202748823
140,4,5.0,0.0,0.0,0.4162920712285151
140,5,3.0,0.0,0.0,0.506188904761806
141,0,4.0,0.0,0.0,0.47042565019858995
141,1,6.0,0.0,0.0,0.5994915417836008
141,2,6.0,0.0,0.0,0.6
141,3,4.0,0.0,0.0,0.40760183202748823
141,4,5.0,0.0,0.0,0.4162920712285151
141,5,3.0,0.0,0.0,0.506188904761806
142,0,4.0,0.0,0.0,0.47042565019858995
142,1,6.0,0.0,0.0,0.5994915417836008
142,2,6.0,0.0,0.0,0.6
142,3,5.0,0.0,0.0,0.40760183202748823
142,4,5.0,0.0,0.0,0.4162920712285151
142,5,2.0,0.0,0.0,0.506188904761806
143,0,3.0,0.0,0.0,0.47042565019858995
143,1,6.0,0.0,0.0,0.5994915417836008
143,2,5.0,0.0,0.0,0.6
143,3,5.0,0.0,0.0,0.40760183202748823
143,4,5.0,0.0,0.0,0.4162920712285151
143,5,2.0,0.0,0.0,0.506188904761806
144,0,2.0,0.0,0.0,0.47042565019858995
144,1,5.0,0.0,0.0,0.5994915417836008
144,2,5.0,0.0,0.0,0.6
144,3,5.0,0.0,0.0,0.40760183202748823
144,4,6.0,0.0,0.0,0.4162920712285151
144,5,2.0,0.0,0.0,0.506188904761806
145,0,2.0,0.0,0.0,0.47042565019858995
145,1,3.0,0.0,0.0,0.5994915417836008
145,2,6.0,0.0,0.0,0.6
145,3,5.0,0.0,0.0,0.40760183202748823
145,4,6.0,0.0,0.0,0.4162920712285151
145,5,1.0,0.0,0.0,0.506188904761806
146,0,2.0,0.0,0.0,0.47042565019858995
146,1,3.0,0.0,0.0,0.5994915417836008
146,2,6.0,0.0,0.0,0.6
146,3,5.0,0.0,0.0,0.40760183202748823
146,4,6.0,0.0,0.0,0.4162920712285151
146,5,1.0,0.0,0.0,0.506188904761806
147,0,3.0,0.0,0.0,0.47042565019858995
147,1,3.0,0.0,0.0,0.5994915417836008
147,2,6.0,0.0,0.0,0.6
147,3,5.0,0.0,0.0,0.40760183202748823
147,4,6.0,0.0,0.0,0.4162920712285151
147,5,0.0,0.0,0.0,0.506188904761806
148,0,3.0,0.0,0.0,0.47042565019858995
148,1,4.0,0.0,0.0,0.5994915417836008
148,2,6.0,0.0,0.0,0.6
148,3,5.0,0.0,0.0,0.40760183202748823
148,4,6.0,0.0,0.0,0.4162920712285151
148,5,0.0,0.0,0.0,0.506188904761806
149,0,3.0,0.0,0.0,0.47042565019858995
149,1,4.0,0.0,0.0,0.5994915417836008
149,2,6.0,0.0,0.0,0.6
149,3,6.0,0.0,0.0,0.40760183202748823
149,4,6.0,0.0,0.0,0.4162920712285151
149,5,1.0,0.0,0.0,0.506188904761806
150,0,3.0,0.0,0.0,0.47042565019858995
150,1,4.0,0.0,0.0,0.5994915417836008
150,2,6.0,0.0,0.0,0.6
150,3,6.0,0.0,0.0,0.40760183202748823
150,4,5.0,0.0,0.0,0.4162920712285151
150,5,1.0,0.0,0.0,0.506188904761806
151,0,3.0,0.0,0.0,0.47042565019858995
151,1,3.0,0.0,0.0,0.5994915417836008
151,2,6.0,0.0,0.0,0.6
151,3,7.0,0.0,0.0,0.40760183202748823
151,4,5.0,0.0,0.0,0.4162920712285151
151,5,1.0,0.0,0.0,0.506188904761806
152,0,3.0,0.0,0.0,0.47042565019858995
152,1,3.0,0.0,0.0,0.5994915417836008
152,2,5.0,0.0,0.0,0.6
152,3,7.0,0.0,0.0,0.40760183202748823
152,4,4.0,0.0,0.0,0.4162920712285151
152,5,1.0,0.0,0.0,0.506188904761806
153,0,4.0,0.0,0.0,0.47042565019858995
153,1,3.0,0.0,0.0,0.5994915417836008
153,2,5.0,0.0,0.0,0.6
153,3,7.0,0.0,0.0,0.40760183202748823
153,4,3.0,0.0,0.0,0.4162920712285151
153,5,1.0,0.0,0.0,0.506188904761806
154,0,4.0,0.0,0.0,0.47042565019858995
154,1,3.0,0.0,0.0,0.5994915417836008
154,2,4.0,0.0,0.0,0.6
154,3,6.0,0.0,0.0,0.40760183202748823
154,4,3.0,0.0,0.0,0.4162920712285151
154,5,2.0,0.0,0.0,0.506188904761806
155,0,4.0,0.0,0.0,0.47042565019858995
155,1,3.0,0.0,0.0,0.5994915417836008
155,2,4.0,0.0,0.0,0.6
155,3,6.0,0.0,0.0,0.40760183202748823
155,4,2.0,0.0,0.0,0.4162920712285151
155,5,2.0,0.0,0.0,0.506188904761806
156,0,4.0,0.0,0.0,0.47042565019858995
156,1,2.0,0.0,0.0,0.5994915417836008
156,2,3.0,0.0,0.0,0.6
156,3,5.0,0.0,0.0,0.40760183202748823
156,4,2.0,0.0,0.0,0.4162920712285151
156,5,2.0,0.0,0.0,0.506188904761806
157,0,4.0,0.0,0.0,0.47042565019858995
157,1,2.0,0.0,0.0,0.5994915417836008
157,2,3.0,0.0,0.0,0.6
157,3,5.0,0.0,0.0,0.40760183202748823
157,4,2.0,0.0,0.0,0.4162920712285151
157,5,2.0,0.0,0.0,0.506188904761806
158,0,3.0,0.0,0.0,0.47042565019858995
158,1,2.0,0.0,0.0,0.5994915417836008
158,2,4.0,0.0,0.0,0.6
158,3,5.0,0.0,0.0,0.40760183202748823
158,4,2.0,0.0,0.0,0.4162920712285151
158,5,2.0,0.0,0.0,0.506188904761806
159,0,4.0,0.0,0.0,0.47042565019858995
159,1,2.0,0.0,0.0,0.5994915417836008
159,2,4.0,0.0,0.0,0.6
159,3,6.0,0.0,0.0,0.40760183202748823
159,4,2.0,0.0,0.0,0.4162920712285151
159,5,2.0,0.0,0.0,0.506188904761806
160,0,6.0,0.0,0.0,0.47042565019858995
160,1,2.0,0.0,0.0,0.5994915417836008
160,2,4.0,0.0,0.0,0.6
160,3,6.0,0.0,0.0,0.40760183202748823
160,4,2.0,0.0,0.0,0.4162920712285151
160,5,2.0,0.0,0.0,0.506188904761806
161,0,6.0,0.0,0.0,0.47042565019858995
161,1,2.0,0.0,0.0,0.5994915417836008
161,2,4.0,0.0,0.0,0.6
161,3,6.0,0.0,0.0,0.40760183202748823
161,4,2.0,0.0,0.0,0.4162920712285151
161,5,2.0,0.0,0.0,0.506188904761806
162,0,5.0,0.0,0.0,0.47042565019858995
162,1,2.0,0.0,0.0,0.5994915417836008
162,2,5.0,0.0,0.0,0.6
162,3,7.0,0.0,0.0,0.40760183202748823
162,4,3.0,0.0,0.0,0.4162920712285151
162,5,2.0,0.0,0.0,0.506188904761806
163,0,5.0,0.0,0.0,0.47042565019858995
163,1,2.0,0.0,0.0,0.5994915417836008
163,2,5.0,0.0,0.0,0.6
163,3,7.0,0.0,0.0,0.40760183202748823
163,4,3.0,0.0,0.0,0.4162920712285151
163,5,2.0,0.0,0.0,0.506188904761806
