customer,capacity,seed,policy,domestic_capacity,active_customers
0,2,0,equal,2,6
1,2,0,equal,2,6
2,2,0,equal,2,6
3,2,0,equal,2,6
4,2,0,equal,2,6
5,2,0,equal,2,6
0,2,0,equal,2,3
1,2,0,equal,2,3
2,2,0,equal,2,3
3,2,0,equal,2,3
4,2,0,equal,2,3
5,2,0,equal,2,3
0,2,0,equal,2,1
1,2,0,equal,2,1
2,2,0,equal,2,1
3,2,0,equal,2,1
4,2,0,equal,2,1
5,2,0,equal,2,1
0,2,0,degree,2,6
1,2,0,degree,2,6
2,2,0,degree,2,6
3,2,0,degree,2,6
4,2,0,degree,2,6
5,2,0,degree,2,6
0,4,0,degree,2,3
1,4,0,degree,2,3
2,4,0,degree,2,3
3,0,0,degree,2,3
4,0,0,degree,2,3
5,0,0,degree,2,3
0,12,0,degree,2,1
1,0,0,degree,2,1
2,0,0,degree,2,1
3,0,0,degree,2,1
4,0,0,degree,2,1
5,0,0,degree,2,1
0,2,0,pooled,2,6
1,2,0,pooled,2,6
2,2,0,pooled,2,6
3,2,0,pooled,2,6
4,2,0,pooled,2,6
5,2,0,pooled,2,6
0,2,0,pooled,2,3
1,2,0,pooled,2,3
2,2,0,pooled,2,3
3,2,0,pooled,2,3
4,2,0,pooled,2,3
5,2,0,pooled,2,3
0,2,0,pooled,2,1
1,2,0,pooled,2,1
2,2,0,pooled,2,1
3,2,0,pooled,2,1
4,2,0,pooled,2,1
5,2,0,pooled,2,1
0,2,0,equal,6,6
1,2,0,equal,6,6
2,2,0,equal,6,6
3,2,0,equal,6,6
4,2,0,equal,6,6
5,2,0,equal,6,6
0,2,0,equal,6,3
1,2,0,equal,6,3
2,2,0,equal,6,3
3,2,0,equal,6,3
4,2,0,equal,6,3
5,2,0,equal,6,3
0,2,0,equal,6,1
1,2,0,equal,6,1
2,2,0,equal,6,1
3,2,0,equal,6,1
4,2,0,equal,6,1
5,2,0,equal,6,1
0,2,0,degree,6,6
1,2,0,degree,6,6
2,2,0,degree,6,6
3,2,0,degree,6,6
4,2,0,degree,6,6
5,2,0,degree,6,6
0,4,0,degree,6,3
1,4,0,degree,6,3
2,4,0,degree,6,3
3,0,0,degree,6,3
4,0,0,degree,6,3
5,0,0,degree,6,3
0,12,0,degree,6,1
1,0,0,degree,6,1
2,0,0,degree,6,1
3,0,0,degree,6,1
4,0,0,degree,6,1
5,0,0,degree,6,1
0,2,0,pooled,6,6
1,2,0,pooled,6,6
2,2,0,pooled,6,6
3,2,0,pooled,6,6
4,2,0,pooled,6,6
5,2,0,pooled,6,6
0,2,0,pooled,6,3
1,2,0,pooled,6,3
2,2,0,pooled,6,3
3,2,0,pooled,6,3
4,2,0,pooled,6,3
5,2,0,pooled,6,3
0,2,0,pooled,6,1
1,2,0,pooled,6,1
2,2,0,pooled,6,1
3,2,0,pooled,6,1
4,2,0,pooled,6,1
5,2,0,pooled,6,1
0,2,0,equal,12,6
1,2,0,equal,12,6
2,2,0,equal,12,6
3,2,0,equal,12,6
4,2,0,equal,12,6
5,2,0,equal,12,6
0,2,0,equal,12,3
1,2,0,equal,12,3
2,2,0,equal,12,3
3,2,0,equal,12,3
4,2,0,equal,12,3
5,2,0,equal,12,3
0,2,0,equal,12,1
1,2,0,equal,12,1
2,2,0,equal,12,1
3,2,0,equal,12,1
4,2,0,equal,12,1
5,2,0,equal,12,1
0,2,0,degree,12,6
1,2,0,degree,12,6
2,2,0,degree,12,6
3,2,0,degree,12,6
4,2,0,degree,12,6
5,2,0,degree,12,6
0,4,0,degree,12,3
1,4,0,degree,12,3
2,4,0,degree,12,3
3,0,0,degree,12,3
4,0,0,degree,12,3
5,0,0,degree,12,3
0,12,0,degree,12,1
1,0,0,degree,12,1
2,0,0,degree,12,1
3,0,0,degree,12,1
4,0,0,degree,12,1
5,0,0,degree,12,1
0,2,0,pooled,12,6
1,2,0,pooled,12,6
2,2,0,pooled,12,6
3,2,0,pooled,12,6
4,2,0,pooled,12,6
5,2,0,pooled,12,6
0,2,0,pooled,12,3
1,2,0,pooled,12,3
2,2,0,pooled,12,3
3,2,0,pooled,12,3
4,2,0,pooled,12,3
5,2,0,pooled,12,3
0,2,0,pooled,12,1
1,2,0,pooled,12,1
2,2,0,pooled,12,1
3,2,0,pooled,12,1
4,2,0,pooled,12,1
5,2,0,pooled,12,1
0,2,1,equal,2,6
1,2,1,equal,2,6
2,2,1,equal,2,6
3,2,1,equal,2,6
4,2,1,equal,2,6
5,2,1,equal,2,6
0,2,1,equal,2,3
1,2,1,equal,2,3
2,2,1,equal,2,3
3,2,1,equal,2,3
4,2,1,equal,2,3
5,2,1,equal,2,3
0,2,1,equal,2,1
1,2,1,equal,2,1
2,2,1,equal,2,1
3,2,1,equal,2,1
4,2,1,equal,2,1
5,2,1,equal,2,1
0,2,1,degree,2,6
1,2,1,degree,2,6
2,2,1,degree,2,6
3,2,1,degree,2,6
4,2,1,degree,2,6
5,2,1,degree,2,6
0,4,1,degree,2,3
1,4,1,degree,2,3
2,4,1,degree,2,3
3,0,1,degree,2,3
4,0,1,degree,2,3
5,0,1,degree,2,3
0,12,1,degree,2,1
1,0,1,degree,2,1
2,0,1,degree,2,1
3,0,1,degree,2,1
4,0,1,degree,2,1
5,0,1,degree,2,1
0,2,1,pooled,2,6
1,2,1,pooled,2,6
2,2,1,pooled,2,6
3,2,1,pooled,2,6
4,2,1,pooled,2,6
5,2,1,pooled,2,6
0,2,1,pooled,2,3
1,2,1,pooled,2,3
2,2,1,pooled,2,3
3,2,1,pooled,2,3
4,2,1,pooled,2,3
5,2,1,pooled,2,3
0,2,1,pooled,2,1
1,2,1,pooled,2,1
2,2,1,pooled,2,1
3,2,1,pooled,2,1
4,2,1,pooled,2,1
5,2,1,pooled,2,1
0,2,1,equal,6,6
1,2,1,equal,6,6
2,2,1,equal,6,6
3,2,1,equal,6,6
4,2,1,equal,6,6
5,2,1,equal,6,6
0,2,1,equal,6,3
1,2,1,equal,6,3
2,2,1,equal,6,3
3,2,1,equal,6,3
4,2,1,equal,6,3
5,2,1,equal,6,3
0,2,1,equal,6,1
1,2,1,equal,6,1
2,2,1,equal,6,1
3,2,1,equal,6,1
4,2,1,equal,6,1
5,2,1,equal,6,1
0,2,1,degree,6,6
1,2,1,degree,6,6
2,2,1,degree,6,6
3,2,1,degree,6,6
4,2,1,degree,6,6
5,2,1,degree,6,6
0,4,1,degree,6,3
1,4,1,degree,6,3
2,4,1,degree,6,3
3,0,1,degree,6,3
4,0,1,degree,6,3
5,0,1,degree,6,3
0,12,1,degree,6,1
1,0,1,degree,6,1
2,0,1,degree,6,1
3,0,1,degree,6,1
4,0,1,degree,6,1
5,0,1,degree,6,1
0,2,1,pooled,6,6
1,2,1,pooled,6,6
2,2,1,pooled,6,6
3,2,1,pooled,6,6
4,2,1,pooled,6,6
5,2,1,pooled,6,6
0,2,1,pooled,6,3
1,2,1,pooled,6,3
2,2,1,pooled,6,3
3,2,1,pooled,6,3
4,2,1,pooled,6,3
5,2,1,pooled,6,3
0,2,1,pooled,6,1
1,2,1,pooled,6,1
2,2,1,pooled,6,1
3,2,1,pooled,6,1
4,2,1,pooled,6,1
5,2,1,pooled,6,1
0,2,1,equal,12,6
1,2,1,equal,12,6
2,2,1,equal,12,6
3,2,1,equal,12,6
4,2,1,equal,12,6
5,2,1,equal,12,6
0,2,1,equal,12,3
1,2,1,equal,12,3
2,2,1,equal,12,3
3,2,1,equal,12,3
4,2,1,equal,12,3
5,2,1,equal,12,3
0,2,1,equal,12,1
1,2,1,equal,12,1
2,2,1,equal,12,1
3,2,1,equal,12,1
4,2,1,equal,12,1
5,2,1,equal,12,1
0,2,1,degree,12,6
1,2,1,degree,12,6
2,2,1,degree,12,6
3,2,1,degree,12,6
4,2,1,degree,12,6
5,2,1,degree,12,6
0,4,1,degree,12,3
1,4,1,degree,12,3
2,4,1,degree,12,3
3,0,1,degree,12,3
4,0,1,degree,12,3
5,0,1,degree,12,3
0,12,1,degree,12,1
1,0,1,degree,12,1
2,0,1,degree,12,1
3,0,1,degree,12,1
4,0,1,degree,12,1
5,0,1,degree,12,1
0,2,1,pooled,12,6
1,2,1,pooled,12,6
2,2,1,pooled,12,6
3,2,1,pooled,12,6
4,2,1,pooled,12,6
5,2,1,pooled,12,6
0,2,1,pooled,12,3
1,2,1,pooled,12,3
2,2,1,pooled,12,3
3,2,1,pooled,12,3
4,2,1,pooled,12,3
5,2,1,pooled,12,3
0,2,1,pooled,12,1
1,2,1,pooled,12,1
2,2,1,pooled,12,1
3,2,1,pooled,12,1
4,2,1,pooled,12,1
5,2,1,pooled,12,1
0,2,2,equal,2,6
1,2,2,equal,2,6
2,2,2,equal,2,6
3,2,2,equal,2,6
4,2,2,equal,2,6
5,2,2,equal,2,6
0,2,2,equal,2,3
1,2,2,equal,2,3
2,2,2,equal,2,3
3,2,2,equal,2,3
4,2,2,equal,2,3
5,2,2,equal,2,3
0,2,2,equal,2,1
1,2,2,equal,2,1
2,2,2,equal,2,1
3,2,2,equal,2,1
4,2,2,equal,2,1
5,2,2,equal,2,1
0,2,2,degree,2,6
1,2,2,degree,2,6
2,2,2,degree,2,6
3,2,2,degree,2,6
4,2,2,degree,2,6
5,2,2,degree,2,6
0,4,2,degree,2,3
1,4,2,degree,2,3
2,4,2,degree,2,3
3,0,2,degree,2,3
4,0,2,degree,2,3
5,0,2,degree,2,3
0,12,2,degree,2,1
1,0,2,degree,2,1
2,0,2,degree,2,1
3,0,2,degree,2,1
4,0,2,degree,2,1
5,0,2,degree,2,1
0,2,2,pooled,2,6
1,2,2,pooled,2,6
2,2,2,pooled,2,6
3,2,2,pooled,2,6
4,2,2,pooled,2,6
5,2,2,pooled,2,6
0,2,2,pooled,2,3
1,2,2,pooled,2,3
2,2,2,pooled,2,3
3,2,2,pooled,2,3
4,2,2,pooled,2,3
5,2,2,pooled,2,3
0,2,2,pooled,2,1
1,2,2,pooled,2,1
2,2,2,pooled,2,1
3,2,2,pooled,2,1
4,2,2,pooled,2,1
5,2,2,pooled,2,1
0,2,2,equal,6,6
1,2,2,equal,6,6
2,2,2,equal,6,6
3,2,2,equal,6,6
4,2,2,equal,6,6
5,2,2,equal,6,6
0,2,2,equal,6,3
1,2,2,equal,6,3
2,2,2,equal,6,3
3,2,2,equal,6,3
4,2,2,equal,6,3
5,2,2,equal,6,3
0,2,2,equal,6,1
1,2,2,equal,6,1
2,2,2,equal,6,1
3,2,2,equal,6,1
4,2,2,equal,6,1
5,2,2,equal,6,1
0,2,2,degree,6,6
1,2,2,degree,6,6
2,2,2,degree,6,6
3,2,2,degree,6,6
4,2,2,degree,6,6
5,2,2,degree,6,6
0,4,2,degree,6,3
1,4,2,degree,6,3
2,4,2,degree,6,3
3,0,2,degree,6,3
4,0,2,degree,6,3
5,0,2,degree,6,3
0,12,2,degree,6,1
1,0,2,degree,6,1
2,0,2,degree,6,1
3,0,2,degree,6,1
4,0,2,degree,6,1
5,0,2,degree,6,1
0,2,2,pooled,6,6
1,2,2,pooled,6,6
2,2,2,pooled,6,6
3,2,2,pooled,6,6
4,2,2,pooled,6,6
5,2,2,pooled,6,6
0,2,2,pooled,6,3
1,2,2,pooled,6,3
2,2,2,pooled,6,3
3,2,2,pooled,6,3
4,2,2,pooled,6,3
5,2,2,pooled,6,3
0,2,2,pooled,6,1
1,2,2,pooled,6,1
2,2,2,pooled,6,1
3,2,2,pooled,6,1
4,2,2,pooled,6,1
5,2,2,pooled,6,1
0,2,2,equal,12,6
1,2,2,equal,12,6
2,2,2,equal,12,6
3,2,2,equal,12,6
4,2,2,equal,12,6
5,2,2,equal,12,6
0,2,2,equal,12,3
1,2,2,equal,12,3
2,2,2,equal,12,3
3,2,2,equal,12,3
4,2,2,equal,12,3
5,2,2,equal,12,3
0,2,2,equal,12,1
1,2,2,equal,12,1
2,2,2,equal,12,1
3,2,2,equal,12,1
4,2,2,equal,12,1
5,2,2,equal,12,1
0,2,2,degree,12,6
1,2,2,degree,12,6
2,2,2,degree,12,6
3,2,2,degree,12,6
4,2,2,degree,12,6
5,2,2,degree,12,6
0,4,2,degree,12,3
1,4,2,degree,12,3
2,4,2,degree,12,3
3,0,2,degree,12,3
4,0,2,degree,12,3
5,0,2,degree,12,3
0,12,2,degree,12,1
1,0,2,degree,12,1
2,0,2,degree,12,1
3,0,2,degree,12,1
4,0,2,degree,12,1
5,0,2,degree,12,1
0,2,2,pooled,12,6
1,2,2,pooled,12,6
2,2,2,pooled,12,6
3,2,2,pooled,12,6
4,2,2,pooled,12,6
5,2,2,pooled,12,6
0,2,2,pooled,12,3
1,2,2,pooled,12,3
2,2,2,pooled,12,3
3,2,2,pooled,12,3
4,2,2,pooled,12,3
5,2,2,pooled,12,3
0,2,2,pooled,12,1
1,2,2,pooled,12,1
2,2,2,pooled,12,1
3,2,2,pooled,12,1
4,2,2,pooled,12,1
5,2,2,pooled,12,1
0,2,3,equal,2,6
1,2,3,equal,2,6
2,2,3,equal,2,6
3,2,3,equal,2,6
4,2,3,equal,2,6
5,2,3,equal,2,6
0,2,3,equal,2,3
1,2,3,equal,2,3
2,2,3,equal,2,3
3,2,3,equal,2,3
4,2,3,equal,2,3
5,2,3,equal,2,3
0,2,3,equal,2,1
1,2,3,equal,2,1
2,2,3,equal,2,1
3,2,3,equal,2,1
4,2,3,equal,2,1
5,2,3,equal,2,1
0,2,3,degree,2,6
1,2,3,degree,2,6
2,2,3,degree,2,6
3,2,3,degree,2,6
4,2,3,degree,2,6
5,2,3,degree,2,6
0,4,3,degree,2,3
1,4,3,degree,2,3
2,4,3,degree,2,3
3,0,3,degree,2,3
4,0,3,degree,2,3
5,0,3,degree,2,3
0,12,3,degree,2,1
1,0,3,degree,2,1
2,0,3,degree,2,1
3,0,3,degree,2,1
4,0,3,degree,2,1
5,0,3,degree,2,1
0,2,3,pooled,2,6
1,2,3,pooled,2,6
2,2,3,pooled,2,6
3,2,3,pooled,2,6
4,2,3,pooled,2,6
5,2,3,pooled,2,6
0,2,3,pooled,2,3
1,2,3,pooled,2,3
2,2,3,pooled,2,3
3,2,3,pooled,2,3
4,2,3,pooled,2,3
5,2,3,pooled,2,3
0,2,3,pooled,2,1
1,2,3,pooled,2,1
2,2,3,pooled,2,1
3,2,3,pooled,2,1
4,2,3,pooled,2,1
5,2,3,pooled,2,1
0,2,3,equal,6,6
1,2,3,equal,6,6
2,2,3,equal,6,6
3,2,3,equal,6,6
4,2,3,equal,6,6
5,2,3,equal,6,6
0,2,3,equal,6,3
1,2,3,equal,6,3
2,2,3,equal,6,3
3,2,3,equal,6,3
4,2,3,equal,6,3
5,2,3,equal,6,3
0,2,3,equal,6,1
1,2,3,equal,6,1
2,2,3,equal,6,1
3,2,3,equal,6,1
4,2,3,equal,6,1
5,2,3,equal,6,1
0,2,3,degree,6,6
1,2,3,degree,6,6
2,2,3,degree,6,6
3,2,3,degree,6,6
4,2,3,degree,6,6
5,2,3,degree,6,6
0,4,3,degree,6,3
1,4,3,degree,6,3
2,4,3,degree,6,3
3,0,3,degree,6,3
4,0,3,degree,6,3
5,0,3,degree,6,3
0,12,3,degree,6,1
1,0,3,degree,6,1
2,0,3,degree,6,1
3,0,3,degree,6,1
4,0,3,degree,6,1
5,0,3,degree,6,1
0,2,3,pooled,6,6
1,2,3,pooled,6,6
2,2,3,pooled,6,6
3,2,3,pooled,6,6
4,2,3,pooled,6,6
5,2,3,pooled,6,6
0,2,3,pooled,6,3
1,2,3,pooled,6,3
2,2,3,pooled,6,3
3,2,3,pooled,6,3
4,2,3,pooled,6,3
5,2,3,pooled,6,3
0,2,3,pooled,6,1
1,2,3,pooled,6,1
2,2,3,pooled,6,1
3,2,3,pooled,6,1
4,2,3,pooled,6,1
5,2,3,pooled,6,1
0,2,3,equal,12,6
1,2,3,equal,12,6
2,2,3,equal,12,6
3,2,3,equal,12,6
4,2,3,equal,12,6
5,2,3,equal,12,6
0,2,3,equal,12,3
1,2,3,equal,12,3
2,2,3,equal,12,3
3,2,3,equal,12,3
4,2,3,equal,12,3
5,2,3,equal,12,3
0,2,3,equal,12,1
1,2,3,equal,12,1
2,2,3,equal,12,1
3,2,3,equal,12,1
4,2,3,equal,12,1
5,2,3,equal,12,1
0,2,3,degree,12,6
1,2,3,degree,12,6
2,2,3,degree,12,6
3,2,3,degree,12,6
4,2,3,degree,12,6
5,2,3,degree,12,6
0,4,3,degree,12,3
1,4,3,degree,12,3
2,4,3,degree,12,3
3,0,3,degree,12,3
4,0,3,degree,12,3
5,0,3,degree,12,3
0,12,3,degree,12,1
1,0,3,degree,12,1
2,0,3,degree,12,1
3,0,3,degree,12,1
4,0,3,degree,12,1
5,0,3,degree,12,1
0,2,3,pooled,12,6
1,2,3,pooled,12,6
2,2,3,pooled,12,6
3,2,3,pooled,12,6
4,2,3,pooled,12,6
5,2,3,pooled,12,6
0,2,3,pooled,12,3
1,2,3,pooled,12,3
2,2,3,pooled,12,3
3,2,3,pooled,12,3
4,2,3,pooled,12,3
5,2,3,pooled,12,3
0,2,3,pooled,12,1
1,2,3,pooled,12,1
2,2,3,pooled,12,1
3,2,3,pooled,12,1
4,2,3,pooled,12,1
5,2,3,pooled,12,1
0,2,4,equal,2,6
1,2,4,equal,2,6
2,2,4,equal,2,6
3,2,4,equal,2,6
4,2,4,equal,2,6
5,2,4,equal,2,6
0,2,4,equal,2,3
1,2,4,equal,2,3
2,2,4,equal,2,3
3,2,4,equal,2,3
4,2,4,equal,2,3
5,2,4,equal,2,3
0,2,4,equal,2,1
1,2,4,equal,2,1
2,2,4,equal,2,1
3,2,4,equal,2,1
4,2,4,equal,2,1
5,2,4,equal,2,1
0,2,4,degree,2,6
1,2,4,degree,2,6
2,2,4,degree,2,6
3,2,4,degree,2,6
4,2,4,degree,2,6
5,2,4,degree,2,6
0,4,4,degree,2,3
1,4,4,degree,2,3
2,4,4,degree,2,3
3,0,4,degree,2,3
4,0,4,degree,2,3
5,0,4,degree,2,3
0,12,4,degree,2,1
1,0,4,degree,2,1
2,0,4,degree,2,1
3,0,4,degree,2,1
4,0,4,degree,2,1
5,0,4,degree,2,1
0,2,4,pooled,2,6
1,2,4,pooled,2,6
2,2,4,pooled,2,6
3,2,4,pooled,2,6
4,2,4,pooled,2,6
5,2,4,pooled,2,6
0,2,4,pooled,2,3
1,2,4,pooled,2,3
2,2,4,pooled,2,3
3,2,4,pooled,2,3
4,2,4,pooled,2,3
5,2,4,pooled,2,3
0,2,4,pooled,2,1
1,2,4,pooled,2,1
2,2,4,pooled,2,1
3,2,4,pooled,2,1
4,2,4,pooled,2,1
5,2,4,pooled,2,1
0,2,4,equal,6,6
1,2,4,equal,6,6
2,2,4,equal,6,6
3,2,4,equal,6,6
4,2,4,equal,6,6
5,2,4,equal,6,6
0,2,4,equal,6,3
1,2,4,equal,6,3
2,2,4,equal,6,3
3,2,4,equal,6,3
4,2,4,equal,6,3
5,2,4,equal,6,3
0,2,4,equal,6,1
1,2,4,equal,6,1
2,2,4,equal,6,1
3,2,4,equal,6,1
4,2,4,equal,6,1
5,2,4,equal,6,1
0,2,4,degree,6,6
1,2,4,degree,6,6
2,2,4,degree,6,6
3,2,4,degree,6,6
4,2,4,degree,6,6
5,2,4,degree,6,6
0,4,4,degree,6,3
1,4,4,degree,6,3
2,4,4,degree,6,3
3,0,4,degree,6,3
4,0,4,degree,6,3
5,0,4,degree,6,3
0,12,4,degree,6,1
1,0,4,degree,6,1
2,0,4,degree,6,1
3,0,4,degree,6,1
4,0,4,degree,6,1
5,0,4,degree,6,1
0,2,4,pooled,6,6
1,2,4,pooled,6,6
2,2,4,pooled,6,6
3,2,4,pooled,6,6
4,2,4,pooled,6,6
5,2,4,pooled,6,6
0,2,4,pooled,6,3
1,2,4,pooled,6,3
2,2,4,pooled,6,3
3,2,4,pooled,6,3
4,2,4,pooled,6,3
5,2,4,pooled,6,3
0,2,4,pooled,6,1
1,2,4,pooled,6,1
2,2,4,pooled,6,1
3,2,4,pooled,6,1
4,2,4,pooled,6,1
5,2,4,pooled,6,1
0,2,4,equal,12,6
1,2,4,equal,12,6
2,2,4,equal,12,6
3,2,4,equal,12,6
4,2,4,equal,12,6
5,2,4,equal,12,6
0,2,4,equal,12,3
1,2,4,equal,12,3
2,2,4,equal,12,3
3,2,4,equal,12,3
4,2,4,equal,12,3
5,2,4,equal,12,3
0,2,4,equal,12,1
1,2,4,equal,12,1
2,2,4,equal,12,1
3,2,4,equal,12,1
4,2,4,equal,12,1
5,2,4,equal,12,1
0,2,4,degree,12,6
1,2,4,degree,12,6
2,2,4,degree,12,6
3,2,4,degree,12,6
4,2,4,degree,12,6
5,2,4,degree,12,6
0,4,4,degree,12,3
1,4,4,degree,12,3
2,4,4,degree,12,3
3,0,4,degree,12,3
4,0,4,degree,12,3
5,0,4,degree,12,3
0,12,4,degree,12,1
1,0,4,degree,12,1
2,0,4,degree,12,1
3,0,4,degree,12,1
4,0,4,degree,12,1
5,0,4,degree,12,1
0,2,4,pooled,12,6
1,2,4,pooled,12,6
2,2,4,pooled,12,6
3,2,4,pooled,12,6
4,2,4,pooled,12,6
5,2,4,pooled,12,6
0,2,4,pooled,12,3
1,2,4,pooled,12,3
2,2,4,pooled,12,3
3,2,4,pooled,12,3
4,2,4,pooled,12,3
5,2,4,pooled,12,3
0,2,4,pooled,12,1
1,2,4,pooled,12,1
2,2,4,pooled,12,1
3,2,4,pooled,12,1
4,2,4,pooled,12,1
5,2,4,pooled,12,1
0,2,5,equal,2,6
1,2,5,equal,2,6
2,2,5,equal,2,6
3,2,5,equal,2,6
4,2,5,equal,2,6
5,2,5,equal,2,6
0,2,5,equal,2,3
1,2,5,equal,2,3
2,2,5,equal,2,3
3,2,5,equal,2,3
4,2,5,equal,2,3
5,2,5,equal,2,3
0,2,5,equal,2,1
1,2,5,equal,2,1
2,2,5,equal,2,1
3,2,5,equal,2,1
4,2,5,equal,2,1
5,2,5,equal,2,1
0,2,5,degree,2,6
1,2,5,degree,2,6
2,2,5,degree,2,6
3,2,5,degree,2,6
4,2,5,degree,2,6
5,2,5,degree,2,6
0,4,5,degree,2,3
1,4,5,degree,2,3
2,4,5,degree,2,3
3,0,5,degree,2,3
4,0,5,degree,2,3
5,0,5,degree,2,3
0,12,5,degree,2,1
1,0,5,degree,2,1
2,0,5,degree,2,1
3,0,5,degree,2,1
4,0,5,degree,2,1
5,0,5,degree,2,1
0,2,5,pooled,2,6
1,2,5,pooled,2,6
2,2,5,pooled,2,6
3,2,5,pooled,2,6
4,2,5,pooled,2,6
5,2,5,pooled,2,6
0,2,5,pooled,2,3
1,2,5,pooled,2,3
2,2,5,pooled,2,3
3,2,5,pooled,2,3
4,2,5,pooled,2,3
5,2,5,pooled,2,3
0,2,5,pooled,2,1
1,2,5,pooled,2,1
2,2,5,pooled,2,1
3,2,5,pooled,2,1
4,2,5,pooled,2,1
5,2,5,pooled,2,1
0,2,5,equal,6,6
1,2,5,equal,6,6
2,2,5,equal,6,6
3,2,5,equal,6,6
4,2,5,equal,6,6
5,2,5,equal,6,6
0,2,5,equal,6,3
1,2,5,equal,6,3
2,2,5,equal,6,3
3,2,5,equal,6,3
4,2,5,equal,6,3
5,2,5,equal,6,3
0,2,5,equal,6,1
1,2,5,equal,6,1
2,2,5,equal,6,1
3,2,5,equal,6,1
4,2,5,equal,6,1
5,2,5,equal,6,1
0,2,5,degree,6,6
1,2,5,degree,6,6
2,2,5,degree,6,6
3,2,5,degree,6,6
4,2,5,degree,6,6
5,2,5,degree,6,6
0,4,5,degree,6,3
1,4,5,degree,6,3
2,4,5,degree,6,3
3,0,5,degree,6,3
4,0,5,degree,6,3
5,0,5,degree,6,3
0,12,5,degree,6,1
1,0,5,degree,6,1
2,0,5,degree,6,1
3,0,5,degree,6,1
4,0,5,degree,6,1
5,0,5,degree,6,1
0,2,5,pooled,6,6
1,2,5,pooled,6,6
2,2,5,pooled,6,6
3,2,5,pooled,6,6
4,2,5,pooled,6,6
5,2,5,pooled,6,6
0,2,5,pooled,6,3
1,2,5,pooled,6,3
2,2,5,pooled,6,3
3,2,5,pooled,6,3
4,2,5,pooled,6,3
5,2,5,pooled,6,3
0,2,5,pooled,6,1
1,2,5,pooled,6,1
2,2,5,pooled,6,1
3,2,5,pooled,6,1
4,2,5,pooled,6,1
5,2,5,pooled,6,1
0,2,5,equal,12,6
1,2,5,equal,12,6
2,2,5,equal,12,6
3,2,5,equal,12,6
4,2,5,equal,12,6
5,2,5,equal,12,6
0,2,5,equal,12,3
1,2,5,equal,12,3
2,2,5,equal,12,3
3,2,5,equal,12,3
4,2,5,equal,12,3
5,2,5,equal,12,3
0,2,5,equal,12,1
1,2,5,equal,12,1
2,2,5,equal,12,1
3,2,5,equal,12,1
4,2,5,equal,12,1
5,2,5,equal,12,1
0,2,5,degree,12,6
1,2,5,degree,12,6
2,2,5,degree,12,6
3,2,5,degree,12,6
4,2,5,degree,12,6
5,2,5,degree,12,6
0,4,5,degree,12,3
1,4,5,degree,12,3
2,4,5,degree,12,3
3,0,5,degree,12,3
4,0,5,degree,12,3
5,0,5,degree,12,3
0,12,5,degree,12,1
1,0,5,degree,12,1
2,0,5,degree,12,1
3,0,5,degree,12,1
4,0,5,degree,12,1
5,0,5,degree,12,1
0,2,5,pooled,12,6
1,2,5,pooled,12,6
2,2,5,pooled,12,6
3,2,5,pooled,12,6
4,2,5,pooled,12,6
5,2,5,pooled,12,6
0,2,5,pooled,12,3
1,2,5,pooled,12,3
2,2,5,pooled,12,3
3,2,5,pooled,12,3
4,2,5,pooled,12,3
5,2,5,pooled,12,3
0,2,5,pooled,12,1
1,2,5,pooled,12,1
2,2,5,pooled,12,1
3,2,5,pooled,12,1
4,2,5,pooled,12,1
5,2,5,pooled,12,1
0,2,6,equal,2,6
1,2,6,equal,2,6
2,2,6,equal,2,6
3,2,6,equal,2,6
4,2,6,equal,2,6
5,2,6,equal,2,6
0,2,6,equal,2,3
1,2,6,equal,2,3
2,2,6,equal,2,3
3,2,6,equal,2,3
4,2,6,equal,2,3
5,2,6,equal,2,3
0,2,6,equal,2,1
1,2,6,equal,2,1
2,2,6,equal,2,1
3,2,6,equal,2,1
4,2,6,equal,2,1
5,2,6,equal,2,1
0,2,6,degree,2,6
1,2,6,degree,2,6
2,2,6,degree,2,6
3,2,6,degree,2,6
4,2,6,degree,2,6
5,2,6,degree,2,6
0,4,6,degree,2,3
1,4,6,degree,2,3
2,4,6,degree,2,3
3,0,6,degree,2,3
4,0,6,degree,2,3
5,0,6,degree,2,3
0,12,6,degree,2,1
1,0,6,degree,2,1
2,0,6,degree,2,1
3,0,6,degree,2,1
4,0,6,degree,2,1
5,0,6,degree,2,1
0,2,6,pooled,2,6
1,2,6,pooled,2,6
2,2,6,pooled,2,6
3,2,6,pooled,2,6
4,2,6,pooled,2,6
5,2,6,pooled,2,6
0,2,6,pooled,2,3
1,2,6,pooled,2,3
2,2,6,pooled,2,3
3,2,6,pooled,2,3
4,2,6,pooled,2,3
5,2,6,pooled,2,3
0,2,6,pooled,2,1
1,2,6,pooled,2,1
2,2,6,pooled,2,1
3,2,6,pooled,2,1
4,2,6,pooled,2,1
5,2,6,pooled,2,1
0,2,6,equal,6,6
1,2,6,equal,6,6
2,2,6,equal,6,6
3,2,6,equal,6,6
4,2,6,equal,6,6
5,2,6,equal,6,6
0,2,6,equal,6,3
1,2,6,equal,6,3
2,2,6,equal,6,3
3,2,6,equal,6,3
4,2,6,equal,6,3
5,2,6,equal,6,3
0,2,6,equal,6,1
1,2,6,equal,6,1
2,2,6,equal,6,1
3,2,6,equal,6,1
4,2,6,equal,6,1
5,2,6,equal,6,1
0,2,6,degree,6,6
1,2,6,degree,6,6
2,2,6,degree,6,6
3,2,6,degree,6,6
4,2,6,degree,6,6
5,2,6,degree,6,6
0,4,6,degree,6,3
1,4,6,degree,6,3
2,4,6,degree,6,3
3,0,6,degree,6,3
4,0,6,degree,6,3
5,0,6,degree,6,3
0,12,6,degree,6,1
1,0,6,degree,6,1
2,0,6,degree,6,1
3,0,6,degree,6,1
4,0,6,degree,6,1
5,0,6,degree,6,1
0,2,6,pooled,6,6
1,2,6,pooled,6,6
2,2,6,pooled,6,6
3,2,6,pooled,6,6
4,2,6,pooled,6,6
5,2,6,pooled,6,6
0,2,6,pooled,6,3
1,2,6,pooled,6,3
2,2,6,pooled,6,3
3,2,6,pooled,6,3
4,2,6,pooled,6,3
5,2,6,pooled,6,3
0,2,6,pooled,6,1
1,2,6,pooled,6,1
2,2,6,pooled,6,1
3,2,6,pooled,6,1
4,2,6,pooled,6,1
5,2,6,pooled,6,1
0,2,6,equal,12,6
1,2,6,equal,12,6
2,2,6,equal,12,6
3,2,6,equal,12,6
4,2,6,equal,12,6
5,2,6,equal,12,6
0,2,6,equal,12,3
1,2,6,equal,12,3
2,2,6,equal,12,3
3,2,6,equal,12,3
4,2,6,equal,12,3
5,2,6,equal,12,3
0,2,6,equal,12,1
1,2,6,equal,12,1
2,2,6,equal,12,1
3,2,6,equal,12,1
4,2,6,equal,12,1
5,2,6,equal,12,1
0,2,6,degree,12,6
1,2,6,degree,12,6
2,2,6,degree,12,6
3,2,6,degree,12,6
4,2,6,degree,12,6
5,2,6,degree,12,6
0,4,6,degree,12,3
1,4,6,degree,12,3
2,4,6,degree,12,3
3,0,6,degree,12,3
4,0,6,degree,12,3
5,0,6,degree,12,3
0,12,6,degree,12,1
1,0,6,degree,12,1
2,0,6,degree,12,1
3,0,6,degree,12,1
4,0,6,degree,12,1
5,0,6,degree,12,1
0,2,6,pooled,12,6
1,2,6,pooled,12,6
2,2,6,pooled,12,6
3,2,6,pooled,12,6
4,2,6,pooled,12,6
5,2,6,pooled,12,6
0,2,6,pooled,12,3
1,2,6,pooled,12,3
2,2,6,pooled,12,3
3,2,6,pooled,12,3
4,2,6,pooled,12,3
5,2,6,pooled,12,3
0,2,6,pooled,12,1
1,2,6,pooled,12,1
2,2,6,pooled,12,1
3,2,6,pooled,12,1
4,2,6,pooled,12,1
5,2,6,pooled,12,1
0,2,7,equal,2,6
1,2,7,equal,2,6
2,2,7,equal,2,6
3,2,7,equal,2,6
4,2,7,equal,2,6
5,2,7,equal,2,6
0,2,7,equal,2,3
1,2,7,equal,2,3
2,2,7,equal,2,3
3,2,7,equal,2,3
4,2,7,equal,2,3
5,2,7,equal,2,3
0,2,7,equal,2,1
1,2,7,equal,2,1
2,2,7,equal,2,1
3,2,7,equal,2,1
4,2,7,equal,2,1
5,2,7,equal,2,1
0,2,7,degree,2,6
1,2,7,degree,2,6
2,2,7,degree,2,6
3,2,7,degree,2,6
4,2,7,degree,2,6
5,2,7,degree,2,6
0,4,7,degree,2,3
1,4,7,degree,2,3
2,4,7,degree,2,3
3,0,7,degree,2,3
4,0,7,degree,2,3
5,0,7,degree,2,3
0,12,7,degree,2,1
1,0,7,degree,2,1
2,0,7,degree,2,1
3,0,7,degree,2,1
4,0,7,degree,2,1
5,0,7,degree,2,1
0,2,7,pooled,2,6
1,2,7,pooled,2,6
2,2,7,pooled,2,6
3,2,7,pooled,2,6
4,2,7,pooled,2,6
5,2,7,pooled,2,6
0,2,7,pooled,2,3
1,2,7,pooled,2,3
2,2,7,pooled,2,3
3,2,7,pooled,2,3
4,2,7,pooled,2,3
5,2,7,pooled,2,3
0,2,7,pooled,2,1
1,2,7,pooled,2,1
2,2,7,pooled,2,1
3,2,7,pooled,2,1
4,2,7,pooled,2,1
5,2,7,pooled,2,1
0,2,7,equal,6,6
1,2,7,equal,6,6
2,2,7,equal,6,6
3,2,7,equal,6,6
4,2,7,equal,6,6
5,2,7,equal,6,6
0,2,7,equal,6,3
1,2,7,equal,6,3
2,2,7,equal,6,3
3,2,7,equal,6,3
4,2,7,equal,6,3
5,2,7,equal,6,3
0,2,7,equal,6,1
1,2,7,equal,6,1
2,2,7,equal,6,1
3,2,7,equal,6,1
4,2,7,equal,6,1
5,2,7,equal,6,1
0,2,7,degree,6,6
1,2,7,degree,6,6
2,2,7,degree,6,6
3,2,7,degree,6,6
4,2,7,degree,6,6
5,2,7,degree,6,6
0,4,7,degree,6,3
1,4,7,degree,6,3
2,4,7,degree,6,3
3,0,7,degree,6,3
4,0,7,degree,6,3
5,0,7,degree,6,3
0,12,7,degree,6,1
1,0,7,degree,6,1
2,0,7,degree,6,1
3,0,7,degree,6,1
4,0,7,degree,6,1
5,0,7,degree,6,1
0,2,7,pooled,6,6
1,2,7,pooled,6,6
2,2,7,pooled,6,6
3,2,7,pooled,6,6
4,2,7,pooled,6,6
5,2,7,pooled,6,6
0,2,7,pooled,6,3
1,2,7,pooled,6,3
2,2,7,pooled,6,3
3,2,7,pooled,6,3
4,2,7,pooled,6,3
5,2,7,pooled,6,3
0,2,7,pooled,6,1
1,2,7,pooled,6,1
2,2,7,pooled,6,1
3,2,7,pooled,6,1
4,2,7,pooled,6,1
5,2,7,pooled,6,1
0,2,7,equal,12,6
1,2,7,equal,12,6
2,2,7,equal,12,6
3,2,7,equal,12,6
4,2,7,equal,12,6
5,2,7,equal,12,6
0,2,7,equal,12,3
1,2,7,equal,12,3
2,2,7,equal,12,3
3,2,7,equal,12,3
4,2,7,equal,12,3
5,2,7,equal,12,3
0,2,7,equal,12,1
1,2,7,equal,12,1
2,2,7,equal,12,1
3,2,7,equal,12,1
4,2,7,equal,12,1
5,2,7,equal,12,1
0,2,7,degree,12,6
1,2,7,degree,12,6
2,2,7,degree,12,6
3,2,7,degree,12,6
4,2,7,degree,12,6
5,2,7,degree,12,6
0,4,7,degree,12,3
1,4,7,degree,12,3
2,4,7,degree,12,3
3,0,7,degree,12,3
4,0,7,degree,12,3
5,0,7,degree,12,3
0,12,7,degree,12,1
1,0,7,degree,12,1
2,0,7,degree,12,1
3,0,7,degree,12,1
4,0,7,degree,12,1
5,0,7,degree,12,1
0,2,7,pooled,12,6
1,2,7,pooled,12,6
2,2,7,pooled,12,6
3,2,7,pooled,12,6
4,2,7,pooled,12,6
5,2,7,pooled,12,6
0,2,7,pooled,12,3
1,2,7,pooled,12,3
2,2,7,pooled,12,3
3,2,7,pooled,12,3
4,2,7,pooled,12,3
5,2,7,pooled,12,3
0,2,7,pooled,12,1
1,2,7,pooled,12,1
2,2,7,pooled,12,1
3,2,7,pooled,12,1
4,2,7,pooled,12,1
5,2,7,pooled,12,1
0,2,8,equal,2,6
1,2,8,equal,2,6
2,2,8,equal,2,6
3,2,8,equal,2,6
4,2,8,equal,2,6
5,2,8,equal,2,6
0,2,8,equal,2,3
1,2,8,equal,2,3
2,2,8,equal,2,3
3,2,8,equal,2,3
4,2,8,equal,2,3
5,2,8,equal,2,3
0,2,8,equal,2,1
1,2,8,equal,2,1
2,2,8,equal,2,1
3,2,8,equal,2,1
4,2,8,equal,2,1
5,2,8,equal,2,1
0,2,8,degree,2,6
1,2,8,degree,2,6
2,2,8,degree,2,6
3,2,8,degree,2,6
4,2,8,degree,2,6
5,2,8,degree,2,6
0,4,8,degree,2,3
1,4,8,degree,2,3
2,4,8,degree,2,3
3,0,8,degree,2,3
4,0,8,degree,2,3
5,0,8,degree,2,3
0,12,8,degree,2,1
1,0,8,degree,2,1
2,0,8,degree,2,1
3,0,8,degree,2,1
4,0,8,degree,2,1
5,0,8,degree,2,1
0,2,8,pooled,2,6
1,2,8,pooled,2,6
2,2,8,pooled,2,6
3,2,8,pooled,2,6
4,2,8,pooled,2,6
5,2,8,pooled,2,6
0,2,8,pooled,2,3
1,2,8,pooled,2,3
2,2,8,pooled,2,3
3,2,8,pooled,2,3
4,2,8,pooled,2,3
5,2,8,pooled,2,3
0,2,8,pooled,2,1
1,2,8,pooled,2,1
2,2,8,pooled,2,1
3,2,8,pooled,2,1
4,2,8,pooled,2,1
5,2,8,pooled,2,1
0,2,8,equal,6,6
1,2,8,equal,6,6
2,2,8,equal,6,6
3,2,8,equal,6,6
4,2,8,equal,6,6
5,2,8,equal,6,6
0,2,8,equal,6,3
1,2,8,equal,6,3
2,2,8,equal,6,3
3,2,8,equal,6,3
4,2,8,equal,6,3
5,2,8,equal,6,3
0,2,8,equal,6,1
1,2,8,equal,6,1
2,2,8,equal,6,1
3,2,8,equal,6,1
4,2,8,equal,6,1
5,2,8,equal,6,1
0,2,8,degree,6,6
1,2,8,degree,6,6
2,2,8,degree,6,6
3,2,8,degree,6,6
4,2,8,degree,6,6
5,2,8,degree,6,6
0,4,8,degree,6,3
1,4,8,degree,6,3
2,4,8,degree,6,3
3,0,8,degree,6,3
4,0,8,degree,6,3
5,0,8,degree,6,3
0,12,8,degree,6,1
1,0,8,degree,6,1
2,0,8,degree,6,1
3,0,8,degree,6,1
4,0,8,degree,6,1
5,0,8,degree,6,1
0,2,8,pooled,6,6
1,2,8,pooled,6,6
2,2,8,pooled,6,6
3,2,8,pooled,6,6
4,2,8,pooled,6,6
5,2,8,pooled,6,6
0,2,8,pooled,6,3
1,2,8,pooled,6,3
2,2,8,pooled,6,3
3,2,8,pooled,6,3
4,2,8,pooled,6,3
5,2,8,pooled,6,3
0,2,8,pooled,6,1
1,2,8,pooled,6,1
2,2,8,pooled,6,1
3,2,8,pooled,6,1
4,2,8,pooled,6,1
5,2,8,pooled,6,1
0,2,8,equal,12,6
1,2,8,equal,12,6
2,2,8,equal,12,6
3,2,8,equal,12,6
4,2,8,equal,12,6
5,2,8,equal,12,6
0,2,8,equal,12,3
1,2,8,equal,12,3
2,2,8,equal,12,3
3,2,8,equal,12,3
4,2,8,equal,12,3
5,2,8,equal,12,3
0,2,8,equal,12,1
1,2,8,equal,12,1
2,2,8,equal,12,1
3,2,8,equal,12,1
4,2,8,equal,12,1
5,2,8,equal,12,1
0,2,8,degree,12,6
1,2,8,degree,12,6
2,2,8,degree,12,6
3,2,8,degree,12,6
4,2,8,degree,12,6
5,2,8,degree,12,6
0,4,8,degree,12,3
1,4,8,degree,12,3
2,4,8,degree,12,3
3,0,8,degree,12,3
4,0,8,degree,12,3
5,0,8,degree,12,3
0,12,8,degree,12,1
1,0,8,degree,12,1
2,0,8,degree,12,1
3,0,8,degree,12,1
4,0,8,degree,12,1
5,0,8,degree,12,1
0,2,8,pooled,12,6
1,2,8,pooled,12,6
2,2,8,pooled,12,6
3,2,8,pooled,12,6
4,2,8,pooled,12,6
5,2,8,pooled,12,6
0,2,8,pooled,12,3
1,2,8,pooled,12,3
2,2,8,pooled,12,3
3,2,8,pooled,12,3
4,2,8,pooled,12,3
5,2,8,pooled,12,3
0,2,8,pooled,12,1
1,2,8,pooled,12,1
2,2,8,pooled,12,1
3,2,8,pooled,12,1
4,2,8,pooled,12,1
5,2,8,pooled,12,1
0,2,9,equal,2,6
1,2,9,equal,2,6
2,2,9,equal,2,6
3,2,9,equal,2,6
4,2,9,equal,2,6
5,2,9,equal,2,6
0,2,9,equal,2,3
1,2,9,equal,2,3
2,2,9,equal,2,3
3,2,9,equal,2,3
4,2,9,equal,2,3
5,2,9,equal,2,3
0,2,9,equal,2,1
1,2,9,equal,2,1
2,2,9,equal,2,1
3,2,9,equal,2,1
4,2,9,equal,2,1
5,2,9,equal,2,1
0,2,9,degree,2,6
1,2,9,degree,2,6
2,2,9,degree,2,6
3,2,9,degree,2,6
4,2,9,degree,2,6
5,2,9,degree,2,6
0,4,9,degree,2,3
1,4,9,degree,2,3
2,4,9,degree,2,3
3,0,9,degree,2,3
4,0,9,degree,2,3
5,0,9,degree,2,3
0,12,9,degree,2,1
1,0,9,degree,2,1
2,0,9,degree,2,1
3,0,9,degree,2,1
4,0,9,degree,2,1
5,0,9,degree,2,1
0,2,9,pooled,2,6
1,2,9,pooled,2,6
2,2,9,pooled,2,6
3,2,9,pooled,2,6
4,2,9,pooled,2,6
5,2,9,pooled,2,6
0,2,9,pooled,2,3
1,2,9,pooled,2,3
2,2,9,pooled,2,3
3,2,9,pooled,2,3
4,2,9,pooled,2,3
5,2,9,pooled,2,3
0,2,9,pooled,2,1
1,2,9,pooled,2,1
2,2,9,pooled,2,1
3,2,9,pooled,2,1
4,2,9,pooled,2,1
5,2,9,pooled,2,1
0,2,9,equal,6,6
1,2,9,equal,6,6
2,2,9,equal,6,6
3,2,9,equal,6,6
4,2,9,equal,6,6
5,2,9,equal,6,6
0,2,9,equal,6,3
1,2,9,equal,6,3
2,2,9,equal,6,3
3,2,9,equal,6,3
4,2,9,equal,6,3
5,2,9,equal,6,3
0,2,9,equal,6,1
1,2,9,equal,6,1
2,2,9,equal,6,1
3,2,9,equal,6,1
4,2,9,equal,6,1
5,2,9,equal,6,1
0,2,9,degree,6,6
1,2,9,degree,6,6
2,2,9,degree,6,6
3,2,9,degree,6,6
4,2,9,degree,6,6
5,2,9,degree,6,6
0,4,9,degree,6,3
1,4,9,degree,6,3
2,4,9,degree,6,3
3,0,9,degree,6,3
4,0,9,degree,6,3
5,0,9,degree,6,3
0,12,9,degree,6,1
1,0,9,degree,6,1
2,0,9,degree,6,1
3,0,9,degree,6,1
4,0,9,degree,6,1
5,0,9,degree,6,1
0,2,9,pooled,6,6
1,2,9,pooled,6,6
2,2,9,pooled,6,6
3,2,9,pooled,6,6
4,2,9,pooled,6,6
5,2,9,pooled,6,6
0,2,9,pooled,6,3
1,2,9,pooled,6,3
2,2,9,pooled,6,3
3,2,9,pooled,6,3
4,2,9,pooled,6,3
5,2,9,pooled,6,3
0,2,9,pooled,6,1
1,2,9,pooled,6,1
2,2,9,pooled,6,1
3,2,9,pooled,6,1
4,2,9,pooled,6,1
5,2,9,pooled,6,1
0,2,9,equal,12,6
1,2,9,equal,12,6
2,2,9,equal,12,6
3,2,9,equal,12,6
4,2,9,equal,12,6
5,2,9,equal,12,6
0,2,9,equal,12,3
1,2,9,equal,12,3
2,2,9,equal,12,3
3,2,9,equal,12,3
4,2,9,equal,12,3
5,2,9,equal,12,3
0,2,9,equal,12,1
1,2,9,equal,12,1
2,2,9,equal,12,1
3,2,9,equal,12,1
4,2,9,equal,12,1
5,2,9,equal,12,1
0,2,9,degree,12,6
1,2,9,degree,12,6
2,2,9,degree,12,6
3,2,9,degree,12,6
4,2,9,degree,12,6
5,2,9,degree,12,6
0,4,9,degree,12,3
1,4,9,degree,12,3
2,4,9,degree,12,3
3,0,9,degree,12,3
4,0,9,degree,12,3
5,0,9,degree,12,3
0,12,9,degree,12,1
1,0,9,degree,12,1
2,0,9,degree,12,1
3,0,9,degree,12,1
4,0,9,degree,12,1
5,0,9,degree,12,1
0,2,9,pooled,12,6
1,2,9,pooled,12,6
2,2,9,pooled,12,6
3,2,9,pooled,12,6
4,2,9,pooled,12,6
5,2,9,pooled,12,6
0,2,9,pooled,12,3
1,2,9,pooled,12,3
2,2,9,pooled,12,3
3,2,9,pooled,12,3
4,2,9,pooled,12,3
5,2,9,pooled,12,3
0,2,9,pooled,12,1
1,2,9,pooled,12,1
2,2,9,pooled,12,1
3,2,9,pooled,12,1
4,2,9,pooled,12,1
5,2,9,pooled,12,1
0,2,10,equal,2,6
1,2,10,equal,2,6
2,2,10,equal,2,6
3,2,10,equal,2,6
4,2,10,equal,2,6
5,2,10,equal,2,6
0,2,10,equal,2,3
1,2,10,equal,2,3
2,2,10,equal,2,3
3,2,10,equal,2,3
4,2,10,equal,2,3
5,2,10,equal,2,3
0,2,10,equal,2,1
1,2,10,equal,2,1
2,2,10,equal,2,1
3,2,10,equal,2,1
4,2,10,equal,2,1
5,2,10,equal,2,1
0,2,10,degree,2,6
1,2,10,degree,2,6
2,2,10,degree,2,6
3,2,10,degree,2,6
4,2,10,degree,2,6
5,2,10,degree,2,6
0,4,10,degree,2,3
1,4,10,degree,2,3
2,4,10,degree,2,3
3,0,10,degree,2,3
4,0,10,degree,2,3
5,0,10,degree,2,3
0,12,10,degree,2,1
1,0,10,degree,2,1
2,0,10,degree,2,1
3,0,10,degree,2,1
4,0,10,degree,2,1
5,0,10,degree,2,1
0,2,10,pooled,2,6
1,2,10,pooled,2,6
2,2,10,pooled,2,6
3,2,10,pooled,2,6
4,2,10,pooled,2,6
5,2,10,pooled,2,6
0,2,10,pooled,2,3
1,2,10,pooled,2,3
2,2,10,pooled,2,3
3,2,10,pooled,2,3
4,2,10,pooled,2,3
5,2,10,pooled,2,3
0,2,10,pooled,2,1
1,2,10,pooled,2,1
2,2,10,pooled,2,1
3,2,10,pooled,2,1
4,2,10,pooled,2,1
5,2,10,pooled,2,1
0,2,10,equal,6,6
1,2,10,equal,6,6
2,2,10,equal,6,6
3,2,10,equal,6,6
4,2,10,equal,6,6
5,2,10,equal,6,6
0,2,10,equal,6,3
1,2,10,equal,6,3
2,2,10,equal,6,3
3,2,10,equal,6,3
4,2,10,equal,6,3
5,2,10,equal,6,3
0,2,10,equal,6,1
1,2,10,equal,6,1
2,2,10,equal,6,1
3,2,10,equal,6,1
4,2,10,equal,6,1
5,2,10,equal,6,1
0,2,10,degree,6,6
1,2,10,degree,6,6
2,2,10,degree,6,6
3,2,10,degree,6,6
4,2,10,degree,6,6
5,2,10,degree,6,6
0,4,10,degree,6,3
1,4,10,degree,6,3
2,4,10,degree,6,3
3,0,10,degree,6,3
4,0,10,degree,6,3
5,0,10,degree,6,3
0,12,10,degree,6,1
1,0,10,degree,6,1
2,0,10,degree,6,1
3,0,10,degree,6,1
4,0,10,degree,6,1
5,0,10,degree,6,1
0,2,10,pooled,6,6
1,2,10,pooled,6,6
2,2,10,pooled,6,6
3,2,10,pooled,6,6
4,2,10,pooled,6,6
5,2,10,pooled,6,6
0,2,10,pooled,6,3
1,2,10,pooled,6,3
2,2,10,pooled,6,3
3,2,10,pooled,6,3
4,2,10,pooled,6,3
5,2,10,pooled,6,3
0,2,10,pooled,6,1
1,2,10,pooled,6,1
2,2,10,pooled,6,1
3,2,10,pooled,6,1
4,2,10,pooled,6,1
5,2,10,pooled,6,1
0,2,10,equal,12,6
1,2,10,equal,12,6
2,2,10,equal,12,6
3,2,10,equal,12,6
4,2,10,equal,12,6
5,2,10,equal,12,6
0,2,10,equal,12,3
1,2,10,equal,12,3
2,2,10,equal,12,3
3,2,10,equal,12,3
4,2,10,equal,12,3
5,2,10,equal,12,3
0,2,10,equal,12,1
1,2,10,equal,12,1
2,2,10,equal,12,1
3,2,10,equal,12,1
4,2,10,equal,12,1
5,2,10,equal,12,1
0,2,10,degree,12,6
1,2,10,degree,12,6
2,2,10,degree,12,6
3,2,10,degree,12,6
4,2,10,degree,12,6
5,2,10,degree,12,6
0,4,10,degree,12,3
1,4,10,degree,12,3
2,4,10,degree,12,3
3,0,10,degree,12,3
4,0,10,degree,12,3
5,0,10,degree,12,3
0,12,10,degree,12,1
1,0,10,degree,12,1
2,0,10,degree,12,1
3,0,10,degree,12,1
4,0,10,degree,12,1
5,0,10,degree,12,1
0,2,10,pooled,12,6
1,2,10,pooled,12,6
2,2,10,pooled,12,6
3,2,10,pooled,12,6
4,2,10,pooled,12,6
5,2,10,pooled,12,6
0,2,10,pooled,12,3
1,2,10,pooled,12,3
2,2,10,pooled,12,3
3,2,10,pooled,12,3
4,2,10,pooled,12,3
5,2,10,pooled,12,3
0,2,10,pooled,12,1
1,2,10,pooled,12,1
2,2,10,pooled,12,1
3,2,10,pooled,12,1
4,2,10,pooled,12,1
5,2,10,pooled,12,1
0,2,11,equal,2,6
1,2,11,equal,2,6
2,2,11,equal,2,6
3,2,11,equal,2,6
4,2,11,equal,2,6
5,2,11,equal,2,6
0,2,11,equal,2,3
1,2,11,equal,2,3
2,2,11,equal,2,3
3,2,11,equal,2,3
4,2,11,equal,2,3
5,2,11,equal,2,3
0,2,11,equal,2,1
1,2,11,equal,2,1
2,2,11,equal,2,1
3,2,11,equal,2,1
4,2,11,equal,2,1
5,2,11,equal,2,1
0,2,11,degree,2,6
1,2,11,degree,2,6
2,2,11,degree,2,6
3,2,11,degree,2,6
4,2,11,degree,2,6
5,2,11,degree,2,6
0,4,11,degree,2,3
1,4,11,degree,2,3
2,4,11,degree,2,3
3,0,11,degree,2,3
4,0,11,degree,2,3
5,0,11,degree,2,3
0,12,11,degree,2,1
1,0,11,degree,2,1
2,0,11,degree,2,1
3,0,11,degree,2,1
4,0,11,degree,2,1
5,0,11,degree,2,1
0,2,11,pooled,2,6
1,2,11,pooled,2,6
2,2,11,pooled,2,6
3,2,11,pooled,2,6
4,2,11,pooled,2,6
5,2,11,pooled,2,6
0,2,11,pooled,2,3
1,2,11,pooled,2,3
2,2,11,pooled,2,3
3,2,11,pooled,2,3
4,2,11,pooled,2,3
5,2,11,pooled,2,3
0,2,11,pooled,2,1
1,2,11,pooled,2,1
2,2,11,pooled,2,1
3,2,11,pooled,2,1
4,2,11,pooled,2,1
5,2,11,pooled,2,1
0,2,11,equal,6,6
1,2,11,equal,6,6
2,2,11,equal,6,6
3,2,11,equal,6,6
4,2,11,equal,6,6
5,2,11,equal,6,6
0,2,11,equal,6,3
1,2,11,equal,6,3
2,2,11,equal,6,3
3,2,11,equal,6,3
4,2,11,equal,6,3
5,2,11,equal,6,3
0,2,11,equal,6,1
1,2,11,equal,6,1
2,2,11,equal,6,1
3,2,11,equal,6,1
4,2,11,equal,6,1
5,2,11,equal,6,1
0,2,11,degree,6,6
1,2,11,degree,6,6
2,2,11,degree,6,6
3,2,11,degree,6,6
4,2,11,degree,6,6
5,2,11,degree,6,6
0,4,11,degree,6,3
1,4,11,degree,6,3
2,4,11,degree,6,3
3,0,11,degree,6,3
4,0,11,degree,6,3
5,0,11,degree,6,3
0,12,11,degree,6,1
1,0,11,degree,6,1
2,0,11,degree,6,1
3,0,11,degree,6,1
4,0,11,degree,6,1
5,0,11,degree,6,1
0,2,11,pooled,6,6
1,2,11,pooled,6,6
2,2,11,pooled,6,6
3,2,11,pooled,6,6
4,2,11,pooled,6,6
5,2,11,pooled,6,6
0,2,11,pooled,6,3
1,2,11,pooled,6,3
2,2,11,pooled,6,3
3,2,11,pooled,6,3
4,2,11,pooled,6,3
5,2,11,pooled,6,3
0,2,11,pooled,6,1
1,2,11,pooled,6,1
2,2,11,pooled,6,1
3,2,11,pooled,6,1
4,2,11,pooled,6,1
5,2,11,pooled,6,1
0,2,11,equal,12,6
1,2,11,equal,12,6
2,2,11,equal,12,6
3,2,11,equal,12,6
4,2,11,equal,12,6
5,2,11,equal,12,6
0,2,11,equal,12,3
1,2,11,equal,12,3
2,2,11,equal,12,3
3,2,11,equal,12,3
4,2,11,equal,12,3
5,2,11,equal,12,3
0,2,11,equal,12,1
1,2,11,equal,12,1
2,2,11,equal,12,1
3,2,11,equal,12,1
4,2,11,equal,12,1
5,2,11,equal,12,1
0,2,11,degree,12,6
1,2,11,degree,12,6
2,2,11,degree,12,6
3,2,11,degree,12,6
4,2,11,degree,12,6
5,2,11,degree,12,6
0,4,11,degree,12,3
1,4,11,degree,12,3
2,4,11,degree,12,3
3,0,11,degree,12,3
4,0,11,degree,12,3
5,0,11,degree,12,3
0,12,11,degree,12,1
1,0,11,degree,12,1
2,0,11,degree,12,1
3,0,11,degree,12,1
4,0,11,degree,12,1
5,0,11,degree,12,1
0,2,11,pooled,12,6
1,2,11,pooled,12,6
2,2,11,pooled,12,6
3,2,11,pooled,12,6
4,2,11,pooled,12,6
5,2,11,pooled,12,6
0,2,11,pooled,12,3
1,2,11,pooled,12,3
2,2,11,pooled,12,3
3,2,11,pooled,12,3
4,2,11,pooled,12,3
5,2,11,pooled,12,3
0,2,11,pooled,12,1
1,2,11,pooled,12,1
2,2,11,pooled,12,1
3,2,11,pooled,12,1
4,2,11,pooled,12,1
5,2,11,pooled,12,1
0,2,12,equal,2,6
1,2,12,equal,2,6
2,2,12,equal,2,6
3,2,12,equal,2,6
4,2,12,equal,2,6
5,2,12,equal,2,6
0,2,12,equal,2,3
1,2,12,equal,2,3
2,2,12,equal,2,3
3,2,12,equal,2,3
4,2,12,equal,2,3
5,2,12,equal,2,3
0,2,12,equal,2,1
1,2,12,equal,2,1
2,2,12,equal,2,1
3,2,12,equal,2,1
4,2,12,equal,2,1
5,2,12,equal,2,1
0,2,12,degree,2,6
1,2,12,degree,2,6
2,2,12,degree,2,6
3,2,12,degree,2,6
4,2,12,degree,2,6
5,2,12,degree,2,6
0,4,12,degree,2,3
1,4,12,degree,2,3
2,4,12,degree,2,3
3,0,12,degree,2,3
4,0,12,degree,2,3
5,0,12,degree,2,3
0,12,12,degree,2,1
1,0,12,degree,2,1
2,0,12,degree,2,1
3,0,12,degree,2,1
4,0,12,degree,2,1
5,0,12,degree,2,1
0,2,12,pooled,2,6
1,2,12,pooled,2,6
2,2,12,pooled,2,6
3,2,12,pooled,2,6
4,2,12,pooled,2,6
5,2,12,pooled,2,6
0,2,12,pooled,2,3
1,2,12,pooled,2,3
2,2,12,pooled,2,3
3,2,12,pooled,2,3
4,2,12,pooled,2,3
5,2,12,pooled,2,3
0,2,12,pooled,2,1
1,2,12,pooled,2,1
2,2,12,pooled,2,1
3,2,12,pooled,2,1
4,2,12,pooled,2,1
5,2,12,pooled,2,1
0,2,12,equal,6,6
1,2,12,equal,6,6
2,2,12,equal,6,6
3,2,12,equal,6,6
4,2,12,equal,6,6
5,2,12,equal,6,6
0,2,12,equal,6,3
1,2,12,equal,6,3
2,2,12,equal,6,3
3,2,12,equal,6,3
4,2,12,equal,6,3
5,2,12,equal,6,3
0,2,12,equal,6,1
1,2,12,equal,6,1
2,2,12,equal,6,1
3,2,12,equal,6,1
4,2,12,equal,6,1
5,2,12,equal,6,1
0,2,12,degree,6,6
1,2,12,degree,6,6
2,2,12,degree,6,6
3,2,12,degree,6,6
4,2,12,degree,6,6
5,2,12,degree,6,6
0,4,12,degree,6,3
1,4,12,degree,6,3
2,4,12,degree,6,3
3,0,12,degree,6,3
4,0,12,degree,6,3
5,0,12,degree,6,3
0,12,12,degree,6,1
1,0,12,degree,6,1
2,0,12,degree,6,1
3,0,12,degree,6,1
4,0,12,degree,6,1
5,0,12,degree,6,1
0,2,12,pooled,6,6
1,2,12,pooled,6,6
2,2,12,pooled,6,6
3,2,12,pooled,6,6
4,2,12,pooled,6,6
5,2,12,pooled,6,6
0,2,12,pooled,6,3
1,2,12,pooled,6,3
2,2,12,pooled,6,3
3,2,12,pooled,6,3
4,2,12,pooled,6,3
5,2,12,pooled,6,3
0,2,12,pooled,6,1
1,2,12,pooled,6,1
2,2,12,pooled,6,1
3,2,12,pooled,6,1
4,2,12,pooled,6,1
5,2,12,pooled,6,1
0,2,12,equal,12,6
1,2,12,equal,12,6
2,2,12,equal,12,6
3,2,12,equal,12,6
4,2,12,equal,12,6
5,2,12,equal,12,6
0,2,12,equal,12,3
1,2,12,equal,12,3
2,2,12,equal,12,3
3,2,12,equal,12,3
4,2,12,equal,12,3
5,2,12,equal,12,3
0,2,12,equal,12,1
1,2,12,equal,12,1
2,2,12,equal,12,1
3,2,12,equal,12,1
4,2,12,equal,12,1
5,2,12,equal,12,1
0,2,12,degree,12,6
1,2,12,degree,12,6
2,2,12,degree,12,6
3,2,12,degree,12,6
4,2,12,degree,12,6
5,2,12,degree,12,6
0,4,12,degree,12,3
1,4,12,degree,12,3
2,4,12,degree,12,3
3,0,12,degree,12,3
4,0,12,degree,12,3
5,0,12,degree,12,3
0,12,12,degree,12,1
1,0,12,degree,12,1
2,0,12,degree,12,1
3,0,12,degree,12,1
4,0,12,degree,12,1
5,0,12,degree,12,1
0,2,12,pooled,12,6
1,2,12,pooled,12,6
2,2,12,pooled,12,6
3,2,12,pooled,12,6
4,2,12,pooled,12,6
5,2,12,pooled,12,6
0,2,12,pooled,12,3
1,2,12,pooled,12,3
2,2,12,pooled,12,3
3,2,12,pooled,12,3
4,2,12,pooled,12,3
5,2,12,pooled,12,3
0,2,12,pooled,12,1
1,2,12,pooled,12,1
2,2,12,pooled,12,1
3,2,12,pooled,12,1
4,2,12,pooled,12,1
5,2,12,pooled,12,1
0,2,13,equal,2,6
1,2,13,equal,2,6
2,2,13,equal,2,6
3,2,13,equal,2,6
4,2,13,equal,2,6
5,2,13,equal,2,6
0,2,13,equal,2,3
1,2,13,equal,2,3
2,2,13,equal,2,3
3,2,13,equal,2,3
4,2,13,equal,2,3
5,2,13,equal,2,3
0,2,13,equal,2,1
1,2,13,equal,2,1
2,2,13,equal,2,1
3,2,13,equal,2,1
4,2,13,equal,2,1
5,2,13,equal,2,1
0,2,13,degree,2,6
1,2,13,degree,2,6
2,2,13,degree,2,6
3,2,13,degree,2,6
4,2,13,degree,2,6
5,2,13,degree,2,6
0,4,13,degree,2,3
1,4,13,degree,2,3
2,4,13,degree,2,3
3,0,13,degree,2,3
4,0,13,degree,2,3
5,0,13,degree,2,3
0,12,13,degree,2,1
1,0,13,degree,2,1
2,0,13,degree,2,1
3,0,13,degree,2,1
4,0,13,degree,2,1
5,0,13,degree,2,1
0,2,13,pooled,2,6
1,2,13,pooled,2,6
2,2,13,pooled,2,6
3,2,13,pooled,2,6
4,2,13,pooled,2,6
5,2,13,pooled,2,6
0,2,13,pooled,2,3
1,2,13,pooled,2,3
2,2,13,pooled,2,3
3,2,13,pooled,2,3
4,2,13,pooled,2,3
5,2,13,pooled,2,3
0,2,13,pooled,2,1
1,2,13,pooled,2,1
2,2,13,pooled,2,1
3,2,13,pooled,2,1
4,2,13,pooled,2,1
5,2,13,pooled,2,1
0,2,13,equal,6,6
1,2,13,equal,6,6
2,2,13,equal,6,6
3,2,13,equal,6,6
4,2,13,equal,6,6
5,2,13,equal,6,6
0,2,13,equal,6,3
1,2,13,equal,6,3
2,2,13,equal,6,3
3,2,13,equal,6,3
4,2,13,equal,6,3
5,2,13,equal,6,3
0,2,13,equal,6,1
1,2,13,equal,6,1
2,2,13,equal,6,1
3,2,13,equal,6,1
4,2,13,equal,6,1
5,2,13,equal,6,1
0,2,13,degree,6,6
1,2,13,degree,6,6
2,2,13,degree,6,6
3,2,13,degree,6,6
4,2,13,degree,6,6
5,2,13,degree,6,6
0,4,13,degree,6,3
1,4,13,degree,6,3
2,4,13,degree,6,3
3,0,13,degree,6,3
4,0,13,degree,6,3
5,0,13,degree,6,3
0,12,13,degree,6,1
1,0,13,degree,6,1
2,0,13,degree,6,1
3,0,13,degree,6,1
4,0,13,degree,6,1
5,0,13,degree,6,1
0,2,13,pooled,6,6
1,2,13,pooled,6,6
2,2,13,pooled,6,6
3,2,13,pooled,6,6
4,2,13,pooled,6,6
5,2,13,pooled,6,6
0,2,13,pooled,6,3
1,2,13,pooled,6,3
2,2,13,pooled,6,3
3,2,13,pooled,6,3
4,2,13,pooled,6,3
5,2,13,pooled,6,3
0,2,13,pooled,6,1
1,2,13,pooled,6,1
2,2,13,pooled,6,1
3,2,13,pooled,6,1
4,2,13,pooled,6,1
5,2,13,pooled,6,1
0,2,13,equal,12,6
1,2,13,equal,12,6
2,2,13,equal,12,6
3,2,13,equal,12,6
4,2,13,equal,12,6
5,2,13,equal,12,6
0,2,13,equal,12,3
1,2,13,equal,12,3
2,2,13,equal,12,3
3,2,13,equal,12,3
4,2,13,equal,12,3
5,2,13,equal,12,3
0,2,13,equal,12,1
1,2,13,equal,12,1
2,2,13,equal,12,1
3,2,13,equal,12,1
4,2,13,equal,12,1
5,2,13,equal,12,1
0,2,13,degree,12,6
1,2,13,degree,12,6
2,2,13,degree,12,6
3,2,13,degree,12,6
4,2,13,degree,12,6
5,2,13,degree,12,6
0,4,13,degree,12,3
1,4,13,degree,12,3
2,4,13,degree,12,3
3,0,13,degree,12,3
4,0,13,degree,12,3
5,0,13,degree,12,3
0,12,13,degree,12,1
1,0,13,degree,12,1
2,0,13,degree,12,1
3,0,13,degree,12,1
4,0,13,degree,12,1
5,0,13,degree,12,1
0,2,13,pooled,12,6
1,2,13,pooled,12,6
2,2,13,pooled,12,6
3,2,13,pooled,12,6
4,2,13,pooled,12,6
5,2,13,pooled,12,6
0,2,13,pooled,12,3
1,2,13,pooled,12,3
2,2,13,pooled,12,3
3,2,13,pooled,12,3
4,2,13,pooled,12,3
5,2,13,pooled,12,3
0,2,13,pooled,12,1
1,2,13,pooled,12,1
2,2,13,pooled,12,1
3,2,13,pooled,12,1
4,2,13,pooled,12,1
5,2,13,pooled,12,1
0,2,14,equal,2,6
1,2,14,equal,2,6
2,2,14,equal,2,6
3,2,14,equal,2,6
4,2,14,equal,2,6
5,2,14,equal,2,6
0,2,14,equal,2,3
1,2,14,equal,2,3
2,2,14,equal,2,3
3,2,14,equal,2,3
4,2,14,equal,2,3
5,2,14,equal,2,3
0,2,14,equal,2,1
1,2,14,equal,2,1
2,2,14,equal,2,1
3,2,14,equal,2,1
4,2,14,equal,2,1
5,2,14,equal,2,1
0,2,14,degree,2,6
1,2,14,degree,2,6
2,2,14,degree,2,6
3,2,14,degree,2,6
4,2,14,degree,2,6
5,2,14,degree,2,6
0,4,14,degree,2,3
1,4,14,degree,2,3
2,4,14,degree,2,3
3,0,14,degree,2,3
4,0,14,degree,2,3
5,0,14,degree,2,3
0,12,14,degree,2,1
1,0,14,degree,2,1
2,0,14,degree,2,1
3,0,14,degree,2,1
4,0,14,degree,2,1
5,0,14,degree,2,1
0,2,14,pooled,2,6
1,2,14,pooled,2,6
2,2,14,pooled,2,6
3,2,14,pooled,2,6
4,2,14,pooled,2,6
5,2,14,pooled,2,6
0,2,14,pooled,2,3
1,2,14,pooled,2,3
2,2,14,pooled,2,3
3,2,14,pooled,2,3
4,2,14,pooled,2,3
5,2,14,pooled,2,3
0,2,14,pooled,2,1
1,2,14,pooled,2,1
2,2,14,pooled,2,1
3,2,14,pooled,2,1
4,2,14,pooled,2,1
5,2,14,pooled,2,1
0,2,14,equal,6,6
1,2,14,equal,6,6
2,2,14,equal,6,6
3,2,14,equal,6,6
4,2,14,equal,6,6
5,2,14,equal,6,6
0,2,14,equal,6,3
1,2,14,equal,6,3
2,2,14,equal,6,3
3,2,14,equal,6,3
4,2,14,equal,6,3
5,2,14,equal,6,3
0,2,14,equal,6,1
1,2,14,equal,6,1
2,2,14,equal,6,1
3,2,14,equal,6,1
4,2,14,equal,6,1
5,2,14,equal,6,1
0,2,14,degree,6,6
1,2,14,degree,6,6
2,2,14,degree,6,6
3,2,14,degree,6,6
4,2,14,degree,6,6
5,2,14,degree,6,6
0,4,14,degree,6,3
1,4,14,degree,6,3
2,4,14,degree,6,3
3,0,14,degree,6,3
4,0,14,degree,6,3
5,0,14,degree,6,3
0,12,14,degree,6,1
1,0,14,degree,6,1
2,0,14,degree,6,1
3,0,14,degree,6,1
4,0,14,degree,6,1
5,0,14,degree,6,1
0,2,14,pooled,6,6
1,2,14,pooled,6,6
2,2,14,pooled,6,6
3,2,14,pooled,6,6
4,2,14,pooled,6,6
5,2,14,pooled,6,6
0,2,14,pooled,6,3
1,2,14,pooled,6,3
2,2,14,pooled,6,3
3,2,14,pooled,6,3
4,2,14,pooled,6,3
5,2,14,pooled,6,3
0,2,14,pooled,6,1
1,2,14,pooled,6,1
2,2,14,pooled,6,1
3,2,14,pooled,6,1
4,2,14,pooled,6,1
5,2,14,pooled,6,1
0,2,14,equal,12,6
1,2,14,equal,12,6
2,2,14,equal,12,6
3,2,14,equal,12,6
4,2,14,equal,12,6
5,2,14,equal,12,6
0,2,14,equal,12,3
1,2,14,equal,12,3
2,2,14,equal,12,3
3,2,14,equal,12,3
4,2,14,equal,12,3
5,2,14,equal,12,3
0,2,14,equal,12,1
1,2,14,equal,12,1
2,2,14,equal,12,1
3,2,14,equal,12,1
4,2,14,equal,12,1
5,2,14,equal,12,1
0,2,14,degree,12,6
1,2,14,degree,12,6
2,2,14,degree,12,6
3,2,14,degree,12,6
4,2,14,degree,12,6
5,2,14,degree,12,6
0,4,14,degree,12,3
1,4,14,degree,12,3
2,4,14,degree,12,3
3,0,14,degree,12,3
4,0,14,degree,12,3
5,0,14,degree,12,3
0,12,14,degree,12,1
1,0,14,degree,12,1
2,0,14,degree,12,1
3,0,14,degree,12,1
4,0,14,degree,12,1
5,0,14,degree,12,1
0,2,14,pooled,12,6
1,2,14,pooled,12,6
2,2,14,pooled,12,6
3,2,14,pooled,12,6
4,2,14,pooled,12,6
5,2,14,pooled,12,6
0,2,14,pooled,12,3
1,2,14,pooled,12,3
2,2,14,pooled,12,3
3,2,14,pooled,12,3
4,2,14,pooled,12,3
5,2,14,pooled,12,3
0,2,14,pooled,12,1
1,2,14,pooled,12,1
2,2,14,pooled,12,1
3,2,14,pooled,12,1
4,2,14,pooled,12,1
5,2,14,pooled,12,1
0,2,15,equal,2,6
1,2,15,equal,2,6
2,2,15,equal,2,6
3,2,15,equal,2,6
4,2,15,equal,2,6
5,2,15,equal,2,6
0,2,15,equal,2,3
1,2,15,equal,2,3
2,2,15,equal,2,3
3,2,15,equal,2,3
4,2,15,equal,2,3
5,2,15,equal,2,3
0,2,15,equal,2,1
1,2,15,equal,2,1
2,2,15,equal,2,1
3,2,15,equal,2,1
4,2,15,equal,2,1
5,2,15,equal,2,1
0,2,15,degree,2,6
1,2,15,degree,2,6
2,2,15,degree,2,6
3,2,15,degree,2,6
4,2,15,degree,2,6
5,2,15,degree,2,6
0,4,15,degree,2,3
1,4,15,degree,2,3
2,4,15,degree,2,3
3,0,15,degree,2,3
4,0,15,degree,2,3
5,0,15,degree,2,3
0,12,15,degree,2,1
1,0,15,degree,2,1
2,0,15,degree,2,1
3,0,15,degree,2,1
4,0,15,degree,2,1
5,0,15,degree,2,1
0,2,15,pooled,2,6
1,2,15,pooled,2,6
2,2,15,pooled,2,6
3,2,15,pooled,2,6
4,2,15,pooled,2,6
5,2,15,pooled,2,6
0,2,15,pooled,2,3
1,2,15,pooled,2,3
2,2,15,pooled,2,3
3,2,15,pooled,2,3
4,2,15,pooled,2,3
5,2,15,pooled,2,3
0,2,15,pooled,2,1
1,2,15,pooled,2,1
2,2,15,pooled,2,1
3,2,15,pooled,2,1
4,2,15,pooled,2,1
5,2,15,pooled,2,1
0,2,15,equal,6,6
1,2,15,equal,6,6
2,2,15,equal,6,6
3,2,15,equal,6,6
4,2,15,equal,6,6
5,2,15,equal,6,6
0,2,15,equal,6,3
1,2,15,equal,6,3
2,2,15,equal,6,3
3,2,15,equal,6,3
4,2,15,equal,6,3
5,2,15,equal,6,3
0,2,15,equal,6,1
1,2,15,equal,6,1
2,2,15,equal,6,1
3,2,15,equal,6,1
4,2,15,equal,6,1
5,2,15,equal,6,1
0,2,15,degree,6,6
1,2,15,degree,6,6
2,2,15,degree,6,6
3,2,15,degree,6,6
4,2,15,degree,6,6
5,2,15,degree,6,6
0,4,15,degree,6,3
1,4,15,degree,6,3
2,4,15,degree,6,3
3,0,15,degree,6,3
4,0,15,degree,6,3
5,0,15,degree,6,3
0,12,15,degree,6,1
1,0,15,degree,6,1
2,0,15,degree,6,1
3,0,15,degree,6,1
4,0,15,degree,6,1
5,0,15,degree,6,1
0,2,15,pooled,6,6
1,2,15,pooled,6,6
2,2,15,pooled,6,6
3,2,15,pooled,6,6
4,2,15,pooled,6,6
5,2,15,pooled,6,6
0,2,15,pooled,6,3
1,2,15,pooled,6,3
2,2,15,pooled,6,3
3,2,15,pooled,6,3
4,2,15,pooled,6,3
5,2,15,pooled,6,3
0,2,15,pooled,6,1
1,2,15,pooled,6,1
2,2,15,pooled,6,1
3,2,15,pooled,6,1
4,2,15,pooled,6,1
5,2,15,pooled,6,1
0,2,15,equal,12,6
1,2,15,equal,12,6
2,2,15,equal,12,6
3,2,15,equal,12,6
4,2,15,equal,12,6
5,2,15,equal,12,6
0,2,15,equal,12,3
1,2,15,equal,12,3
2,2,15,equal,12,3
3,2,15,equal,12,3
4,2,15,equal,12,3
5,2,15,equal,12,3
0,2,15,equal,12,1
1,2,15,equal,12,1
2,2,15,equal,12,1
3,2,15,equal,12,1
4,2,15,equal,12,1
5,2,15,equal,12,1
0,2,15,degree,12,6
1,2,15,degree,12,6
2,2,15,degree,12,6
3,2,15,degree,12,6
4,2,15,degree,12,6
5,2,15,degree,12,6
0,4,15,degree,12,3
1,4,15,degree,12,3
2,4,15,degree,12,3
3,0,15,degree,12,3
4,0,15,degree,12,3
5,0,15,degree,12,3
0,12,15,degree,12,1
1,0,15,degree,12,1
2,0,15,degree,12,1
3,0,15,degree,12,1
4,0,15,degree,12,1
5,0,15,degree,12,1
0,2,15,pooled,12,6
1,2,15,pooled,12,6
2,2,15,pooled,12,6
3,2,15,pooled,12,6
4,2,15,pooled,12,6
5,2,15,pooled,12,6
0,2,15,pooled,12,3
1,2,15,pooled,12,3
2,2,15,pooled,12,3
3,2,15,pooled,12,3
4,2,15,pooled,12,3
5,2,15,pooled,12,3
0,2,15,pooled,12,1
1,2,15,pooled,12,1
2,2,15,pooled,12,1
3,2,15,pooled,12,1
4,2,15,pooled,12,1
5,2,15,pooled,12,1
0,2,16,equal,2,6
1,2,16,equal,2,6
2,2,16,equal,2,6
3,2,16,equal,2,6
4,2,16,equal,2,6
5,2,16,equal,2,6
0,2,16,equal,2,3
1,2,16,equal,2,3
2,2,16,equal,2,3
3,2,16,equal,2,3
4,2,16,equal,2,3
5,2,16,equal,2,3
0,2,16,equal,2,1
1,2,16,equal,2,1
2,2,16,equal,2,1
3,2,16,equal,2,1
4,2,16,equal,2,1
5,2,16,equal,2,1
0,2,16,degree,2,6
1,2,16,degree,2,6
2,2,16,degree,2,6
3,2,16,degree,2,6
4,2,16,degree,2,6
5,2,16,degree,2,6
0,4,16,degree,2,3
1,4,16,degree,2,3
2,4,16,degree,2,3
3,0,16,degree,2,3
4,0,16,degree,2,3
5,0,16,degree,2,3
0,12,16,degree,2,1
1,0,16,degree,2,1
2,0,16,degree,2,1
3,0,16,degree,2,1
4,0,16,degree,2,1
5,0,16,degree,2,1
0,2,16,pooled,2,6
1,2,16,pooled,2,6
2,2,16,pooled,2,6
3,2,16,pooled,2,6
4,2,16,pooled,2,6
5,2,16,pooled,2,6
0,2,16,pooled,2,3
1,2,16,pooled,2,3
2,2,16,pooled,2,3
3,2,16,pooled,2,3
4,2,16,pooled,2,3
5,2,16,pooled,2,3
0,2,16,pooled,2,1
1,2,16,pooled,2,1
2,2,16,pooled,2,1
3,2,16,pooled,2,1
4,2,16,pooled,2,1
5,2,16,pooled,2,1
0,2,16,equal,6,6
1,2,16,equal,6,6
2,2,16,equal,6,6
3,2,16,equal,6,6
4,2,16,equal,6,6
5,2,16,equal,6,6
0,2,16,equal,6,3
1,2,16,equal,6,3
2,2,16,equal,6,3
3,2,16,equal,6,3
4,2,16,equal,6,3
5,2,16,equal,6,3
0,2,16,equal,6,1
1,2,16,equal,6,1
2,2,16,equal,6,1
3,2,16,equal,6,1
4,2,16,equal,6,1
5,2,16,equal,6,1
0,2,16,degree,6,6
1,2,16,degree,6,6
2,2,16,degree,6,6
3,2,16,degree,6,6
4,2,16,degree,6,6
5,2,16,degree,6,6
0,4,16,degree,6,3
1,4,16,degree,6,3
2,4,16,degree,6,3
3,0,16,degree,6,3
4,0,16,degree,6,3
5,0,16,degree,6,3
0,12,16,degree,6,1
1,0,16,degree,6,1
2,0,16,degree,6,1
3,0,16,degree,6,1
4,0,16,degree,6,1
5,0,16,degree,6,1
0,2,16,pooled,6,6
1,2,16,pooled,6,6
2,2,16,pooled,6,6
3,2,16,pooled,6,6
4,2,16,pooled,6,6
5,2,16,pooled,6,6
0,2,16,pooled,6,3
1,2,16,pooled,6,3
2,2,16,pooled,6,3
3,2,16,pooled,6,3
4,2,16,pooled,6,3
5,2,16,pooled,6,3
0,2,16,pooled,6,1
1,2,16,pooled,6,1
2,2,16,pooled,6,1
3,2,16,pooled,6,1
4,2,16,pooled,6,1
5,2,16,pooled,6,1
0,2,16,equal,12,6
1,2,16,equal,12,6
2,2,16,equal,12,6
3,2,16,equal,12,6
4,2,16,equal,12,6
5,2,16,equal,12,6
0,2,16,equal,12,3
1,2,16,equal,12,3
2,2,16,equal,12,3
3,2,16,equal,12,3
4,2,16,equal,12,3
5,2,16,equal,12,3
0,2,16,equal,12,1
1,2,16,equal,12,1
2,2,16,equal,12,1
3,2,16,equal,12,1
4,2,16,equal,12,1
5,2,16,equal,12,1
0,2,16,degree,12,6
1,2,16,degree,12,6
2,2,16,degree,12,6
3,2,16,degree,12,6
4,2,16,degree,12,6
5,2,16,degree,12,6
0,4,16,degree,12,3
1,4,16,degree,12,3
2,4,16,degree,12,3
3,0,16,degree,12,3
4,0,16,degree,12,3
5,0,16,degree,12,3
0,12,16,degree,12,1
1,0,16,degree,12,1
2,0,16,degree,12,1
3,0,16,degree,12,1
4,0,16,degree,12,1
5,0,16,degree,12,1
0,2,16,pooled,12,6
1,2,16,pooled,12,6
2,2,16,pooled,12,6
3,2,16,pooled,12,6
4,2,16,pooled,12,6
5,2,16,pooled,12,6
0,2,16,pooled,12,3
1,2,16,pooled,12,3
2,2,16,pooled,12,3
3,2,16,pooled,12,3
4,2,16,pooled,12,3
5,2,16,pooled,12,3
0,2,16,pooled,12,1
1,2,16,pooled,12,1
2,2,16,pooled,12,1
3,2,16,pooled,12,1
4,2,16,pooled,12,1
5,2,16,pooled,12,1
0,2,17,equal,2,6
1,2,17,equal,2,6
2,2,17,equal,2,6
3,2,17,equal,2,6
4,2,17,equal,2,6
5,2,17,equal,2,6
0,2,17,equal,2,3
1,2,17,equal,2,3
2,2,17,equal,2,3
3,2,17,equal,2,3
4,2,17,equal,2,3
5,2,17,equal,2,3
0,2,17,equal,2,1
1,2,17,equal,2,1
2,2,17,equal,2,1
3,2,17,equal,2,1
4,2,17,equal,2,1
5,2,17,equal,2,1
0,2,17,degree,2,6
1,2,17,degree,2,6
2,2,17,degree,2,6
3,2,17,degree,2,6
4,2,17,degree,2,6
5,2,17,degree,2,6
0,4,17,degree,2,3
1,4,17,degree,2,3
2,4,17,degree,2,3
3,0,17,degree,2,3
4,0,17,degree,2,3
5,0,17,degree,2,3
0,12,17,degree,2,1
1,0,17,degree,2,1
2,0,17,degree,2,1
3,0,17,degree,2,1
4,0,17,degree,2,1
5,0,17,degree,2,1
0,2,17,pooled,2,6
1,2,17,pooled,2,6
2,2,17,pooled,2,6
3,2,17,pooled,2,6
4,2,17,pooled,2,6
5,2,17,pooled,2,6
0,2,17,pooled,2,3
1,2,17,pooled,2,3
2,2,17,pooled,2,3
3,2,17,pooled,2,3
4,2,17,pooled,2,3
5,2,17,pooled,2,3
0,2,17,pooled,2,1
1,2,17,pooled,2,1
2,2,17,pooled,2,1
3,2,17,pooled,2,1
4,2,17,pooled,2,1
5,2,17,pooled,2,1
0,2,17,equal,6,6
1,2,17,equal,6,6
2,2,17,equal,6,6
3,2,17,equal,6,6
4,2,17,equal,6,6
5,2,17,equal,6,6
0,2,17,equal,6,3
1,2,17,equal,6,3
2,2,17,equal,6,3
3,2,17,equal,6,3
4,2,17,equal,6,3
5,2,17,equal,6,3
0,2,17,equal,6,1
1,2,17,equal,6,1
2,2,17,equal,6,1
3,2,17,equal,6,1
4,2,17,equal,6,1
5,2,17,equal,6,1
0,2,17,degree,6,6
1,2,17,degree,6,6
2,2,17,degree,6,6
3,2,17,degree,6,6
4,2,17,degree,6,6
5,2,17,degree,6,6
0,4,17,degree,6,3
1,4,17,degree,6,3
2,4,17,degree,6,3
3,0,17,degree,6,3
4,0,17,degree,6,3
5,0,17,degree,6,3
0,12,17,degree,6,1
1,0,17,degree,6,1
2,0,17,degree,6,1
3,0,17,degree,6,1
4,0,17,degree,6,1
5,0,17,degree,6,1
0,2,17,pooled,6,6
1,2,17,pooled,6,6
2,2,17,pooled,6,6
3,2,17,pooled,6,6
4,2,17,pooled,6,6
5,2,17,pooled,6,6
0,2,17,pooled,6,3
1,2,17,pooled,6,3
2,2,17,pooled,6,3
3,2,17,pooled,6,3
4,2,17,pooled,6,3
5,2,17,pooled,6,3
0,2,17,pooled,6,1
1,2,17,pooled,6,1
2,2,17,pooled,6,1
3,2,17,pooled,6,1
4,2,17,pooled,6,1
5,2,17,pooled,6,1
0,2,17,equal,12,6
1,2,17,equal,12,6
2,2,17,equal,12,6
3,2,17,equal,12,6
4,2,17,equal,12,6
5,2,17,equal,12,6
0,2,17,equal,12,3
1,2,17,equal,12,3
2,2,17,equal,12,3
3,2,17,equal,12,3
4,2,17,equal,12,3
5,2,17,equal,12,3
0,2,17,equal,12,1
1,2,17,equal,12,1
2,2,17,equal,12,1
3,2,17,equal,12,1
4,2,17,equal,12,1
5,2,17,equal,12,1
0,2,17,degree,12,6
1,2,17,degree,12,6
2,2,17,degree,12,6
3,2,17,degree,12,6
4,2,17,degree,12,6
5,2,17,degree,12,6
0,4,17,degree,12,3
1,4,17,degree,12,3
2,4,17,degree,12,3
3,0,17,degree,12,3
4,0,17,degree,12,3
5,0,17,degree,12,3
0,12,17,degree,12,1
1,0,17,degree,12,1
2,0,17,degree,12,1
3,0,17,degree,12,1
4,0,17,degree,12,1
5,0,17,degree,12,1
0,2,17,pooled,12,6
1,2,17,pooled,12,6
2,2,17,pooled,12,6
3,2,17,pooled,12,6
4,2,17,pooled,12,6
5,2,17,pooled,12,6
0,2,17,pooled,12,3
1,2,17,pooled,12,3
2,2,17,pooled,12,3
3,2,17,pooled,12,3
4,2,17,pooled,12,3
5,2,17,pooled,12,3
0,2,17,pooled,12,1
1,2,17,pooled,12,1
2,2,17,pooled,12,1
3,2,17,pooled,12,1
4,2,17,pooled,12,1
5,2,17,pooled,12,1
0,2,18,equal,2,6
1,2,18,equal,2,6
2,2,18,equal,2,6
3,2,18,equal,2,6
4,2,18,equal,2,6
5,2,18,equal,2,6
0,2,18,equal,2,3
1,2,18,equal,2,3
2,2,18,equal,2,3
3,2,18,equal,2,3
4,2,18,equal,2,3
5,2,18,equal,2,3
0,2,18,equal,2,1
1,2,18,equal,2,1
2,2,18,equal,2,1
3,2,18,equal,2,1
4,2,18,equal,2,1
5,2,18,equal,2,1
0,2,18,degree,2,6
1,2,18,degree,2,6
2,2,18,degree,2,6
3,2,18,degree,2,6
4,2,18,degree,2,6
5,2,18,degree,2,6
0,4,18,degree,2,3
1,4,18,degree,2,3
2,4,18,degree,2,3
3,0,18,degree,2,3
4,0,18,degree,2,3
5,0,18,degree,2,3
0,12,18,degree,2,1
1,0,18,degree,2,1
2,0,18,degree,2,1
3,0,18,degree,2,1
4,0,18,degree,2,1
5,0,18,degree,2,1
0,2,18,pooled,2,6
1,2,18,pooled,2,6
2,2,18,pooled,2,6
3,2,18,pooled,2,6
4,2,18,pooled,2,6
5,2,18,pooled,2,6
0,2,18,pooled,2,3
1,2,18,pooled,2,3
2,2,18,pooled,2,3
3,2,18,pooled,2,3
4,2,18,pooled,2,3
5,2,18,pooled,2,3
0,2,18,pooled,2,1
1,2,18,pooled,2,1
2,2,18,pooled,2,1
3,2,18,pooled,2,1
4,2,18,pooled,2,1
5,2,18,pooled,2,1
0,2,18,equal,6,6
1,2,18,equal,6,6
2,2,18,equal,6,6
3,2,18,equal,6,6
4,2,18,equal,6,6
5,2,18,equal,6,6
0,2,18,equal,6,3
1,2,18,equal,6,3
2,2,18,equal,6,3
3,2,18,equal,6,3
4,2,18,equal,6,3
5,2,18,equal,6,3
0,2,18,equal,6,1
1,2,18,equal,6,1
2,2,18,equal,6,1
3,2,18,equal,6,1
4,2,18,equal,6,1
5,2,18,equal,6,1
0,2,18,degree,6,6
1,2,18,degree,6,6
2,2,18,degree,6,6
3,2,18,degree,6,6
4,2,18,degree,6,6
5,2,18,degree,6,6
0,4,18,degree,6,3
1,4,18,degree,6,3
2,4,18,degree,6,3
3,0,18,degree,6,3
4,0,18,degree,6,3
5,0,18,degree,6,3
0,12,18,degree,6,1
1,0,18,degree,6,1
2,0,18,degree,6,1
3,0,18,degree,6,1
4,0,18,degree,6,1
5,0,18,degree,6,1
0,2,18,pooled,6,6
1,2,18,pooled,6,6
2,2,18,pooled,6,6
3,2,18,pooled,6,6
4,2,18,pooled,6,6
5,2,18,pooled,6,6
0,2,18,pooled,6,3
1,2,18,pooled,6,3
2,2,18,pooled,6,3
3,2,18,pooled,6,3
4,2,18,pooled,6,3
5,2,18,pooled,6,3
0,2,18,pooled,6,1
1,2,18,pooled,6,1
2,2,18,pooled,6,1
3,2,18,pooled,6,1
4,2,18,pooled,6,1
5,2,18,pooled,6,1
0,2,18,equal,12,6
1,2,18,equal,12,6
2,2,18,equal,12,6
3,2,18,equal,12,6
4,2,18,equal,12,6
5,2,18,equal,12,6
0,2,18,equal,12,3
1,2,18,equal,12,3
2,2,18,equal,12,3
3,2,18,equal,12,3
4,2,18,equal,12,3
5,2,18,equal,12,3
0,2,18,equal,12,1
1,2,18,equal,12,1
2,2,18,equal,12,1
3,2,18,equal,12,1
4,2,18,equal,12,1
5,2,18,equal,12,1
0,2,18,degree,12,6
1,2,18,degree,12,6
2,2,18,degree,12,6
3,2,18,degree,12,6
4,2,18,degree,12,6
5,2,18,degree,12,6
0,4,18,degree,12,3
1,4,18,degree,12,3
2,4,18,degree,12,3
3,0,18,degree,12,3
4,0,18,degree,12,3
5,0,18,degree,12,3
0,12,18,degree,12,1
1,0,18,degree,12,1
2,0,18,degree,12,1
3,0,18,degree,12,1
4,0,18,degree,12,1
5,0,18,degree,12,1
0,2,18,pooled,12,6
1,2,18,pooled,12,6
2,2,18,pooled,12,6
3,2,18,pooled,12,6
4,2,18,pooled,12,6
5,2,18,pooled,12,6
0,2,18,pooled,12,3
1,2,18,pooled,12,3
2,2,18,pooled,12,3
3,2,18,pooled,12,3
4,2,18,pooled,12,3
5,2,18,pooled,12,3
0,2,18,pooled,12,1
1,2,18,pooled,12,1
2,2,18,pooled,12,1
3,2,18,pooled,12,1
4,2,18,pooled,12,1
5,2,18,pooled,12,1
0,2,19,equal,2,6
1,2,19,equal,2,6
2,2,19,equal,2,6
3,2,19,equal,2,6
4,2,19,equal,2,6
5,2,19,equal,2,6
0,2,19,equal,2,3
1,2,19,equal,2,3
2,2,19,equal,2,3
3,2,19,equal,2,3
4,2,19,equal,2,3
5,2,19,equal,2,3
0,2,19,equal,2,1
1,2,19,equal,2,1
2,2,19,equal,2,1
3,2,19,equal,2,1
4,2,19,equal,2,1
5,2,19,equal,2,1
0,2,19,degree,2,6
1,2,19,degree,2,6
2,2,19,degree,2,6
3,2,19,degree,2,6
4,2,19,degree,2,6
5,2,19,degree,2,6
0,4,19,degree,2,3
1,4,19,degree,2,3
2,4,19,degree,2,3
3,0,19,degree,2,3
4,0,19,degree,2,3
5,0,19,degree,2,3
0,12,19,degree,2,1
1,0,19,degree,2,1
2,0,19,degree,2,1
3,0,19,degree,2,1
4,0,19,degree,2,1
5,0,19,degree,2,1
0,2,19,pooled,2,6
1,2,19,pooled,2,6
2,2,19,pooled,2,6
3,2,19,pooled,2,6
4,2,19,pooled,2,6
5,2,19,pooled,2,6
0,2,19,pooled,2,3
1,2,19,pooled,2,3
2,2,19,pooled,2,3
3,2,19,pooled,2,3
4,2,19,pooled,2,3
5,2,19,pooled,2,3
0,2,19,pooled,2,1
1,2,19,pooled,2,1
2,2,19,pooled,2,1
3,2,19,pooled,2,1
4,2,19,pooled,2,1
5,2,19,pooled,2,1
0,2,19,equal,6,6
1,2,19,equal,6,6
2,2,19,equal,6,6
3,2,19,equal,6,6
4,2,19,equal,6,6
5,2,19,equal,6,6
0,2,19,equal,6,3
1,2,19,equal,6,3
2,2,19,equal,6,3
3,2,19,equal,6,3
4,2,19,equal,6,3
5,2,19,equal,6,3
0,2,19,equal,6,1
1,2,19,equal,6,1
2,2,19,equal,6,1
3,2,19,equal,6,1
4,2,19,equal,6,1
5,2,19,equal,6,1
0,2,19,degree,6,6
1,2,19,degree,6,6
2,2,19,degree,6,6
3,2,19,degree,6,6
4,2,19,degree,6,6
5,2,19,degree,6,6
0,4,19,degree,6,3
1,4,19,degree,6,3
2,4,19,degree,6,3
3,0,19,degree,6,3
4,0,19,degree,6,3
5,0,19,degree,6,3
0,12,19,degree,6,1
1,0,19,degree,6,1
2,0,19,degree,6,1
3,0,19,degree,6,1
4,0,19,degree,6,1
5,0,19,degree,6,1
0,2,19,pooled,6,6
1,2,19,pooled,6,6
2,2,19,pooled,6,6
3,2,19,pooled,6,6
4,2,19,pooled,6,6
5,2,19,pooled,6,6
0,2,19,pooled,6,3
1,2,19,pooled,6,3
2,2,19,pooled,6,3
3,2,19,pooled,6,3
4,2,19,pooled,6,3
5,2,19,pooled,6,3
0,2,19,pooled,6,1
1,2,19,pooled,6,1
2,2,19,pooled,6,1
3,2,19,pooled,6,1
4,2,19,pooled,6,1
5,2,19,pooled,6,1
0,2,19,equal,12,6
1,2,19,equal,12,6
2,2,19,equal,12,6
3,2,19,equal,12,6
4,2,19,equal,12,6
5,2,19,equal,12,6
0,2,19,equal,12,3
1,2,19,equal,12,3
2,2,19,equal,12,3
3,2,19,equal,12,3
4,2,19,equal,12,3
5,2,19,equal,12,3
0,2,19,equal,12,1
1,2,19,equal,12,1
2,2,19,equal,12,1
3,2,19,equal,12,1
4,2,19,equal,12,1
5,2,19,equal,12,1
0,2,19,degree,12,6
1,2,19,degree,12,6
2,2,19,degree,12,6
3,2,19,degree,12,6
4,2,19,degree,12,6
5,2,19,degree,12,6
0,4,19,degree,12,3
1,4,19,degree,12,3
2,4,19,degree,12,3
3,0,19,degree,12,3
4,0,19,degree,12,3
5,0,19,degree,12,3
0,12,19,degree,12,1
1,0,19,degree,12,1
2,0,19,degree,12,1
3,0,19,degree,12,1
4,0,19,degree,12,1
5,0,19,degree,12,1
0,2,19,pooled,12,6
1,2,19,pooled,12,6
2,2,19,pooled,12,6
3,2,19,pooled,12,6
4,2,19,pooled,12,6
5,2,19,pooled,12,6
0,2,19,pooled,12,3
1,2,19,pooled,12,3
2,2,19,pooled,12,3
3,2,19,pooled,12,3
4,2,19,pooled,12,3
5,2,19,pooled,12,3
0,2,19,pooled,12,1
1,2,19,pooled,12,1
2,2,19,pooled,12,1
3,2,19,pooled,12,1
4,2,19,pooled,12,1
5,2,19,pooled,12,1
