comparison,policy,domestic_capacity,active_customers,metric,n,difference,low,high
topology_1_minus_6,degree,2,1,domestic_use,20,-0.0014530847380017585,-0.0046839578999016565,0.0021184056039969643
topology_1_minus_6,degree,2,1,customer_use,20,0.0020558004938515616,-0.003168582569192326,0.008047575143281048
topology_1_minus_6,degree,2,1,resolved_share,20,0.002664316286380625,-0.010894498298927979,0.016672216437430845
topology_1_minus_6,degree,2,1,d_to_e_all,20,0.002055800493851573,-0.003516431154260355,0.0077222465469502614
topology_1_minus_6,degree,2,1,e_to_d_all,20,-0.0014530847380017445,-0.004669207867217648,0.0016944086581541704
topology_1_minus_6,degree,2,1,d_eligible_rounds,20,-8.65,-27.904999999999998,11.502499999999987
topology_1_minus_6,degree,2,1,e_eligible_rounds,20,-4.45,-5.8,-3.248750000000007
topology_3_minus_6,degree,2,3,domestic_use,20,0.001196370517200057,-0.002622215930791567,0.005149987338472181
topology_3_minus_6,degree,2,3,customer_use,20,0.0015143110159319185,-0.004310890999137169,0.008178967763233114
topology_3_minus_6,degree,2,3,resolved_share,20,0.0039031838461280445,-0.012675674761844466,0.021478090263548032
topology_3_minus_6,degree,2,3,d_to_e_all,20,0.001514311015931924,-0.0042752290820237725,0.00808488478016332
topology_3_minus_6,degree,2,3,e_to_d_all,20,0.0011963705172000545,-0.002606807475367322,0.005020851291915505
topology_3_minus_6,degree,2,3,d_eligible_rounds,20,-11.15,-33.95125,10.951249999999993
topology_3_minus_6,degree,2,3,e_eligible_rounds,20,-2.75,-3.75,-1.8
topology_1_minus_6,degree,6,1,domestic_use,20,-0.00017666197377410597,-0.003967838183671012,0.0034521293215535403
topology_1_minus_6,degree,6,1,customer_use,20,0.0015182681148501298,-0.004102276857054943,0.007887833078081063
topology_1_minus_6,degree,6,1,resolved_share,20,0.004316102381977441,-0.006601930499664207,0.015921601625661967
topology_1_minus_6,degree,6,1,d_to_e_all,20,0.0015182681148501298,-0.004060556697245854,0.008179318597600382
topology_1_minus_6,degree,6,1,e_to_d_all,20,-0.00017666197377410423,-0.0035457397964904214,0.00306526540320145
topology_1_minus_6,degree,6,1,d_eligible_rounds,20,0.5,-4.5,5.4
topology_1_minus_6,degree,6,1,e_eligible_rounds,20,-4.4,-5.35,-3.55
topology_3_minus_6,degree,6,3,domestic_use,20,0.0012677990886286405,-0.0026471451220902442,0.0051969320534538095
topology_3_minus_6,degree,6,3,customer_use,20,0.00013834101518854226,-0.005870923578977301,0.006899118863764104
topology_3_minus_6,degree,6,3,resolved_share,20,-0.0015000867286995123,-0.012825869313270174,0.011496328894769347
topology_3_minus_6,degree,6,3,d_to_e_all,20,0.00013834101518855058,-0.0061653678182835205,0.0069627493969676565
topology_3_minus_6,degree,6,3,e_to_d_all,20,0.001267799088628619,-0.002592270419328211,0.005186246000376426
topology_3_minus_6,degree,6,3,d_eligible_rounds,20,-0.4,-6.40125,5.35
topology_3_minus_6,degree,6,3,e_eligible_rounds,20,-2.9,-3.65,-2.2
topology_1_minus_6,degree,12,1,domestic_use,20,-0.0007648972678917454,-0.004352619010922985,0.0028729244594889176
topology_1_minus_6,degree,12,1,customer_use,20,-0.0010923450393467815,-0.009579728495693933,0.006040191085171535
topology_1_minus_6,degree,12,1,resolved_share,20,0.008697114546224646,-0.001493065406705604,0.020353542927818276
topology_1_minus_6,degree,12,1,d_to_e_all,20,-0.0010923450393467843,-0.009355921432995046,0.0060830055101635935
topology_1_minus_6,degree,12,1,e_to_d_all,20,-0.0007648972678917499,-0.004459651422929868,0.002853005181009057
topology_1_minus_6,degree,12,1,d_eligible_rounds,20,-0.05,-2.4,2.15
topology_1_minus_6,degree,12,1,e_eligible_rounds,20,-5.75,-7.3,-4.3
topology_3_minus_6,degree,12,3,domestic_use,20,0.0025876748650261626,-0.0018668471221299182,0.0071777785620177155
topology_3_minus_6,degree,12,3,customer_use,20,0.0003130363841413075,-0.00475551543092623,0.005696571118373428
topology_3_minus_6,degree,12,3,resolved_share,20,0.0036993731752146403,-0.007920405709790253,0.0162810642306579
topology_3_minus_6,degree,12,3,d_to_e_all,20,0.0003130363841413103,-0.00463001916792996,0.005800803815275229
topology_3_minus_6,degree,12,3,e_to_d_all,20,0.002587674865026135,-0.0019463790317663621,0.00738885660115775
topology_3_minus_6,degree,12,3,d_eligible_rounds,20,-0.75,-2.85,0.95
topology_3_minus_6,degree,12,3,e_eligible_rounds,20,-3.95,-5.4,-2.7
topology_1_minus_6,equal,2,1,domestic_use,20,0.009683510458278633,0.00396068785184348,0.0158288603482584
topology_1_minus_6,equal,2,1,customer_use,20,0.027234684819148473,0.016106793473444375,0.03718665268373569
topology_1_minus_6,equal,2,1,resolved_share,20,-0.002184690913457801,-0.03246935245732399,0.028687262331283405
topology_1_minus_6,equal,2,1,d_to_e_all,20,0.02723468481914849,0.016056646066879503,0.037389931582793676
topology_1_minus_6,equal,2,1,e_to_d_all,20,0.00968351045827863,0.003864272459657363,0.01597164811615161
topology_1_minus_6,equal,2,1,d_eligible_rounds,20,95.45,56.64875,134.9525
topology_1_minus_6,equal,2,1,e_eligible_rounds,20,372.1,316.24875,430.35
topology_3_minus_6,equal,2,3,domestic_use,20,0.00664703422348874,0.0017206479903230383,0.011777562037692169
topology_3_minus_6,equal,2,3,customer_use,20,-0.005802657441002163,-0.013536189776649148,0.0012676722130093695
topology_3_minus_6,equal,2,3,resolved_share,20,0.002786599193540423,-0.023899015860202707,0.027065404404497454
topology_3_minus_6,equal,2,3,d_to_e_all,20,-0.005802657441002149,-0.013713836492280512,0.001483748639000582
topology_3_minus_6,equal,2,3,e_to_d_all,20,0.006647034223488735,0.001737328276575499,0.012189303048014596
topology_3_minus_6,equal,2,3,d_eligible_rounds,20,5.15,-23.705,35.96124999999994
topology_3_minus_6,equal,2,3,e_eligible_rounds,20,18.6,14.85,22.4
topology_1_minus_6,equal,6,1,domestic_use,20,0.011600958863531925,0.00552532377292831,0.018853287431799547
topology_1_minus_6,equal,6,1,customer_use,20,0.025773960989518986,0.013917526848000595,0.037935330109904124
topology_1_minus_6,equal,6,1,resolved_share,20,0.0005844256973986578,-0.015899862563048185,0.017658960930934962
topology_1_minus_6,equal,6,1,d_to_e_all,20,0.025773960989519017,0.014338349758423768,0.03783249314464505
topology_1_minus_6,equal,6,1,e_to_d_all,20,0.01160095886353191,0.005228851843547271,0.018169481477812655
topology_1_minus_6,equal,6,1,d_eligible_rounds,20,11.05,1.55,20.60249999999999
topology_1_minus_6,equal,6,1,e_eligible_rounds,20,304.75,261.79875,353.65
topology_3_minus_6,equal,6,3,domestic_use,20,0.00664703422348874,0.0018396176933725143,0.012013563106484501
topology_3_minus_6,equal,6,3,customer_use,20,0.0026592222572786707,-0.005361304616020918,0.011248010158736329
topology_3_minus_6,equal,6,3,resolved_share,20,0.012611416104108214,0.004324311733838392,0.020690945952036074
topology_3_minus_6,equal,6,3,d_to_e_all,20,0.002659222257278676,-0.0064223382732085214,0.011152523434951694
topology_3_minus_6,equal,6,3,e_to_d_all,20,0.006647034223488735,0.002061254491445851,0.011761586453945018
topology_3_minus_6,equal,6,3,d_eligible_rounds,20,-0.5,-8.151250000000001,7.151249999999994
topology_3_minus_6,equal,6,3,e_eligible_rounds,20,18.25,14.25,22.95
topology_1_minus_6,equal,12,1,domestic_use,20,0.013066087087232076,0.007535709927840171,0.01913349550440879
topology_1_minus_6,equal,12,1,customer_use,20,0.013626205201494762,-0.0037125606912372443,0.030735542991308776
topology_1_minus_6,equal,12,1,resolved_share,20,-0.0025877504464173083,-0.026574215918093134,0.020622808341903286
topology_1_minus_6,equal,12,1,d_to_e_all,20,0.013626205201494778,-0.0022742987072587005,0.03153450530253507
topology_1_minus_6,equal,12,1,e_to_d_all,20,0.01306608708723207,0.006886375305215629,0.019102666529966485
topology_1_minus_6,equal,12,1,d_eligible_rounds,20,-0.3,-3.2,2.55
topology_1_minus_6,equal,12,1,e_eligible_rounds,20,318.35,272.19624999999996,367.20374999999996
topology_3_minus_6,equal,12,3,domestic_use,20,0.008150422139920139,0.002744963605858487,0.013933576064788506
topology_3_minus_6,equal,12,3,customer_use,20,0.0061015131017550465,-0.003287167799820997,0.016854075058263068
topology_3_minus_6,equal,12,3,resolved_share,20,0.004918982616762785,-0.011426146877114832,0.02023527499724336
topology_3_minus_6,equal,12,3,d_to_e_all,20,0.006101513101755052,-0.0030940393055947954,0.016921025813094542
topology_3_minus_6,equal,12,3,e_to_d_all,20,0.00815042213992013,0.002687356876752002,0.013964670506390468
topology_3_minus_6,equal,12,3,d_eligible_rounds,20,-0.35,-2.25,1.5
topology_3_minus_6,equal,12,3,e_eligible_rounds,20,28.25,21.75,35.5
topology_1_minus_6,pooled,2,1,domestic_use,20,0.0,0.0,0.0
topology_1_minus_6,pooled,2,1,customer_use,20,0.0,0.0,0.0
topology_1_minus_6,pooled,2,1,resolved_share,20,0.0,0.0,0.0
topology_1_minus_6,pooled,2,1,d_to_e_all,20,0.0,0.0,0.0
topology_1_minus_6,pooled,2,1,e_to_d_all,20,0.0,0.0,0.0
topology_1_minus_6,pooled,2,1,d_eligible_rounds,20,0.0,0.0,0.0
topology_1_minus_6,pooled,2,1,e_eligible_rounds,20,0.0,0.0,0.0
topology_3_minus_6,pooled,2,3,domestic_use,20,0.0,0.0,0.0
topology_3_minus_6,pooled,2,3,customer_use,20,0.0,0.0,0.0
topology_3_minus_6,pooled,2,3,resolved_share,20,0.0,0.0,0.0
topology_3_minus_6,pooled,2,3,d_to_e_all,20,0.0,0.0,0.0
topology_3_minus_6,pooled,2,3,e_to_d_all,20,0.0,0.0,0.0
topology_3_minus_6,pooled,2,3,d_eligible_rounds,20,0.0,0.0,0.0
topology_3_minus_6,pooled,2,3,e_eligible_rounds,20,0.0,0.0,0.0
topology_1_minus_6,pooled,6,1,domestic_use,20,0.0,0.0,0.0
topology_1_minus_6,pooled,6,1,customer_use,20,0.0,0.0,0.0
topology_1_minus_6,pooled,6,1,resolved_share,20,0.0,0.0,0.0
topology_1_minus_6,pooled,6,1,d_to_e_all,20,0.0,0.0,0.0
topology_1_minus_6,pooled,6,1,e_to_d_all,20,0.0,0.0,0.0
topology_1_minus_6,pooled,6,1,d_eligible_rounds,20,0.0,0.0,0.0
topology_1_minus_6,pooled,6,1,e_eligible_rounds,20,0.0,0.0,0.0
topology_3_minus_6,pooled,6,3,domestic_use,20,0.0,0.0,0.0
topology_3_minus_6,pooled,6,3,customer_use,20,0.0,0.0,0.0
topology_3_minus_6,pooled,6,3,resolved_share,20,0.0,0.0,0.0
topology_3_minus_6,pooled,6,3,d_to_e_all,20,0.0,0.0,0.0
topology_3_minus_6,pooled,6,3,e_to_d_all,20,0.0,0.0,0.0
topology_3_minus_6,pooled,6,3,d_eligible_rounds,20,0.0,0.0,0.0
topology_3_minus_6,pooled,6,3,e_eligible_rounds,20,0.0,0.0,0.0
topology_1_minus_6,pooled,12,1,domestic_use,20,0.0,0.0,0.0
topology_1_minus_6,pooled,12,1,customer_use,20,0.0,0.0,0.0
topology_1_minus_6,pooled,12,1,resolved_share,20,0.0,0.0,0.0
topology_1_minus_6,pooled,12,1,d_to_e_all,20,0.0,0.0,0.0
topology_1_minus_6,pooled,12,1,e_to_d_all,20,0.0,0.0,0.0
topology_1_minus_6,pooled,12,1,d_eligible_rounds,20,0.0,0.0,0.0
topology_1_minus_6,pooled,12,1,e_eligible_rounds,20,0.0,0.0,0.0
topology_3_minus_6,pooled,12,3,domestic_use,20,0.0,0.0,0.0
topology_3_minus_6,pooled,12,3,customer_use,20,0.0,0.0,0.0
topology_3_minus_6,pooled,12,3,resolved_share,20,0.0,0.0,0.0
topology_3_minus_6,pooled,12,3,d_to_e_all,20,0.0,0.0,0.0
topology_3_minus_6,pooled,12,3,e_to_d_all,20,0.0,0.0,0.0
topology_3_minus_6,pooled,12,3,d_eligible_rounds,20,0.0,0.0,0.0
topology_3_minus_6,pooled,12,3,e_eligible_rounds,20,0.0,0.0,0.0
domestic_2_minus_12,degree,2,1,domestic_use,20,0.0026868613057871304,0.0,0.006234762679775463
domestic_2_minus_12,degree,2,1,customer_use,20,0.10721883812895587,0.08688722470169889,0.1279335639666756
domestic_2_minus_12,degree,2,1,resolved_share,20,-0.021983275700504814,-0.05024008043040672,0.003728082906455444
domestic_2_minus_12,degree,2,1,d_to_e_all,20,0.1072188381289559,0.08606158062328365,0.1274244841188756
domestic_2_minus_12,degree,2,1,e_to_d_all,20,0.002686861305787136,0.0,0.006114059853190274
domestic_2_minus_12,degree,2,1,d_eligible_rounds,20,972.95,894.15,1053.0549999999998
domestic_2_minus_12,degree,2,1,e_eligible_rounds,20,0.0,-0.15,0.15
domestic_6_minus_12,degree,6,1,domestic_use,20,0.0026868613057871304,0.0,0.00617517520842327
domestic_6_minus_12,degree,6,1,customer_use,20,0.03450733376815633,0.014677305045276434,0.0529469622025696
domestic_6_minus_12,degree,6,1,resolved_share,20,-0.014018347772117185,-0.041526611985949695,0.013104866507542636
domestic_6_minus_12,degree,6,1,d_to_e_all,20,0.034507333768156324,0.015952920095107126,0.0529483890114238
domestic_6_minus_12,degree,6,1,e_to_d_all,20,0.002686861305787136,0.0,0.0061736473245424615
domestic_6_minus_12,degree,6,1,d_eligible_rounds,20,220.4,203.59625,238.3025
domestic_6_minus_12,degree,6,1,e_eligible_rounds,20,0.0,-0.15,0.15
domestic_2_minus_12,degree,2,3,domestic_use,20,0.001983744428071038,0.0,0.004157657471549292
domestic_2_minus_12,degree,2,3,customer_use,20,0.10527196722754813,0.08377372092447205,0.12661568626800745
domestic_2_minus_12,degree,2,3,resolved_share,20,-0.01574666676974739,-0.04187909961887855,0.008734517729967722
domestic_2_minus_12,degree,2,3,d_to_e_all,20,0.10527196722754817,0.08410885699935271,0.12765261293928248
domestic_2_minus_12,degree,2,3,e_to_d_all,20,0.0019837444280710504,0.0,0.004537650401913411
domestic_2_minus_12,degree,2,3,d_eligible_rounds,20,971.15,897.98625,1041.9225
domestic_2_minus_12,degree,2,3,e_eligible_rounds,20,-0.1,-0.6,0.4
domestic_6_minus_12,degree,6,3,domestic_use,20,0.0007787502352719688,-0.0011904761904761973,0.003246753246753248
domestic_6_minus_12,degree,6,3,customer_use,20,0.031722025245006655,0.010732202211724043,0.052065276277161614
domestic_6_minus_12,degree,6,3,resolved_share,20,-0.014836795511784132,-0.04017159598914192,0.010892177522352695
domestic_6_minus_12,degree,6,3,d_to_e_all,20,0.031722025245006655,0.011716948182594273,0.05123540130706974
domestic_6_minus_12,degree,6,3,e_to_d_all,20,0.0007787502352719748,-0.0011904761904761904,0.00296001552795027
domestic_6_minus_12,degree,6,3,d_eligible_rounds,20,220.2,203.74875,235.90125
domestic_6_minus_12,degree,6,3,e_eligible_rounds,20,-0.3,-0.7,0.1
domestic_2_minus_12,degree,2,6,domestic_use,20,0.0033750487758971437,0.0006097560975609817,0.0069233830503183744
domestic_2_minus_12,degree,2,6,customer_use,20,0.10407069259575752,0.08334988280477938,0.1263843102115276
domestic_2_minus_12,degree,2,6,resolved_share,20,-0.015950477440660794,-0.04428453246185936,0.01530436682761739
domestic_2_minus_12,degree,2,6,d_to_e_all,20,0.10407069259575756,0.08370088042108466,0.12423130650002809
domestic_2_minus_12,degree,2,6,e_to_d_all,20,0.0033750487758971307,0.0006097560975609747,0.006826877929422992
domestic_2_minus_12,degree,2,6,d_eligible_rounds,20,981.55,904.1975,1056.95625
domestic_2_minus_12,degree,2,6,e_eligible_rounds,20,-1.3,-2.5,0.0
domestic_6_minus_12,degree,6,6,domestic_use,20,0.002098626011669491,0.0,0.0056465273856578235
domestic_6_minus_12,degree,6,6,customer_use,20,0.03189672061395942,0.008364063416032684,0.054935807261456034
domestic_6_minus_12,degree,6,6,resolved_share,20,-0.009637335607869979,-0.03622740118299505,0.016122032501707156
domestic_6_minus_12,degree,6,6,d_to_e_all,20,0.03189672061395941,0.009130629475491514,0.05451510244239341
domestic_6_minus_12,degree,6,6,e_to_d_all,20,0.00209862601166949,0.0,0.005646527385657821
domestic_6_minus_12,degree,6,6,d_eligible_rounds,20,219.85,202.89875,238.2
domestic_6_minus_12,degree,6,6,e_eligible_rounds,20,-1.35,-2.45,-0.25
domestic_2_minus_12,equal,2,1,domestic_use,20,-7.527853056299438e-06,-0.0018518518518518435,0.0018292682926829452
domestic_2_minus_12,equal,2,1,customer_use,20,0.11767917221341122,0.09379687843518292,0.14271754268568196
domestic_2_minus_12,equal,2,1,resolved_share,20,-0.015547417907701287,-0.047311008017221184,0.013744441193396325
domestic_2_minus_12,equal,2,1,d_to_e_all,20,0.11767917221341125,0.09333754865042695,0.1428769249548195
domestic_2_minus_12,equal,2,1,e_to_d_all,20,-7.527853056310194e-06,-0.001851851851851855,0.0018292682926829243
domestic_2_minus_12,equal,2,1,d_eligible_rounds,20,1077.3,1002.8924999999999,1149.07
domestic_2_minus_12,equal,2,1,e_eligible_rounds,20,52.45,15.74875,86.40249999999999
domestic_6_minus_12,equal,6,1,domestic_use,20,0.0006334977879693393,-0.0012420957542908617,0.0031039799180043294
domestic_6_minus_12,equal,6,1,customer_use,20,0.04404447640198365,0.025174699566490252,0.0618665226896287
domestic_6_minus_12,equal,6,1,resolved_share,20,-0.006465159464054013,-0.035662466330273986,0.021910377342947034
domestic_6_minus_12,equal,6,1,d_to_e_all,20,0.044044476401983654,0.02442729029674052,0.0628758411611778
domestic_6_minus_12,equal,6,1,e_to_d_all,20,0.00063349778796933,-0.0012345679012345698,0.0025565747110462504
domestic_6_minus_12,equal,6,1,d_eligible_rounds,20,231.2,215.54875,245.75125
domestic_6_minus_12,equal,6,1,e_eligible_rounds,20,-14.95,-35.25125,6.40374999999998
domestic_2_minus_12,equal,2,3,domestic_use,20,0.0018716608594657458,0.0,0.003928934378629518
domestic_2_minus_12,equal,2,3,customer_use,20,0.09216652205300033,0.07309735788661945,0.11130662339822509
domestic_2_minus_12,equal,2,3,resolved_share,20,-0.018082860863883155,-0.05749489192322161,0.015470639281893177
domestic_2_minus_12,equal,2,3,d_to_e_all,20,0.09216652205300035,0.0749175187292729,0.11201689238561661
domestic_2_minus_12,equal,2,3,e_to_d_all,20,0.0018716608594657354,0.0,0.003886178861788611
domestic_2_minus_12,equal,2,3,d_eligible_rounds,20,987.05,908.495,1071.15
domestic_2_minus_12,equal,2,3,e_eligible_rounds,20,-10.95,-16.5,-5.4
domestic_6_minus_12,equal,6,3,domestic_use,20,0.0005952380952380931,0.0,0.0017857142857142794
domestic_6_minus_12,equal,6,3,customer_use,20,0.028454429769483047,0.006587942522609126,0.050587271079685324
domestic_6_minus_12,equal,6,3,resolved_share,20,-0.0019449021205245498,-0.026592109585662962,0.025394624713290456
domestic_6_minus_12,equal,6,3,d_to_e_all,20,0.028454429769483036,0.0065542885246800825,0.050387409062310165
domestic_6_minus_12,equal,6,3,e_to_d_all,20,0.0005952380952380952,0.0,0.0017857142857142857
domestic_6_minus_12,equal,6,3,d_eligible_rounds,20,219.7,202.4475,236.2025
domestic_6_minus_12,equal,6,3,e_eligible_rounds,20,-11.35,-16.25,-6.6
domestic_2_minus_12,equal,2,6,domestic_use,20,0.0033750487758971437,0.0006483607855559079,0.0069802936194240635
domestic_2_minus_12,equal,2,6,customer_use,20,0.10407069259575752,0.08261953588257613,0.1241464746216749
domestic_2_minus_12,equal,2,6,resolved_share,20,-0.015950477440660794,-0.04534082240104497,0.014215522768975369
domestic_2_minus_12,equal,2,6,d_to_e_all,20,0.10407069259575756,0.08332753264089639,0.12449836539016107
domestic_2_minus_12,equal,2,6,e_to_d_all,20,0.0033750487758971307,0.0006097560975609747,0.007096235648409558
domestic_2_minus_12,equal,2,6,d_eligible_rounds,20,981.55,906.695,1062.45
domestic_2_minus_12,equal,2,6,e_eligible_rounds,20,-1.3,-2.65,-0.14875000000000682
domestic_6_minus_12,equal,6,6,domestic_use,20,0.002098626011669491,0.0,0.0056465273856578235
domestic_6_minus_12,equal,6,6,customer_use,20,0.03189672061395942,0.008446640669633049,0.05425346715214808
domestic_6_minus_12,equal,6,6,resolved_share,20,-0.009637335607869979,-0.033654521585147375,0.015171174245247557
domestic_6_minus_12,equal,6,6,d_to_e_all,20,0.03189672061395941,0.009419648791303109,0.05476827409333083
domestic_6_minus_12,equal,6,6,e_to_d_all,20,0.00209862601166949,0.0,0.0050096461509504305
domestic_6_minus_12,equal,6,6,d_eligible_rounds,20,219.85,203.49875,237.0025
domestic_6_minus_12,equal,6,6,e_eligible_rounds,20,-1.35,-2.5,-0.35
domestic_2_minus_12,pooled,2,1,domestic_use,20,0.0026868613057871304,0.0,0.006173647324542453
domestic_2_minus_12,pooled,2,1,customer_use,20,0.10721883812895587,0.08517141378963013,0.12788608866021625
domestic_2_minus_12,pooled,2,1,resolved_share,20,-0.021983275700504814,-0.04804017221149488,0.004142721792229394
domestic_2_minus_12,pooled,2,1,d_to_e_all,20,0.1072188381289559,0.08528104246012193,0.12860654510604788
domestic_2_minus_12,pooled,2,1,e_to_d_all,20,0.002686861305787136,0.0,0.0062958780350084705
domestic_2_minus_12,pooled,2,1,d_eligible_rounds,20,972.95,892.7975,1050.6525000000001
domestic_2_minus_12,pooled,2,1,e_eligible_rounds,20,0.0,-0.15,0.15
domestic_6_minus_12,pooled,6,1,domestic_use,20,0.0026868613057871304,0.0,0.006234762679775463
domestic_6_minus_12,pooled,6,1,customer_use,20,0.03450733376815633,0.014860339130607718,0.05366166952137814
domestic_6_minus_12,pooled,6,1,resolved_share,20,-0.014018347772117185,-0.04115039903395246,0.012386447312747791
domestic_6_minus_12,pooled,6,1,d_to_e_all,20,0.034507333768156324,0.015043675754226972,0.05270529863584195
domestic_6_minus_12,pooled,6,1,e_to_d_all,20,0.002686861305787136,0.0,0.006298114502718072
domestic_6_minus_12,pooled,6,1,d_eligible_rounds,20,220.4,202.645,238.35999999999993
domestic_6_minus_12,pooled,6,1,e_eligible_rounds,20,0.0,-0.15,0.15
domestic_2_minus_12,pooled,2,3,domestic_use,20,0.0026868613057871304,0.0,0.006112531969309443
domestic_2_minus_12,pooled,2,3,customer_use,20,0.10721883812895587,0.08646026551365234,0.12753056637355564
domestic_2_minus_12,pooled,2,3,resolved_share,20,-0.021983275700504814,-0.04960918130596426,0.003312653277234332
domestic_2_minus_12,pooled,2,3,d_to_e_all,20,0.1072188381289559,0.08675229017204439,0.12852478343326348
domestic_2_minus_12,pooled,2,3,e_to_d_all,20,0.002686861305787136,0.0,0.00644645209862601
domestic_2_minus_12,pooled,2,3,d_eligible_rounds,20,972.95,892.4975,1051.60375
domestic_2_minus_12,pooled,2,3,e_eligible_rounds,20,0.0,-0.15,0.15
domestic_6_minus_12,pooled,6,3,domestic_use,20,0.0026868613057871304,0.0,0.006234762679775463
domestic_6_minus_12,pooled,6,3,customer_use,20,0.03450733376815633,0.014831321498924264,0.05285078901491836
domestic_6_minus_12,pooled,6,3,resolved_share,20,-0.014018347772117185,-0.04038308711693848,0.011793414483274358
domestic_6_minus_12,pooled,6,3,d_to_e_all,20,0.034507333768156324,0.015339533087372662,0.05321381161388343
domestic_6_minus_12,pooled,6,3,e_to_d_all,20,0.002686861305787136,0.0,0.006175175208423278
domestic_6_minus_12,pooled,6,3,d_eligible_rounds,20,220.4,203.14875,238.35374999999996
domestic_6_minus_12,pooled,6,3,e_eligible_rounds,20,0.0,-0.15,0.15
domestic_2_minus_12,pooled,2,6,domestic_use,20,0.0026868613057871304,0.0,0.006173647324542453
domestic_2_minus_12,pooled,2,6,customer_use,20,0.10721883812895587,0.0844067900926683,0.12853627125220415
domestic_2_minus_12,pooled,2,6,resolved_share,20,-0.021983275700504814,-0.049775447419351374,0.00262007566368223
domestic_2_minus_12,pooled,2,6,d_to_e_all,20,0.1072188381289559,0.08426077006631129,0.12810092877755852
domestic_2_minus_12,pooled,2,6,e_to_d_all,20,0.002686861305787136,0.0,0.006234762679775466
domestic_2_minus_12,pooled,2,6,d_eligible_rounds,20,972.95,895.38375,1053.675
domestic_2_minus_12,pooled,2,6,e_eligible_rounds,20,0.0,-0.15,0.15
domestic_6_minus_12,pooled,6,6,domestic_use,20,0.0026868613057871304,0.0,0.006234762679775463
domestic_6_minus_12,pooled,6,6,customer_use,20,0.03450733376815633,0.014889271498805048,0.051917501270659694
domestic_6_minus_12,pooled,6,6,resolved_share,20,-0.014018347772117185,-0.041377942678854016,0.011834324563751296
domestic_6_minus_12,pooled,6,6,d_to_e_all,20,0.034507333768156324,0.015250855511881831,0.05307603955000653
domestic_6_minus_12,pooled,6,6,e_to_d_all,20,0.002686861305787136,0.0,0.006385336743393005
domestic_6_minus_12,pooled,6,6,d_eligible_rounds,20,220.4,203.0,238.00125
domestic_6_minus_12,pooled,6,6,e_eligible_rounds,20,0.0,-0.15,0.15
degree_minus_equal,degree,2,1,domestic_use,20,-0.01113659519628039,-0.017007807610791528,-0.005419303212678281
degree_minus_equal,degree,2,1,customer_use,20,-0.025178884325296913,-0.0364381524772659,-0.013559322385954026
degree_minus_equal,degree,2,1,resolved_share,20,0.004849007199838426,-0.026238359014266653,0.03573530051032496
degree_minus_equal,degree,2,1,d_to_e_all,20,-0.025178884325296913,-0.03666619702857907,-0.013147368978195868
degree_minus_equal,degree,2,1,e_to_d_all,20,-0.011136595196280375,-0.01693157481831692,-0.00516152052460017
degree_minus_equal,degree,2,1,d_eligible_rounds,20,-104.1,-142.6525,-61.12875000000012
degree_minus_equal,degree,2,1,e_eligible_rounds,20,-376.55,-433.1025,-321.44875
degree_minus_equal,degree,2,3,domestic_use,20,-0.0054506637062886835,-0.01134053115069555,0.0004468446187631449
degree_minus_equal,degree,2,3,customer_use,20,0.007316968456934081,-0.0008709921419160563,0.01586795885945151
degree_minus_equal,degree,2,3,resolved_share,20,0.001116584652587621,-0.024004812111501548,0.027248140536114726
degree_minus_equal,degree,2,3,d_to_e_all,20,0.007316968456934072,-0.0008903607138053951,0.01635084183955532
degree_minus_equal,degree,2,3,e_to_d_all,20,-0.00545066370628868,-0.011576001718354326,0.0004625048990277343
degree_minus_equal,degree,2,3,d_eligible_rounds,20,-16.3,-43.10125,8.451249999999993
degree_minus_equal,degree,2,3,e_eligible_rounds,20,-21.35,-25.0,-17.55
degree_minus_equal,degree,2,6,domestic_use,20,0.0,0.0,0.0
degree_minus_equal,degree,2,6,customer_use,20,0.0,0.0,0.0
degree_minus_equal,degree,2,6,resolved_share,20,0.0,0.0,0.0
degree_minus_equal,degree,2,6,d_to_e_all,20,0.0,0.0,0.0
degree_minus_equal,degree,2,6,e_to_d_all,20,0.0,0.0,0.0
degree_minus_equal,degree,2,6,d_eligible_rounds,20,0.0,0.0,0.0
degree_minus_equal,degree,2,6,e_eligible_rounds,20,0.0,0.0,0.0
degree_minus_equal,degree,6,1,domestic_use,20,-0.011777620837306029,-0.018378813558987152,-0.005592073764178153
degree_minus_equal,degree,6,1,customer_use,20,-0.024255692874668854,-0.03736793809881141,-0.010435898746488684
degree_minus_equal,degree,6,1,resolved_share,20,0.003731676684578783,-0.01768909925839803,0.023766360684075227
degree_minus_equal,degree,6,1,d_to_e_all,20,-0.02425569287466889,-0.03827578532304725,-0.00979103672857662
degree_minus_equal,degree,6,1,e_to_d_all,20,-0.011777620837306014,-0.017888096963044105,-0.005280153029932379
degree_minus_equal,degree,6,1,d_eligible_rounds,20,-10.55,-20.60125,0.5
degree_minus_equal,degree,6,1,e_eligible_rounds,20,-309.15,-353.95375,-263.8975
degree_minus_equal,degree,6,3,domestic_use,20,-0.0053792351348601,-0.011752213187508338,0.0005372748718147826
degree_minus_equal,degree,6,3,customer_use,20,-0.0025208812420901283,-0.013025372983341898,0.006799707665082111
degree_minus_equal,degree,6,3,resolved_share,20,-0.014111502832807727,-0.029153874342943437,0.0009161132776311552
degree_minus_equal,degree,6,3,d_to_e_all,20,-0.0025208812420901257,-0.013107290405448065,0.007667560219892041
degree_minus_equal,degree,6,3,e_to_d_all,20,-0.005379235134860116,-0.011795559777493537,0.0009087537961839956
degree_minus_equal,degree,6,3,d_eligible_rounds,20,0.1,-7.05125,7.002499999999986
degree_minus_equal,degree,6,3,e_eligible_rounds,20,-21.15,-25.8,-17.148750000000007
degree_minus_equal,degree,6,6,domestic_use,20,0.0,0.0,0.0
degree_minus_equal,degree,6,6,customer_use,20,0.0,0.0,0.0
degree_minus_equal,degree,6,6,resolved_share,20,0.0,0.0,0.0
degree_minus_equal,degree,6,6,d_to_e_all,20,0.0,0.0,0.0
degree_minus_equal,degree,6,6,e_to_d_all,20,0.0,0.0,0.0
degree_minus_equal,degree,6,6,d_eligible_rounds,20,0.0,0.0,0.0
degree_minus_equal,degree,6,6,e_eligible_rounds,20,0.0,0.0,0.0
degree_minus_equal,degree,12,1,domestic_use,20,-0.01383098435512382,-0.020127951275802004,-0.007417664144616865
degree_minus_equal,degree,12,1,customer_use,20,-0.014718550240841543,-0.03105299138165067,0.0004985279635242789
degree_minus_equal,degree,12,1,resolved_share,20,0.011284864992641955,-0.009802242755647094,0.03323472753582175
degree_minus_equal,degree,12,1,d_to_e_all,20,-0.014718550240841562,-0.029784184285225196,0.0008402313145047026
degree_minus_equal,degree,12,1,e_to_d_all,20,-0.01383098435512382,-0.020005254643240638,-0.0074442577190745795
degree_minus_equal,degree,12,1,d_eligible_rounds,20,0.25,-3.35125,3.8
degree_minus_equal,degree,12,1,e_eligible_rounds,20,-324.1,-373.25,-279.6
degree_minus_equal,degree,12,3,domestic_use,20,-0.0055627472748939755,-0.012429433648453512,0.0011435360254180736
degree_minus_equal,degree,12,3,customer_use,20,-0.005788476717613738,-0.01526967814859721,0.0027021331086448043
degree_minus_equal,degree,12,3,resolved_share,20,-0.0012196094415481446,-0.018121725103987383,0.0168147257198532
degree_minus_equal,degree,12,3,d_to_e_all,20,-0.005788476717613742,-0.015559162370452208,0.0033987110473105596
degree_minus_equal,degree,12,3,e_to_d_all,20,-0.0055627472748939946,-0.012249455474424173,0.0012179522916860265
degree_minus_equal,degree,12,3,d_eligible_rounds,20,-0.4,-2.85,2.0
degree_minus_equal,degree,12,3,e_eligible_rounds,20,-32.2,-39.801249999999996,-25.9
degree_minus_equal,degree,12,6,domestic_use,20,0.0,0.0,0.0
degree_minus_equal,degree,12,6,customer_use,20,0.0,0.0,0.0
degree_minus_equal,degree,12,6,resolved_share,20,0.0,0.0,0.0
degree_minus_equal,degree,12,6,d_to_e_all,20,0.0,0.0,0.0
degree_minus_equal,degree,12,6,e_to_d_all,20,0.0,0.0,0.0
degree_minus_equal,degree,12,6,d_eligible_rounds,20,0.0,0.0,0.0
degree_minus_equal,degree,12,6,e_eligible_rounds,20,0.0,0.0,0.0
topology_effect_degree_minus_equal,degree,2,1,domestic_use,20,-0.01113659519628039,-0.01725062757957775,-0.004938847111953648
topology_effect_degree_minus_equal,degree,2,1,customer_use,20,-0.025178884325296913,-0.0366586292122325,-0.013731703970350518
topology_effect_degree_minus_equal,degree,2,1,resolved_share,20,0.004849007199838426,-0.023950554302329726,0.035082744176904615
topology_effect_degree_minus_equal,degree,2,1,d_to_e_all,20,-0.025178884325296913,-0.03641056938599708,-0.013790375599864091
topology_effect_degree_minus_equal,degree,2,1,e_to_d_all,20,-0.011136595196280375,-0.016906176713679853,-0.005320320091849893
topology_effect_degree_minus_equal,degree,2,1,d_eligible_rounds,20,-104.1,-141.40125,-61.69750000000002
topology_effect_degree_minus_equal,degree,2,1,e_eligible_rounds,20,-376.55,-438.46125,-319.945
topology_effect_degree_minus_equal,degree,6,1,domestic_use,20,-0.011777620837306029,-0.01801881212061521,-0.0056099273756355685
topology_effect_degree_minus_equal,degree,6,1,customer_use,20,-0.024255692874668854,-0.03815317146880814,-0.011278512238851849
topology_effect_degree_minus_equal,degree,6,1,resolved_share,20,0.003731676684578783,-0.01798458944470662,0.02339358575558773
topology_effect_degree_minus_equal,degree,6,1,d_to_e_all,20,-0.02425569287466889,-0.037748418886147904,-0.01062858126017003
topology_effect_degree_minus_equal,degree,6,1,e_to_d_all,20,-0.011777620837306014,-0.01810039311392828,-0.005786292235954243
topology_effect_degree_minus_equal,degree,6,1,d_eligible_rounds,20,-10.55,-20.05,-0.14750000000001365
topology_effect_degree_minus_equal,degree,6,1,e_eligible_rounds,20,-309.15,-353.10625000000005,-265.9475
topology_effect_degree_minus_equal,degree,12,1,domestic_use,20,-0.01383098435512382,-0.02035805265180257,-0.007386304380840325
topology_effect_degree_minus_equal,degree,12,1,customer_use,20,-0.014718550240841543,-0.030706734402099815,0.0006750039387893805
topology_effect_degree_minus_equal,degree,12,1,resolved_share,20,0.011284864992641955,-0.009285684252597843,0.033053985071898516
topology_effect_degree_minus_equal,degree,12,1,d_to_e_all,20,-0.014718550240841562,-0.031241524782574873,0.0005117555409057871
topology_effect_degree_minus_equal,degree,12,1,e_to_d_all,20,-0.01383098435512382,-0.02032547369693791,-0.007097286471368718
topology_effect_degree_minus_equal,degree,12,1,d_eligible_rounds,20,0.25,-3.25,3.65
topology_effect_degree_minus_equal,degree,12,1,e_eligible_rounds,20,-324.1,-371.00375,-276.29875000000004
