time,case_id,employee,event
0,15:0,15,dispute_created
0,36:0,36,dispute_created
0,37:0,37,dispute_created
0,42:0,42,dispute_created
0,55:0,55,dispute_created
0,58:0,58,dispute_created
0,62:0,62,dispute_created
0,76:0,76,dispute_created
0,103:0,103,dispute_created
0,108:0,108,dispute_created
0,113:0,113,dispute_created
0,122:0,122,dispute_created
0,125:0,125,dispute_created
0,148:0,148,dispute_created
0,159:0,159,dispute_created
0,168:0,168,dispute_created
0,170:0,170,dispute_created
0,172:0,172,dispute_created
0,178:0,178,dispute_created
0,201:0,201,dispute_created
0,207:0,207,dispute_created
0,218:0,218,dispute_created
0,227:0,227,dispute_created
0,228:0,228,dispute_created
0,15:0,15,customer_received
0,37:0,37,domestic_received
0,122:0,122,domestic_received
0,168:0,168,customer_received
0,172:0,172,domestic_received
0,178:0,178,customer_received
1,55:0,55,customer_received
1,58:0,58,domestic_received
1,103:0,103,domestic_received
1,108:0,108,customer_received
1,159:0,159,domestic_received
1,170:0,170,domestic_received
1,201:0,201,customer_received
1,207:0,207,domestic_received
2,42:0,42,domestic_received
2,62:0,62,domestic_received
2,76:0,76,domestic_received
2,218:0,218,domestic_received
2,227:0,227,domestic_received
2,228:0,228,customer_received
2,37:0,37,domestic_responded
2,37:0,37,domestic_material_issued
2,37:0,37,domestic_remedy_supported
2,122:0,122,domestic_responded
2,122:0,122,domestic_material_issued
2,122:0,122,domestic_remedy_supported
2,172:0,172,domestic_responded
2,172:0,172,domestic_material_not_issued
2,172:0,172,domestic_remedy_supported
2,15:0,15,customer_reviewed
2,15:0,15,customer_intervened
2,168:0,168,customer_reviewed
2,168:0,168,customer_declined
2,178:0,178,customer_reviewed
2,178:0,178,customer_intervened
3,36:0,36,domestic_received
3,113:0,113,domestic_received
3,125:0,125,customer_received
3,148:0,148,domestic_received
3,168:0,168,domestic_received
3,58:0,58,domestic_responded
3,58:0,58,domestic_material_not_issued
3,58:0,58,domestic_no_remedy
3,103:0,103,domestic_responded
3,103:0,103,domestic_material_not_issued
3,103:0,103,domestic_remedy_supported
3,159:0,159,domestic_responded
3,159:0,159,domestic_material_not_issued
3,159:0,159,domestic_no_remedy
3,170:0,170,domestic_responded
3,170:0,170,domestic_material_not_issued
3,170:0,170,domestic_no_remedy
3,207:0,207,domestic_responded
3,207:0,207,domestic_material_issued
3,207:0,207,domestic_remedy_supported
3,55:0,55,customer_reviewed
3,55:0,55,customer_intervened
3,108:0,108,customer_reviewed
3,108:0,108,customer_intervened
3,201:0,201,customer_reviewed
3,201:0,201,customer_declined
3,37:0,37,domestic_implementation_success
3,122:0,122,domestic_implementation_success
3,172:0,172,domestic_implementation_success
3,15:0,15,firm_case_processed
3,15:0,15,customer_firm_success
3,178:0,178,firm_case_processed
3,178:0,178,customer_firm_failure
3,15:0,15,case_resolved
3,37:0,37,case_resolved
3,122:0,122,case_resolved
3,172:0,172,case_resolved
4,58:0,58,customer_received
4,159:0,159,customer_received
4,201:0,201,domestic_received
4,42:0,42,domestic_responded
4,42:0,42,domestic_material_not_issued
4,42:0,42,domestic_no_remedy
4,62:0,62,domestic_responded
4,62:0,62,domestic_material_issued
4,62:0,62,domestic_remedy_supported
4,76:0,76,domestic_responded
4,76:0,76,domestic_material_not_issued
4,76:0,76,domestic_no_remedy
4,218:0,218,domestic_responded
4,218:0,218,domestic_material_not_issued
4,218:0,218,domestic_no_remedy
4,227:0,227,domestic_responded
4,227:0,227,domestic_material_not_issued
4,227:0,227,domestic_no_remedy
4,228:0,228,customer_reviewed
4,228:0,228,customer_intervened
4,103:0,103,domestic_implementation_success
4,207:0,207,domestic_implementation_failure
4,55:0,55,firm_case_processed
4,55:0,55,customer_firm_failure
4,108:0,108,firm_case_processed
4,108:0,108,customer_firm_failure
4,103:0,103,case_resolved
5,55:0,55,domestic_received
5,76:0,76,customer_received
5,218:0,218,customer_received
5,36:0,36,domestic_responded
5,36:0,36,domestic_material_not_issued
5,36:0,36,domestic_no_remedy
5,113:0,113,domestic_responded
5,113:0,113,domestic_material_not_issued
5,113:0,113,domestic_remedy_supported
5,148:0,148,domestic_responded
5,148:0,148,domestic_material_not_issued
5,148:0,148,domestic_remedy_supported
5,168:0,168,domestic_responded
5,168:0,168,domestic_material_not_issued
5,168:0,168,domestic_no_remedy
5,125:0,125,customer_reviewed
5,125:0,125,customer_declined
5,62:0,62,domestic_implementation_success
5,228:0,228,firm_case_processed
5,228:0,228,customer_firm_success
5,62:0,62,case_resolved
5,228:0,228,case_resolved
6,5:6,5,dispute_created
6,33:6,33,dispute_created
6,34:6,34,dispute_created
6,40:6,40,dispute_created
6,46:6,46,dispute_created
6,82:6,82,dispute_created
6,95:6,95,dispute_created
6,96:6,96,dispute_created
6,137:6,137,dispute_created
6,140:6,140,dispute_created
6,153:6,153,dispute_created
6,171:6,171,dispute_created
6,176:6,176,dispute_created
6,187:6,187,dispute_created
6,199:6,199,dispute_created
6,206:6,206,dispute_created
6,214:6,214,dispute_created
6,148:0,148,customer_received
6,176:6,176,customer_received
6,199:6,199,customer_received
6,201:0,201,domestic_responded
6,201:0,201,domestic_material_not_issued
6,201:0,201,domestic_no_remedy
6,58:0,58,customer_reviewed
6,58:0,58,customer_intervened
6,159:0,159,customer_reviewed
6,159:0,159,customer_declined
6,113:0,113,domestic_implementation_success
6,148:0,148,domestic_implementation_success
6,113:0,113,case_resolved
6,148:0,148,e_cancelled_by_resolution
6,148:0,148,case_resolved
7,33:6,33,domestic_received
7,40:6,40,customer_received
7,96:6,96,domestic_received
7,125:0,125,domestic_received
7,171:6,171,domestic_received
7,187:6,187,customer_received
7,206:6,206,domestic_received
7,55:0,55,domestic_responded
7,55:0,55,domestic_material_not_issued
7,55:0,55,domestic_no_remedy
7,76:0,76,customer_reviewed
7,76:0,76,customer_intervened
7,218:0,218,customer_reviewed
7,218:0,218,customer_declined
7,58:0,58,firm_case_processed
7,58:0,58,customer_firm_failure
8,5:6,5,domestic_received
8,82:6,82,domestic_received
8,153:6,153,customer_received
8,176:6,176,customer_reviewed
8,176:6,176,customer_declined
8,199:6,199,customer_reviewed
8,199:6,199,customer_declined
8,76:0,76,firm_case_processed
8,76:0,76,customer_firm_success
8,76:0,76,case_resolved
9,34:6,34,customer_received
9,46:6,46,customer_received
9,140:6,140,customer_received
9,199:6,199,domestic_received
9,214:6,214,customer_received
9,33:6,33,domestic_responded
9,33:6,33,domestic_material_issued
9,33:6,33,domestic_remedy_supported
9,96:6,96,domestic_responded
9,96:6,96,domestic_material_not_issued
9,96:6,96,domestic_no_remedy
9,125:0,125,domestic_responded
9,125:0,125,domestic_material_not_issued
9,125:0,125,domestic_no_remedy
9,171:6,171,domestic_responded
9,171:6,171,domestic_material_not_issued
9,171:6,171,domestic_remedy_supported
9,206:6,206,domestic_responded
9,206:6,206,domestic_material_not_issued
9,206:6,206,domestic_no_remedy
9,40:6,40,customer_reviewed
9,40:6,40,customer_declined
9,187:6,187,customer_reviewed
9,187:6,187,customer_intervened
10,96:6,96,customer_received
10,206:6,206,customer_received
10,5:6,5,domestic_responded
10,5:6,5,domestic_material_not_issued
10,5:6,5,domestic_no_remedy
10,82:6,82,domestic_responded
10,82:6,82,domestic_material_issued
10,82:6,82,domestic_remedy_supported
10,153:6,153,customer_reviewed
10,153:6,153,customer_intervened
10,33:6,33,domestic_implementation_success
10,171:6,171,domestic_implementation_success
10,187:6,187,firm_case_processed
10,187:6,187,customer_firm_failure
10,33:6,33,case_resolved
10,171:6,171,case_resolved
11,199:6,199,domestic_responded
11,199:6,199,domestic_material_not_issued
11,199:6,199,domestic_no_remedy
11,34:6,34,customer_reviewed
11,34:6,34,customer_declined
11,46:6,46,customer_reviewed
11,46:6,46,customer_declined
11,140:6,140,customer_reviewed
11,140:6,140,customer_declined
11,214:6,214,customer_reviewed
11,214:6,214,customer_declined
11,82:6,82,domestic_implementation_success
11,153:6,153,firm_case_processed
11,153:6,153,customer_firm_failure
11,82:6,82,case_resolved
12,7:12,7,dispute_created
12,19:12,19,dispute_created
12,22:12,22,dispute_created
12,24:12,24,dispute_created
12,29:12,29,dispute_created
12,54:12,54,dispute_created
12,86:12,86,dispute_created
12,109:12,109,dispute_created
12,117:12,117,dispute_created
12,131:12,131,dispute_created
12,136:12,136,dispute_created
12,141:12,141,dispute_created
12,163:12,163,dispute_created
12,179:12,179,dispute_created
12,181:12,181,dispute_created
12,184:12,184,dispute_created
12,191:12,191,dispute_created
12,221:12,221,dispute_created
12,229:12,229,dispute_created
12,22:12,22,customer_received
12,24:12,24,domestic_received
12,140:6,140,domestic_received
12,153:6,153,domestic_received
12,191:12,191,domestic_received
12,214:6,214,domestic_received
12,96:6,96,customer_reviewed
12,96:6,96,customer_declined
12,206:6,206,customer_reviewed
12,206:6,206,customer_intervened
13,136:12,136,customer_received
13,163:12,163,domestic_received
13,179:12,179,customer_received
13,181:12,181,domestic_received
13,221:12,221,domestic_received
13,229:12,229,domestic_received
13,206:6,206,firm_case_processed
13,206:6,206,customer_firm_success
13,206:6,206,case_resolved
14,7:12,7,domestic_received
14,19:12,19,domestic_received
14,86:12,86,customer_received
14,131:12,131,customer_received
14,24:12,24,domestic_responded
14,24:12,24,domestic_material_not_issued
14,24:12,24,domestic_remedy_supported
14,140:6,140,domestic_responded
14,140:6,140,domestic_material_issued
14,140:6,140,domestic_remedy_supported
14,153:6,153,domestic_responded
14,153:6,153,domestic_material_not_issued
14,153:6,153,domestic_no_remedy
14,191:12,191,domestic_responded
14,191:12,191,domestic_material_not_issued
14,191:12,191,domestic_no_remedy
14,214:6,214,domestic_responded
14,214:6,214,domestic_material_issued
14,214:6,214,domestic_remedy_supported
14,22:12,22,customer_reviewed
14,22:12,22,customer_declined
15,54:12,54,domestic_received
15,109:12,109,domestic_received
15,117:12,117,domestic_received
15,141:12,141,domestic_received
15,184:12,184,domestic_received
15,163:12,163,domestic_responded
15,163:12,163,domestic_material_not_issued
15,163:12,163,domestic_remedy_supported
15,181:12,181,domestic_responded
15,181:12,181,domestic_material_not_issued
15,181:12,181,domestic_no_remedy
15,221:12,221,domestic_responded
15,221:12,221,domestic_material_not_issued
15,221:12,221,domestic_no_remedy
15,229:12,229,domestic_responded
15,229:12,229,domestic_material_not_issued
15,229:12,229,domestic_remedy_supported
15,136:12,136,customer_reviewed
15,136:12,136,customer_declined
15,179:12,179,customer_reviewed
15,179:12,179,customer_intervened
15,24:12,24,domestic_implementation_success
15,140:6,140,domestic_implementation_success
15,214:6,214,domestic_implementation_success
15,24:12,24,case_resolved
15,140:6,140,case_resolved
15,214:6,214,case_resolved
16,136:12,136,domestic_received
16,7:12,7,domestic_responded
16,7:12,7,domestic_material_issued
16,7:12,7,domestic_remedy_supported
16,19:12,19,domestic_responded
16,19:12,19,domestic_material_not_issued
16,19:12,19,domestic_remedy_supported
16,86:12,86,customer_reviewed
16,86:12,86,customer_intervened
16,131:12,131,customer_reviewed
16,131:12,131,customer_declined
16,163:12,163,domestic_implementation_success
16,229:12,229,domestic_implementation_success
16,179:12,179,firm_case_processed
16,179:12,179,customer_firm_failure
16,163:12,163,case_resolved
16,229:12,229,case_resolved
17,29:12,29,domestic_received
17,179:12,179,domestic_received
17,187:6,187,domestic_received
17,54:12,54,domestic_responded
17,54:12,54,domestic_material_issued
17,54:12,54,domestic_remedy_supported
17,109:12,109,domestic_responded
17,109:12,109,domestic_material_issued
17,109:12,109,domestic_remedy_supported
17,117:12,117,domestic_responded
17,117:12,117,domestic_material_not_issued
17,117:12,117,domestic_no_remedy
17,141:12,141,domestic_responded
17,141:12,141,domestic_material_not_issued
17,141:12,141,domestic_remedy_supported
17,184:12,184,domestic_responded
17,184:12,184,domestic_material_not_issued
17,184:12,184,domestic_remedy_supported
17,7:12,7,domestic_implementation_success
17,19:12,19,domestic_implementation_success
17,86:12,86,firm_case_processed
17,86:12,86,customer_firm_success
17,7:12,7,case_resolved
17,19:12,19,case_resolved
17,86:12,86,case_resolved
18,6:18,6,dispute_created
18,57:18,57,dispute_created
18,74:18,74,dispute_created
18,87:18,87,dispute_created
18,89:18,89,dispute_created
18,94:18,94,dispute_created
18,107:18,107,dispute_created
18,110:18,110,dispute_created
18,157:18,157,dispute_created
18,161:18,161,dispute_created
18,165:18,165,dispute_created
18,175:18,175,dispute_created
18,180:18,180,dispute_created
18,189:18,189,dispute_created
18,203:18,203,dispute_created
18,208:18,208,dispute_created
18,220:18,220,dispute_created
18,236:18,236,dispute_created
18,110:18,110,domestic_received
18,117:12,117,customer_received
18,131:12,131,domestic_received
18,136:12,136,domestic_responded
18,136:12,136,domestic_material_not_issued
18,136:12,136,domestic_remedy_supported
18,54:12,54,domestic_implementation_success
18,109:12,109,domestic_implementation_success
18,141:12,141,domestic_implementation_success
18,184:12,184,domestic_implementation_success
18,54:12,54,case_resolved
18,109:12,109,case_resolved
18,141:12,141,case_resolved
18,184:12,184,case_resolved
19,94:18,94,domestic_received
19,165:18,165,domestic_received
19,189:18,189,domestic_received
19,203:18,203,domestic_received
19,208:18,208,customer_received
19,29:12,29,domestic_responded
19,29:12,29,domestic_material_not_issued
19,29:12,29,domestic_no_remedy
19,179:12,179,domestic_responded
19,179:12,179,domestic_material_not_issued
19,179:12,179,domestic_no_remedy
19,187:6,187,domestic_responded
19,187:6,187,domestic_material_not_issued
19,187:6,187,domestic_no_remedy
19,136:12,136,domestic_implementation_success
19,136:12,136,case_resolved
20,57:18,57,domestic_received
20,176:6,176,domestic_received
20,110:18,110,domestic_responded
20,110:18,110,domestic_material_issued
20,110:18,110,domestic_remedy_supported
20,131:12,131,domestic_responded
20,131:12,131,domestic_material_not_issued
20,131:12,131,domestic_no_remedy
20,117:12,117,customer_reviewed
20,117:12,117,customer_intervened
21,6:18,6,domestic_received
21,87:18,87,domestic_received
21,89:18,89,domestic_received
21,157:18,157,domestic_received
21,161:18,161,domestic_received
21,180:18,180,domestic_received
21,220:18,220,customer_received
21,221:12,221,customer_received
21,94:18,94,domestic_responded
21,94:18,94,domestic_material_not_issued
21,94:18,94,domestic_no_remedy
21,165:18,165,domestic_responded
21,165:18,165,domestic_material_not_issued
21,165:18,165,domestic_remedy_supported
21,189:18,189,domestic_responded
21,189:18,189,domestic_material_issued
21,189:18,189,domestic_remedy_supported
21,203:18,203,domestic_responded
21,203:18,203,domestic_material_not_issued
21,203:18,203,domestic_no_remedy
21,208:18,208,customer_reviewed
21,208:18,208,customer_declined
21,110:18,110,domestic_implementation_success
21,117:12,117,firm_case_processed
21,117:12,117,customer_firm_failure
21,110:18,110,case_resolved
22,203:18,203,customer_received
22,57:18,57,domestic_responded
22,57:18,57,domestic_material_not_issued
22,57:18,57,domestic_no_remedy
22,176:6,176,domestic_responded
22,176:6,176,domestic_material_not_issued
22,176:6,176,domestic_remedy_supported
22,165:18,165,domestic_implementation_success
22,189:18,189,domestic_implementation_success
22,165:18,165,case_resolved
22,189:18,189,case_resolved
23,95:6,95,domestic_received
23,6:18,6,domestic_responded
23,6:18,6,domestic_material_issued
23,6:18,6,domestic_remedy_supported
23,87:18,87,domestic_responded
23,87:18,87,domestic_material_not_issued
23,87:18,87,domestic_no_remedy
23,89:18,89,domestic_responded
23,89:18,89,domestic_material_issued
23,89:18,89,domestic_remedy_supported
23,157:18,157,domestic_responded
23,157:18,157,domestic_material_not_issued
23,157:18,157,domestic_remedy_supported
23,161:18,161,domestic_responded
23,161:18,161,domestic_material_not_issued
23,161:18,161,domestic_remedy_supported
23,180:18,180,domestic_responded
23,180:18,180,domestic_material_issued
23,180:18,180,domestic_remedy_supported
23,220:18,220,customer_reviewed
23,220:18,220,customer_intervened
23,221:12,221,customer_reviewed
23,221:12,221,customer_declined
23,176:6,176,domestic_implementation_success
23,176:6,176,case_resolved
24,1:24,1,dispute_created
24,23:24,23,dispute_created
24,28:24,28,dispute_created
24,48:24,48,dispute_created
24,50:24,50,dispute_created
24,53:24,53,dispute_created
24,79:24,79,dispute_created
24,88:24,88,dispute_created
24,93:24,93,dispute_created
24,97:24,97,dispute_created
24,101:24,101,dispute_created
24,135:24,135,dispute_created
24,162:24,162,dispute_created
24,195:24,195,dispute_created
24,197:24,197,dispute_created
24,202:24,202,dispute_created
24,215:24,215,dispute_created
24,226:24,226,dispute_created
24,230:24,230,dispute_created
24,1:24,1,domestic_received
24,93:24,93,domestic_received
24,101:24,101,domestic_received
24,108:0,108,domestic_received
24,195:24,195,domestic_received
24,215:24,215,customer_received
24,203:18,203,customer_reviewed
24,203:18,203,customer_intervened
24,6:18,6,domestic_implementation_success
24,89:18,89,domestic_implementation_success
24,157:18,157,domestic_implementation_success
24,161:18,161,domestic_implementation_success
24,180:18,180,domestic_implementation_success
24,220:18,220,firm_case_processed
24,220:18,220,customer_firm_success
24,6:18,6,case_resolved
24,89:18,89,case_resolved
24,157:18,157,case_resolved
24,161:18,161,case_resolved
24,180:18,180,case_resolved
24,220:18,220,case_resolved
25,74:18,74,domestic_received
25,88:24,88,customer_received
25,107:18,107,domestic_received
25,135:24,135,domestic_received
25,95:6,95,domestic_responded
25,95:6,95,domestic_material_not_issued
25,95:6,95,domestic_no_remedy
25,203:18,203,firm_case_processed
25,203:18,203,customer_firm_failure
26,23:24,23,domestic_received
26,28:24,28,domestic_received
26,53:24,53,customer_received
26,137:6,137,domestic_received
26,162:24,162,domestic_received
26,162:24,162,customer_received
26,175:18,175,customer_received
26,202:24,202,domestic_received
26,230:24,230,domestic_received
26,1:24,1,domestic_responded
26,1:24,1,domestic_material_not_issued
26,1:24,1,domestic_remedy_supported
26,93:24,93,domestic_responded
26,93:24,93,domestic_material_not_issued
26,93:24,93,domestic_remedy_supported
26,101:24,101,domestic_responded
26,101:24,101,domestic_material_not_issued
26,101:24,101,domestic_remedy_supported
26,108:0,108,domestic_responded
26,108:0,108,domestic_material_not_issued
26,108:0,108,domestic_no_remedy
26,195:24,195,domestic_responded
26,195:24,195,domestic_material_not_issued
26,195:24,195,domestic_remedy_supported
26,215:24,215,customer_reviewed
26,215:24,215,customer_declined
27,48:24,48,customer_received
27,50:24,50,domestic_received
27,79:24,79,customer_received
27,97:24,97,customer_received
27,197:24,197,customer_received
27,74:18,74,domestic_responded
27,74:18,74,domestic_material_not_issued
27,74:18,74,domestic_no_remedy
27,107:18,107,domestic_responded
27,107:18,107,domestic_material_issued
27,107:18,107,domestic_remedy_supported
27,135:24,135,domestic_responded
27,135:24,135,domestic_material_not_issued
27,135:24,135,domestic_remedy_supported
27,88:24,88,customer_reviewed
27,88:24,88,customer_intervened
27,1:24,1,domestic_implementation_success
27,93:24,93,domestic_implementation_failure
27,101:24,101,domestic_implementation_success
27,195:24,195,domestic_implementation_success
27,1:24,1,case_resolved
27,101:24,101,case_resolved
27,195:24,195,case_resolved
28,22:12,22,domestic_received
28,46:6,46,domestic_received
28,23:24,23,domestic_responded
28,23:24,23,domestic_material_not_issued
28,23:24,23,domestic_no_remedy
28,28:24,28,domestic_responded
28,28:24,28,domestic_material_not_issued
28,28:24,28,domestic_no_remedy
28,137:6,137,domestic_responded
28,137:6,137,domestic_material_not_issued
28,137:6,137,domestic_no_remedy
28,162:24,162,domestic_responded
28,162:24,162,domestic_material_issued
28,162:24,162,domestic_remedy_supported
28,202:24,202,domestic_responded
28,202:24,202,domestic_material_not_issued
28,202:24,202,domestic_no_remedy
28,230:24,230,domestic_responded
28,230:24,230,domestic_material_not_issued
28,230:24,230,domestic_no_remedy
28,53:24,53,customer_reviewed
28,53:24,53,customer_intervened
28,162:24,162,customer_reviewed
28,162:24,162,customer_declined
28,175:18,175,customer_reviewed
28,175:18,175,customer_declined
28,107:18,107,domestic_implementation_success
28,135:24,135,domestic_implementation_success
28,88:24,88,firm_case_processed
28,88:24,88,customer_firm_failure
28,107:18,107,case_resolved
28,135:24,135,case_resolved
29,50:24,50,domestic_responded
29,50:24,50,domestic_material_not_issued
29,50:24,50,domestic_no_remedy
29,48:24,48,customer_reviewed
29,48:24,48,customer_intervened
29,79:24,79,customer_reviewed
29,79:24,79,customer_declined
29,97:24,97,customer_reviewed
29,97:24,97,customer_declined
29,197:24,197,customer_reviewed
29,197:24,197,customer_intervened
29,162:24,162,domestic_implementation_failure
29,53:24,53,firm_case_processed
29,53:24,53,customer_firm_success
29,53:24,53,case_resolved
30,16:30,16,dispute_created
30,17:30,17,dispute_created
30,18:30,18,dispute_created
30,69:30,69,dispute_created
30,84:30,84,dispute_created
30,102:30,102,dispute_created
30,127:30,127,dispute_created
30,128:30,128,dispute_created
30,149:30,149,dispute_created
30,164:30,164,dispute_created
30,209:30,209,dispute_created
30,210:30,210,dispute_created
30,216:30,216,dispute_created
30,219:30,219,dispute_created
30,17:30,17,domestic_received
30,18:30,18,domestic_received
30,79:24,79,domestic_received
30,97:24,97,domestic_received
30,128:30,128,domestic_received
30,164:30,164,domestic_received
30,22:12,22,domestic_responded
30,22:12,22,domestic_material_issued
30,22:12,22,domestic_remedy_supported
30,46:6,46,domestic_responded
30,46:6,46,domestic_material_issued
30,46:6,46,domestic_remedy_supported
30,48:24,48,firm_case_processed
30,48:24,48,customer_firm_success
30,197:24,197,firm_case_processed
30,197:24,197,customer_firm_success
30,48:24,48,case_resolved
30,197:24,197,case_resolved
31,102:30,102,domestic_received
31,127:30,127,domestic_received
31,202:24,202,customer_received
31,22:12,22,domestic_implementation_success
31,46:6,46,domestic_implementation_success
31,22:12,22,case_resolved
31,46:6,46,case_resolved
32,16:30,16,domestic_received
32,84:30,84,domestic_received
32,149:30,149,customer_received
32,210:30,210,customer_received
32,219:30,219,customer_received
32,17:30,17,domestic_responded
32,17:30,17,domestic_material_not_issued
32,17:30,17,domestic_no_remedy
32,18:30,18,domestic_responded
32,18:30,18,domestic_material_not_issued
32,18:30,18,domestic_no_remedy
32,79:24,79,domestic_responded
32,79:24,79,domestic_material_not_issued
32,79:24,79,domestic_no_remedy
32,97:24,97,domestic_responded
32,97:24,97,domestic_material_not_issued
32,97:24,97,domestic_no_remedy
32,128:30,128,domestic_responded
32,128:30,128,domestic_material_issued
32,128:30,128,domestic_remedy_supported
32,164:30,164,domestic_responded
32,164:30,164,domestic_material_not_issued
32,164:30,164,domestic_no_remedy
33,17:30,17,customer_received
33,18:30,18,customer_received
33,69:30,69,customer_received
33,88:24,88,domestic_received
33,209:30,209,customer_received
33,102:30,102,domestic_responded
33,102:30,102,domestic_material_issued
33,102:30,102,domestic_remedy_supported
33,127:30,127,domestic_responded
33,127:30,127,domestic_material_issued
33,127:30,127,domestic_remedy_supported
33,202:24,202,customer_reviewed
33,202:24,202,customer_intervened
33,128:30,128,domestic_implementation_success
33,128:30,128,case_resolved
34,127:30,127,customer_received
34,16:30,16,domestic_responded
34,16:30,16,domestic_material_not_issued
34,16:30,16,domestic_no_remedy
34,84:30,84,domestic_responded
34,84:30,84,domestic_material_not_issued
34,84:30,84,domestic_no_remedy
34,149:30,149,customer_reviewed
34,149:30,149,customer_declined
34,210:30,210,customer_reviewed
34,210:30,210,customer_intervened
34,219:30,219,customer_reviewed
34,219:30,219,customer_intervened
34,102:30,102,domestic_implementation_success
34,127:30,127,domestic_implementation_success
34,202:24,202,firm_case_processed
34,202:24,202,customer_firm_failure
34,102:30,102,case_resolved
34,127:30,127,e_cancelled_by_resolution
34,127:30,127,case_resolved
35,34:6,34,domestic_received
35,149:30,149,domestic_received
35,175:18,175,domestic_received
35,219:30,219,domestic_received
35,88:24,88,domestic_responded
35,88:24,88,domestic_material_not_issued
35,88:24,88,domestic_no_remedy
35,17:30,17,customer_reviewed
35,17:30,17,customer_declined
35,18:30,18,customer_reviewed
35,18:30,18,customer_declined
35,69:30,69,customer_reviewed
35,69:30,69,customer_declined
35,209:30,209,customer_reviewed
35,209:30,209,customer_declined
35,210:30,210,firm_case_processed
35,210:30,210,customer_firm_success
35,219:30,219,firm_case_processed
35,219:30,219,customer_firm_failure
35,210:30,210,case_resolved
36,27:36,27,dispute_created
36,47:36,47,dispute_created
36,59:36,59,dispute_created
36,66:36,66,dispute_created
36,67:36,67,dispute_created
36,68:36,68,dispute_created
36,83:36,83,dispute_created
36,106:36,106,dispute_created
36,124:36,124,dispute_created
36,130:36,130,dispute_created
36,154:36,154,dispute_created
36,166:36,166,dispute_created
36,182:36,182,dispute_created
36,193:36,193,dispute_created
36,204:36,204,dispute_created
36,205:36,205,dispute_created
36,223:36,223,dispute_created
36,224:36,224,dispute_created
36,231:36,231,dispute_created
36,233:36,233,dispute_created
36,27:36,27,customer_received
36,36:0,36,customer_received
36,47:36,47,domestic_received
36,59:36,59,domestic_received
36,68:36,68,customer_received
36,182:36,182,customer_received
36,209:30,209,domestic_received
37,66:36,66,domestic_received
37,124:36,124,domestic_received
37,233:36,233,customer_received
37,34:6,34,domestic_responded
37,34:6,34,domestic_material_not_issued
37,34:6,34,domestic_no_remedy
37,149:30,149,domestic_responded
37,149:30,149,domestic_material_not_issued
37,149:30,149,domestic_no_remedy
37,175:18,175,domestic_responded
37,175:18,175,domestic_material_issued
37,175:18,175,domestic_remedy_supported
37,219:30,219,domestic_responded
37,219:30,219,domestic_material_not_issued
37,219:30,219,domestic_remedy_supported
38,130:36,130,customer_received
38,154:36,154,customer_received
38,224:36,224,customer_received
38,47:36,47,domestic_responded
38,47:36,47,domestic_material_not_issued
38,47:36,47,domestic_no_remedy
38,59:36,59,domestic_responded
38,59:36,59,domestic_material_not_issued
38,59:36,59,domestic_no_remedy
38,209:30,209,domestic_responded
38,209:30,209,domestic_material_issued
38,209:30,209,domestic_remedy_supported
38,27:36,27,customer_reviewed
38,27:36,27,customer_declined
38,36:0,36,customer_reviewed
38,36:0,36,customer_declined
38,68:36,68,customer_reviewed
38,68:36,68,customer_declined
38,182:36,182,customer_reviewed
38,182:36,182,customer_declined
38,175:18,175,domestic_implementation_success
38,219:30,219,domestic_implementation_success
38,175:18,175,case_resolved
38,219:30,219,case_resolved
39,59:36,59,customer_received
39,67:36,67,domestic_received
39,68:36,68,domestic_received
39,83:36,83,domestic_received
39,166:36,166,domestic_received
39,193:36,193,customer_received
39,204:36,204,domestic_received
39,204:36,204,customer_received
39,205:36,205,customer_received
39,223:36,223,customer_received
39,231:36,231,domestic_received
39,66:36,66,domestic_responded
39,66:36,66,domestic_material_not_issued
39,66:36,66,domestic_no_remedy
39,124:36,124,domestic_responded
39,124:36,124,domestic_material_not_issued
39,124:36,124,domestic_no_remedy
39,233:36,233,customer_reviewed
39,233:36,233,customer_declined
39,209:30,209,domestic_implementation_success
39,209:30,209,case_resolved
40,124:36,124,customer_received
40,130:36,130,customer_reviewed
40,130:36,130,customer_declined
40,154:36,154,customer_reviewed
40,154:36,154,customer_intervened
40,224:36,224,customer_reviewed
40,224:36,224,customer_declined
41,130:36,130,domestic_received
41,67:36,67,domestic_responded
41,67:36,67,domestic_material_not_issued
41,67:36,67,domestic_no_remedy
41,68:36,68,domestic_responded
41,68:36,68,domestic_material_not_issued
41,68:36,68,domestic_no_remedy
41,83:36,83,domestic_responded
41,83:36,83,domestic_material_not_issued
41,83:36,83,domestic_no_remedy
41,166:36,166,domestic_responded
41,166:36,166,domestic_material_not_issued
41,166:36,166,domestic_remedy_supported
41,204:36,204,domestic_responded
41,204:36,204,domestic_material_issued
41,204:36,204,domestic_remedy_supported
41,231:36,231,domestic_responded
41,231:36,231,domestic_material_issued
41,231:36,231,domestic_remedy_supported
41,59:36,59,customer_reviewed
41,59:36,59,customer_intervened
41,193:36,193,customer_reviewed
41,193:36,193,customer_declined
41,204:36,204,customer_reviewed
41,204:36,204,customer_declined
41,205:36,205,customer_reviewed
41,205:36,205,customer_declined
41,223:36,223,customer_reviewed
41,223:36,223,customer_intervened
41,154:36,154,firm_case_processed
41,154:36,154,customer_firm_failure
42,4:42,4,dispute_created
42,8:42,8,dispute_created
42,20:42,20,dispute_created
42,61:42,61,dispute_created
42,77:42,77,dispute_created
42,78:42,78,dispute_created
42,92:42,92,dispute_created
42,100:42,100,dispute_created
42,112:42,112,dispute_created
42,114:42,114,dispute_created
42,118:42,118,dispute_created
42,120:42,120,dispute_created
42,126:42,126,dispute_created
42,143:42,143,dispute_created
42,151:42,151,dispute_created
42,158:42,158,dispute_created
42,169:42,169,dispute_created
42,183:42,183,dispute_created
42,190:42,190,dispute_created
42,192:42,192,dispute_created
42,235:42,235,dispute_created
42,237:42,237,dispute_created
42,238:42,238,dispute_created
42,8:42,8,customer_received
42,61:42,61,domestic_received
42,67:36,67,customer_received
42,77:42,77,customer_received
42,118:42,118,domestic_received
42,154:36,154,domestic_received
42,183:42,183,domestic_received
42,193:36,193,domestic_received
42,233:36,233,domestic_received
42,238:42,238,customer_received
42,124:36,124,customer_reviewed
42,124:36,124,customer_intervened
42,166:36,166,domestic_implementation_success
42,204:36,204,domestic_implementation_success
42,231:36,231,domestic_implementation_success
42,223:36,223,firm_case_processed
42,223:36,223,customer_firm_failure
42,59:36,59,firm_case_processed
42,59:36,59,customer_firm_success
42,59:36,59,case_resolved
42,166:36,166,case_resolved
42,204:36,204,case_resolved
42,231:36,231,case_resolved
43,92:42,92,customer_received
43,112:42,112,domestic_received
43,114:42,114,domestic_received
43,226:24,226,domestic_received
43,235:42,235,domestic_received
43,130:36,130,domestic_responded
43,130:36,130,domestic_material_not_issued
43,130:36,130,domestic_remedy_supported
43,124:36,124,firm_case_processed
43,124:36,124,customer_firm_success
43,124:36,124,case_resolved
44,20:42,20,customer_received
44,100:42,100,domestic_received
44,126:42,126,domestic_received
44,158:42,158,customer_received
44,190:42,190,domestic_received
44,192:42,192,domestic_received
44,237:42,237,customer_received
44,61:42,61,domestic_responded
44,61:42,61,domestic_material_issued
44,61:42,61,domestic_remedy_supported
44,118:42,118,domestic_responded
44,118:42,118,domestic_material_issued
44,118:42,118,domestic_remedy_supported
44,154:36,154,domestic_responded
44,154:36,154,domestic_material_not_issued
44,154:36,154,domestic_no_remedy
44,183:42,183,domestic_responded
44,183:42,183,domestic_material_not_issued
44,183:42,183,domestic_no_remedy
44,193:36,193,domestic_responded
44,193:36,193,domestic_material_issued
44,193:36,193,domestic_remedy_supported
44,233:36,233,domestic_responded
44,233:36,233,domestic_material_issued
44,233:36,233,domestic_remedy_supported
44,8:42,8,customer_reviewed
44,8:42,8,customer_intervened
44,67:36,67,customer_reviewed
44,67:36,67,customer_intervened
44,77:42,77,customer_reviewed
44,77:42,77,customer_intervened
44,238:42,238,customer_reviewed
44,238:42,238,customer_declined
44,130:36,130,domestic_implementation_success
44,130:36,130,case_resolved
45,4:42,4,customer_received
45,23:24,23,customer_received
45,78:42,78,domestic_received
45,120:42,120,domestic_received
45,143:42,143,domestic_received
45,151:42,151,domestic_received
45,169:42,169,domestic_received
45,183:42,183,customer_received
45,112:42,112,domestic_responded
45,112:42,112,domestic_material_not_issued
45,112:42,112,domestic_no_remedy
45,114:42,114,domestic_responded
45,114:42,114,domestic_material_not_issued
45,114:42,114,domestic_no_remedy
45,226:24,226,domestic_responded
45,226:24,226,domestic_material_not_issued
45,226:24,226,domestic_no_remedy
45,235:42,235,domestic_responded
45,235:42,235,domestic_material_not_issued
45,235:42,235,domestic_no_remedy
45,92:42,92,customer_reviewed
45,92:42,92,customer_intervened
45,61:42,61,domestic_implementation_success
45,118:42,118,domestic_implementation_success
45,193:36,193,domestic_implementation_success
45,233:36,233,domestic_implementation_success
45,77:42,77,firm_case_processed
45,77:42,77,customer_firm_failure
45,67:36,67,firm_case_processed
45,67:36,67,customer_firm_success
45,8:42,8,firm_case_processed
45,8:42,8,customer_firm_success
45,8:42,8,case_resolved
45,61:42,61,case_resolved
45,67:36,67,case_resolved
45,118:42,118,case_resolved
45,193:36,193,case_resolved
45,233:36,233,case_resolved
46,77:42,77,domestic_received
46,238:42,238,domestic_received
46,100:42,100,domestic_responded
46,100:42,100,domestic_material_not_issued
46,100:42,100,domestic_remedy_supported
46,126:42,126,domestic_responded
46,126:42,126,domestic_material_issued
46,126:42,126,domestic_remedy_supported
46,190:42,190,domestic_responded
46,190:42,190,domestic_material_issued
46,190:42,190,domestic_remedy_supported
46,192:42,192,domestic_responded
46,192:42,192,domestic_material_issued
46,192:42,192,domestic_remedy_supported
46,20:42,20,customer_reviewed
46,20:42,20,customer_declined
46,158:42,158,customer_reviewed
46,158:42,158,customer_intervened
46,237:42,237,customer_reviewed
46,237:42,237,customer_intervened
46,92:42,92,firm_case_processed
46,92:42,92,customer_firm_success
46,92:42,92,case_resolved
47,74:18,74,customer_received
47,95:6,95,customer_received
47,78:42,78,domestic_responded
47,78:42,78,domestic_material_not_issued
47,78:42,78,domestic_no_remedy
47,120:42,120,domestic_responded
47,120:42,120,domestic_material_not_issued
47,120:42,120,domestic_no_remedy
47,143:42,143,domestic_responded
47,143:42,143,domestic_material_not_issued
47,143:42,143,domestic_no_remedy
47,151:42,151,domestic_responded
47,151:42,151,domestic_material_not_issued
47,151:42,151,domestic_remedy_supported
47,169:42,169,domestic_responded
47,169:42,169,domestic_material_not_issued
47,169:42,169,domestic_no_remedy
47,4:42,4,customer_reviewed
47,4:42,4,customer_intervened
47,23:24,23,customer_reviewed
47,23:24,23,customer_declined
47,183:42,183,customer_reviewed
47,183:42,183,customer_intervened
47,100:42,100,domestic_implementation_failure
47,126:42,126,domestic_implementation_success
47,190:42,190,domestic_implementation_success
47,192:42,192,domestic_implementation_success
47,237:42,237,firm_case_processed
47,237:42,237,customer_firm_failure
47,158:42,158,firm_case_processed
47,158:42,158,customer_firm_success
47,126:42,126,case_resolved
47,158:42,158,case_resolved
47,190:42,190,case_resolved
47,192:42,192,case_resolved
48,69:30,69,domestic_received
48,208:18,208,domestic_received
48,77:42,77,domestic_responded
48,77:42,77,domestic_material_not_issued
48,77:42,77,domestic_no_remedy
48,238:42,238,domestic_responded
48,238:42,238,domestic_material_issued
48,238:42,238,domestic_remedy_supported
48,151:42,151,domestic_implementation_success
48,183:42,183,firm_case_processed
48,183:42,183,customer_firm_success
48,4:42,4,firm_case_processed
48,4:42,4,customer_firm_success
48,4:42,4,case_resolved
48,151:42,151,case_resolved
48,183:42,183,case_resolved
49,74:18,74,customer_reviewed
49,74:18,74,customer_intervened
49,95:6,95,customer_reviewed
49,95:6,95,customer_intervened
49,238:42,238,domestic_implementation_success
49,238:42,238,case_resolved
50,69:30,69,domestic_responded
50,69:30,69,domestic_material_not_issued
50,69:30,69,domestic_remedy_supported
50,208:18,208,domestic_responded
50,208:18,208,domestic_material_not_issued
50,208:18,208,domestic_no_remedy
50,95:6,95,firm_case_processed
50,95:6,95,customer_firm_success
50,74:18,74,firm_case_processed
50,74:18,74,customer_firm_success
50,74:18,74,case_resolved
50,95:6,95,case_resolved
51,69:30,69,domestic_implementation_failure
56,237:42,237,domestic_received
57,84:30,84,customer_received
58,40:6,40,domestic_received
58,237:42,237,domestic_responded
58,237:42,237,domestic_material_issued
58,237:42,237,domestic_remedy_supported
59,84:30,84,customer_reviewed
59,84:30,84,customer_declined
59,237:42,237,domestic_implementation_success
59,237:42,237,case_resolved
60,42:0,42,customer_received
60,93:24,93,customer_received
60,224:36,224,domestic_received
60,40:6,40,domestic_responded
60,40:6,40,domestic_material_issued
60,40:6,40,domestic_remedy_supported
61,40:6,40,domestic_implementation_success
61,40:6,40,case_resolved
62,224:36,224,domestic_responded
62,224:36,224,domestic_material_not_issued
62,224:36,224,domestic_no_remedy
62,42:0,42,customer_reviewed
62,42:0,42,customer_intervened
62,93:24,93,customer_reviewed
62,93:24,93,customer_intervened
63,93:24,93,firm_case_processed
63,93:24,93,customer_firm_failure
63,42:0,42,firm_case_processed
63,42:0,42,customer_firm_success
63,42:0,42,case_resolved
64,27:36,27,domestic_received
64,137:6,137,customer_received
64,143:42,143,customer_received
65,235:42,235,customer_received
