time,customer,eligible,reviewed,eligible_left,nominal_capacity,oldest_eligible_age
0,0,0,0,0,4,0
0,1,0,0,0,4,0
0,2,0,0,0,4,0
0,3,0,0,0,0,0
0,4,0,0,0,0,0
0,5,0,0,0,0,0
1,0,0,0,0,4,0
1,1,0,0,0,4,0
1,2,0,0,0,4,0
1,3,0,0,0,0,0
1,4,0,0,0,0,0
1,5,0,0,0,0,0
2,0,0,0,0,4,0
2,1,2,2,0,4,2
2,2,1,1,0,4,2
2,3,0,0,0,0,0
2,4,0,0,0,0,0
2,5,0,0,0,0,0
3,0,2,2,0,4,2
3,1,1,1,0,4,2
3,2,0,0,0,4,0
3,3,0,0,0,0,0
3,4,0,0,0,0,0
3,5,0,0,0,0,0
4,0,0,0,0,4,0
4,1,0,0,0,4,0
4,2,1,1,0,4,2
4,3,0,0,0,0,0
4,4,0,0,0,0,0
4,5,0,0,0,0,0
5,0,0,0,0,4,0
5,1,1,1,0,4,2
5,2,0,0,0,4,0
5,3,0,0,0,0,0
5,4,0,0,0,0,0
5,5,0,0,0,0,0
6,0,0,0,0,4,0
6,1,0,0,0,4,0
6,2,0,0,0,4,0
6,3,0,0,0,0,0
6,4,0,0,0,0,0
6,5,0,0,0,0,0
7,0,0,0,0,4,0
7,1,0,0,0,4,0
7,2,0,0,0,4,0
7,3,0,0,0,0,0
7,4,0,0,0,0,0
7,5,0,0,0,0,0
8,0,2,2,0,4,2
8,1,1,1,0,4,2
8,2,1,1,0,4,2
8,3,0,0,0,0,0
8,4,0,0,0,0,0
8,5,0,0,0,0,0
9,0,1,1,0,4,2
9,1,1,1,0,4,2
9,2,1,1,0,4,2
9,3,0,0,0,0,0
9,4,0,0,0,0,0
9,5,0,0,0,0,0
10,0,0,0,0,4,0
10,1,1,1,0,4,2
10,2,0,0,0,4,0
10,3,0,0,0,0,0
10,4,0,0,0,0,0
10,5,0,0,0,0,0
11,0,1,1,0,4,2
11,1,2,2,0,4,2
11,2,0,0,0,4,0
11,3,0,0,0,0,0
11,4,0,0,0,0,0
11,5,0,0,0,0,0
12,0,1,1,0,4,2
12,1,0,0,0,4,0
12,2,0,0,0,4,0
12,3,0,0,0,0,0
12,4,0,0,0,0,0
12,5,0,0,0,0,0
13,0,0,0,0,4,0
13,1,0,0,0,4,0
13,2,0,0,0,4,0
13,3,0,0,0,0,0
13,4,0,0,0,0,0
13,5,0,0,0,0,0
14,0,1,1,0,4,2
14,1,0,0,0,4,0
14,2,0,0,0,4,0
14,3,0,0,0,0,0
14,4,0,0,0,0,0
14,5,0,0,0,0,0
15,0,1,1,0,4,2
15,1,1,1,0,4,2
15,2,0,0,0,4,0
15,3,0,0,0,0,0
15,4,0,0,0,0,0
15,5,0,0,0,0,0
16,0,1,1,0,4,2
16,1,0,0,0,4,0
16,2,0,0,0,4,0
16,3,0,0,0,0,0
16,4,0,0,0,0,0
16,5,0,0,0,0,0
17,0,1,1,0,4,2
17,1,1,1,0,4,2
17,2,0,0,0,4,0
17,3,0,0,0,0,0
17,4,0,0,0,0,0
17,5,0,0,0,0,0
18,0,0,0,0,4,0
18,1,0,0,0,4,0
18,2,0,0,0,4,0
18,3,0,0,0,0,0
18,4,0,0,0,0,0
18,5,0,0,0,0,0
19,0,0,0,0,4,0
19,1,0,0,0,4,0
19,2,0,0,0,4,0
19,3,0,0,0,0,0
19,4,0,0,0,0,0
19,5,0,0,0,0,0
20,0,0,0,0,4,0
20,1,0,0,0,4,0
20,2,0,0,0,4,0
20,3,0,0,0,0,0
20,4,0,0,0,0,0
20,5,0,0,0,0,0
21,0,2,2,0,4,2
21,1,2,2,0,4,2
21,2,1,1,0,4,2
21,3,0,0,0,0,0
21,4,0,0,0,0,0
21,5,0,0,0,0,0
22,0,0,0,0,4,0
22,1,0,0,0,4,0
22,2,0,0,0,4,0
22,3,0,0,0,0,0
22,4,0,0,0,0,0
22,5,0,0,0,0,0
23,0,2,2,0,4,2
23,1,1,1,0,4,2
23,2,0,0,0,4,0
23,3,0,0,0,0,0
23,4,0,0,0,0,0
23,5,0,0,0,0,0
24,0,0,0,0,4,0
24,1,0,0,0,4,0
24,2,1,1,0,4,2
24,3,0,0,0,0,0
24,4,0,0,0,0,0
24,5,0,0,0,0,0
25,0,0,0,0,4,0
25,1,1,1,0,4,2
25,2,0,0,0,4,0
25,3,0,0,0,0,0
25,4,0,0,0,0,0
25,5,0,0,0,0,0
26,0,0,0,0,4,0
26,1,1,1,0,4,2
26,2,0,0,0,4,0
26,3,0,0,0,0,0
26,4,0,0,0,0,0
26,5,0,0,0,0,0
27,0,0,0,0,4,0
27,1,1,1,0,4,2
27,2,1,1,0,4,2
27,3,0,0,0,0,0
27,4,0,0,0,0,0
27,5,0,0,0,0,0
28,0,1,1,0,4,2
28,1,1,1,0,4,2
28,2,0,0,0,4,0
28,3,0,0,0,0,0
28,4,0,0,0,0,0
28,5,0,0,0,0,0
29,0,2,2,0,4,2
29,1,2,2,0,4,2
29,2,0,0,0,4,0
29,3,0,0,0,0,0
29,4,0,0,0,0,0
29,5,0,0,0,0,0
30,0,0,0,0,4,0
30,1,0,0,0,4,0
30,2,0,0,0,4,0
30,3,0,0,0,0,0
30,4,0,0,0,0,0
30,5,0,0,0,0,0
31,0,0,0,0,4,0
31,1,1,1,0,4,2
31,2,2,2,0,4,2
31,3,0,0,0,0,0
31,4,0,0,0,0,0
31,5,0,0,0,0,0
32,0,0,0,0,4,0
32,1,0,0,0,4,0
32,2,2,2,0,4,2
32,3,0,0,0,0,0
32,4,0,0,0,0,0
32,5,0,0,0,0,0
33,0,0,0,0,4,0
33,1,1,1,0,4,2
33,2,2,2,0,4,2
33,3,0,0,0,0,0
33,4,0,0,0,0,0
33,5,0,0,0,0,0
34,0,4,4,0,4,2
34,1,1,1,0,4,2
34,2,0,0,0,4,0
34,3,0,0,0,0,0
34,4,0,0,0,0,0
34,5,0,0,0,0,0
35,0,1,1,0,4,2
35,1,0,0,0,4,0
35,2,1,1,0,4,2
35,3,0,0,0,0,0
35,4,0,0,0,0,0
35,5,0,0,0,0,0
36,0,1,1,0,4,2
36,1,0,0,0,4,0
36,2,0,0,0,4,0
36,3,0,0,0,0,0
36,4,0,0,0,0,0
36,5,0,0,0,0,0
37,0,0,0,0,4,0
37,1,0,0,0,4,0
37,2,0,0,0,4,0
37,3,0,0,0,0,0
37,4,0,0,0,0,0
37,5,0,0,0,0,0
38,0,2,2,0,4,2
38,1,0,0,0,4,0
38,2,1,1,0,4,2
38,3,0,0,0,0,0
38,4,0,0,0,0,0
38,5,0,0,0,0,0
39,0,0,0,0,4,0
39,1,1,1,0,4,2
39,2,0,0,0,4,0
39,3,0,0,0,0,0
39,4,0,0,0,0,0
39,5,0,0,0,0,0
40,0,0,0,0,4,0
40,1,0,0,0,4,0
40,2,3,3,0,4,2
40,3,0,0,0,0,0
40,4,0,0,0,0,0
40,5,0,0,0,0,0
41,0,1,1,0,4,2
41,1,2,2,0,4,2
41,2,0,0,0,4,0
41,3,0,0,0,0,0
41,4,0,0,0,0,0
41,5,0,0,0,0,0
42,0,0,0,0,4,0
42,1,0,0,0,4,0
42,2,0,0,0,4,0
42,3,0,0,0,0,0
42,4,0,0,0,0,0
42,5,0,0,0,0,0
43,0,0,0,0,4,0
43,1,0,0,0,4,0
43,2,0,0,0,4,0
43,3,0,0,0,0,0
43,4,0,0,0,0,0
43,5,0,0,0,0,0
44,0,1,1,0,4,2
44,1,0,0,0,4,0
44,2,1,1,0,4,2
44,3,0,0,0,0,0
44,4,0,0,0,0,0
44,5,0,0,0,0,0
45,0,2,2,0,4,2
45,1,1,1,0,4,2
45,2,0,0,0,4,0
45,3,0,0,0,0,0
45,4,0,0,0,0,0
45,5,0,0,0,0,0
46,0,1,1,0,4,2
46,1,1,1,0,4,2
46,2,1,1,0,4,2
46,3,0,0,0,0,0
46,4,0,0,0,0,0
46,5,0,0,0,0,0
47,0,0,0,0,4,0
47,1,2,2,0,4,2
47,2,2,2,0,4,2
47,3,0,0,0,0,0
47,4,0,0,0,0,0
47,5,0,0,0,0,0
48,0,0,0,0,4,0
48,1,0,0,0,4,0
48,2,0,0,0,4,0
48,3,0,0,0,0,0
48,4,0,0,0,0,0
48,5,0,0,0,0,0
49,0,0,0,0,4,0
49,1,3,3,0,4,2
49,2,1,1,0,4,2
49,3,0,0,0,0,0
49,4,0,0,0,0,0
49,5,0,0,0,0,0
50,0,0,0,0,4,0
50,1,0,0,0,4,0
50,2,0,0,0,4,0
50,3,0,0,0,0,0
50,4,0,0,0,0,0
50,5,0,0,0,0,0
51,0,0,0,0,4,0
51,1,0,0,0,4,0
51,2,1,1,0,4,2
51,3,0,0,0,0,0
51,4,0,0,0,0,0
51,5,0,0,0,0,0
52,0,1,1,0,4,2
52,1,0,0,0,4,0
52,2,0,0,0,4,0
52,3,0,0,0,0,0
52,4,0,0,0,0,0
52,5,0,0,0,0,0
53,0,0,0,0,4,0
53,1,0,0,0,4,0
53,2,1,1,0,4,2
53,3,0,0,0,0,0
53,4,0,0,0,0,0
53,5,0,0,0,0,0
54,0,0,0,0,4,0
54,1,1,1,0,4,2
54,2,0,0,0,4,0
54,3,0,0,0,0,0
54,4,0,0,0,0,0
54,5,0,0,0,0,0
55,0,0,0,0,4,0
55,1,1,1,0,4,2
55,2,0,0,0,4,0
55,3,0,0,0,0,0
55,4,0,0,0,0,0
55,5,0,0,0,0,0
56,0,2,2,0,4,2
56,1,0,0,0,4,0
56,2,0,0,0,4,0
56,3,0,0,0,0,0
56,4,0,0,0,0,0
56,5,0,0,0,0,0
57,0,0,0,0,4,0
57,1,0,0,0,4,0
57,2,0,0,0,4,0
57,3,0,0,0,0,0
57,4,0,0,0,0,0
57,5,0,0,0,0,0
58,0,1,1,0,4,2
58,1,0,0,0,4,0
58,2,1,1,0,4,2
58,3,0,0,0,0,0
58,4,0,0,0,0,0
58,5,0,0,0,0,0
59,0,1,1,0,4,2
59,1,1,1,0,4,2
59,2,0,0,0,4,0
59,3,0,0,0,0,0
59,4,0,0,0,0,0
59,5,0,0,0,0,0
60,0,1,1,0,4,2
60,1,0,0,0,4,0
60,2,0,0,0,4,0
60,3,0,0,0,0,0
60,4,0,0,0,0,0
60,5,0,0,0,0,0
61,0,0,0,0,4,0
61,1,0,0,0,4,0
61,2,0,0,0,4,0
61,3,0,0,0,0,0
61,4,0,0,0,0,0
61,5,0,0,0,0,0
62,0,0,0,0,4,0
62,1,1,1,0,4,2
62,2,0,0,0,4,0
62,3,0,0,0,0,0
62,4,0,0,0,0,0
62,5,0,0,0,0,0
63,0,0,0,0,4,0
63,1,1,1,0,4,2
63,2,0,0,0,4,0
63,3,0,0,0,0,0
63,4,0,0,0,0,0
63,5,0,0,0,0,0
64,0,0,0,0,4,0
64,1,0,0,0,4,0
64,2,0,0,0,4,0
64,3,0,0,0,0,0
64,4,0,0,0,0,0
64,5,0,0,0,0,0
65,0,0,0,0,4,0
65,1,0,0,0,4,0
65,2,0,0,0,4,0
65,3,0,0,0,0,0
65,4,0,0,0,0,0
65,5,0,0,0,0,0
