seed,employee,merit,dependence,material,success_off,success_on
0,0,0.992760059691461,0.4068637130282758,False,False,False
0,1,0.42403633705529986,0.538940423438798,False,False,False
0,3,0.21223919630908938,0.20694384778006247,True,False,False
0,6,0.9052472326700784,0.8835149181532819,False,False,False
0,7,0.43136060466874526,0.4068637130282758,False,False,False
0,8,0.3960478194003253,0.4068637130282758,True,True,True
0,10,0.6438525166688605,0.8835149181532819,False,True,True
0,12,0.5273082560727348,0.538940423438798,False,False,False
0,15,0.9636525868444654,0.17485006268219494,True,False,False
0,17,0.47358953296039524,0.538940423438798,False,False,False
0,19,0.7665179959059183,0.20694384778006247,False,False,False
0,20,0.3300545909333682,0.20694384778006247,False,False,False
0,21,0.8922244628158189,0.20694384778006247,True,False,False
0,22,0.8932192284287896,0.17485006268219494,True,False,False
0,24,0.40228009063611153,0.17485006268219494,True,False,False
0,27,0.23505082056970572,0.8853926971592309,False,True,True
0,30,0.812423584071269,0.4068637130282758,False,False,False
0,31,0.9469976583411543,0.17485006268219494,True,False,False
0,35,0.24004808460833615,0.538940423438798,True,True,True
0,39,0.29980267696089175,0.17485006268219494,False,False,False
0,42,0.5181381035783981,0.8853926971592309,False,False,False
0,45,0.9062133005588473,0.4068637130282758,False,False,False
0,46,0.6022381767052344,0.8853926971592309,True,False,False
0,49,0.5966172958732835,0.8853926971592309,True,False,False
0,50,0.9418125466328746,0.538940423438798,True,True,True
0,52,0.9696043638289182,0.8835149181532819,True,False,False
0,54,0.9312490218410299,0.17485006268219494,True,False,True
0,58,0.6648866098493449,0.4068637130282758,False,True,True
0,59,0.6943385467328902,0.8853926971592309,True,False,False
0,60,0.6451244971410584,0.8853926971592309,True,False,True
0,61,0.9596398737119458,0.4068637130282758,True,True,True
0,62,0.5080031486909644,0.8835149181532819,True,True,True
0,68,0.6434450740162051,0.538940423438798,False,True,True
0,69,0.9149858922629852,0.4068637130282758,True,False,False
0,70,0.8472291736018014,0.8835149181532819,True,False,False
0,71,0.5421108680144316,0.4068637130282758,True,False,False
0,73,0.4398843340243584,0.538940423438798,False,False,False
0,75,0.38056012843572185,0.17485006268219494,True,False,False
0,76,0.6959689137536169,0.8853926971592309,True,False,False
0,77,0.2708541504726042,0.538940423438798,True,True,True
0,79,0.45041942962650766,0.4068637130282758,True,False,False
0,82,0.2545469766510456,0.20694384778006247,False,True,True
0,83,0.5415892646915648,0.538940423438798,False,False,False
0,85,0.31254583059964214,0.8853926971592309,False,False,False
0,88,0.27828789082103156,0.20694384778006247,False,False,False
0,90,0.6178074463153476,0.538940423438798,False,True,True
0,91,0.4788570711031347,0.538940423438798,False,False,False
0,92,0.5847470334629051,0.20694384778006247,True,False,False
0,101,0.6530162742182607,0.8835149181532819,True,False,True
0,103,0.7324613089902952,0.538940423438798,True,False,False
0,104,0.5808246765612821,0.538940423438798,False,False,False
0,108,0.28682579742600656,0.20694384778006247,False,False,False
0,111,0.5766195370648515,0.4068637130282758,True,False,True
0,113,0.7321578856744935,0.20694384778006247,True,False,False
0,117,0.4520993418102399,0.8853926971592309,True,True,True
0,118,0.3424592674749437,0.4068637130282758,True,False,False
1,2,0.6002803291124421,0.6862674022205739,False,False,False
1,8,0.3573420587320577,0.6862674022205739,True,True,True
1,10,0.25453017698401936,0.758734583388695,False,False,False
1,14,0.6132437915777511,0.13182192908870077,False,False,False
1,16,0.3690615552667403,0.13182192908870077,False,False,False
1,17,0.3643961463176572,0.13182192908870077,False,False,False
1,18,0.35659188592267627,0.25254853460300397,True,False,True
1,19,0.3969251565240546,0.758734583388695,False,False,False
1,20,0.8897476499213339,0.25254853460300397,False,False,False
1,21,0.7015528764532439,0.13182192908870077,False,True,True
1,22,0.7013308659219586,0.6862674022205739,True,False,False
1,23,0.4904907369557601,0.13182192908870077,False,False,False
1,24,0.4401791774018371,0.589043725706995,True,False,False
1,25,0.27859164948760795,0.6862674022205739,False,True,True
1,30,0.4816373162304185,0.13182192908870077,False,False,False
1,31,0.21637578878336683,0.758734583388695,False,True,True
1,32,0.4053585240262192,0.13182192908870077,True,False,False
1,33,0.9540608125716827,0.13182192908870077,False,True,True
1,36,0.48411365745081947,0.13182192908870077,True,False,False
1,39,0.7202535604388898,0.6862674022205739,True,False,True
1,40,0.6617603489525259,0.25254853460300397,True,False,False
1,41,0.3391087769708814,0.6862674022205739,True,False,False
1,42,0.5558881108850464,0.589043725706995,True,False,False
1,47,0.3540713688942712,0.25254853460300397,True,False,False
1,49,0.8588062818637103,0.13182192908870077,True,False,False
1,53,0.8205458616250867,0.589043725706995,True,False,False
1,54,0.5100214439863483,0.758734583388695,False,False,False
1,56,0.6700619672174444,0.25254853460300397,True,False,False
1,57,0.9888689917092139,0.13182192908870077,False,False,False
1,58,0.5708044541362354,0.758734583388695,False,False,False
1,59,0.20153790427539323,0.758734583388695,False,True,True
1,61,0.4754480454319464,0.13182192908870077,False,False,False
1,65,0.8347673557443012,0.589043725706995,True,False,False
1,68,0.2850856534184041,0.758734583388695,False,True,True
1,69,0.23066390585333674,0.758734583388695,True,False,False
1,71,0.6409255871700263,0.758734583388695,True,False,False
1,72,0.56746489995568,0.758734583388695,True,True,True
1,74,0.8267394215140826,0.758734583388695,False,False,False
1,75,0.6071267021338925,0.589043725706995,False,False,False
1,77,0.7820386878678354,0.589043725706995,False,False,False
1,78,0.27791540070764476,0.6862674022205739,True,False,False
1,79,0.41382223294609377,0.589043725706995,False,False,False
1,82,0.33844807359651286,0.25254853460300397,True,False,False
1,83,0.779176880177405,0.589043725706995,True,False,False
1,84,0.85956627914947,0.25254853460300397,False,True,True
1,85,0.8054680310666391,0.13182192908870077,True,False,False
1,86,0.7524651940914366,0.758734583388695,True,True,True
1,91,0.4861740645245945,0.13182192908870077,False,False,False
1,92,0.3468122593697689,0.13182192908870077,False,False,False
1,93,0.2764916091342302,0.6862674022205739,True,False,False
1,95,0.49195398443056704,0.25254853460300397,True,False,False
1,97,0.9025808686078844,0.13182192908870077,False,False,False
1,100,0.47924428261997154,0.25254853460300397,True,False,False
1,102,0.3987521543076027,0.589043725706995,False,True,True
1,103,0.7317922249751685,0.25254853460300397,False,False,False
1,104,0.4489270361175008,0.25254853460300397,False,False,False
1,105,0.3423370358619502,0.589043725706995,False,False,False
1,106,0.755788747179085,0.6862674022205739,True,True,True
1,107,0.3074355744084997,0.25254853460300397,False,True,True
1,110,0.5525806308252321,0.25254853460300397,True,False,False
1,112,0.28529887260822273,0.13182192908870077,True,False,False
1,113,0.32249880265396025,0.25254853460300397,False,False,False
1,114,0.3158422657579534,0.589043725706995,True,False,False
1,116,0.7301393218312968,0.589043725706995,True,True,True
1,118,0.5376293835218275,0.6862674022205739,True,False,False
2,1,0.6341485527239827,0.7156068604100809,True,False,True
2,2,0.828279754408755,0.793912732264696,False,True,True
2,3,0.928736050882851,0.793912732264696,False,True,True
2,5,0.5875315192354639,0.7156068604100809,False,True,True
2,8,0.2403588355784967,0.7384529223100982,True,True,True
2,9,0.29762237533201463,0.7384529223100982,False,True,True
2,12,0.44555789329078954,0.793912732264696,False,False,False
2,17,0.36789243419276146,0.7156068604100809,True,False,False
2,21,0.7265881851118845,0.35775814586464866,True,False,False
2,22,0.7658404377346628,0.16848726585779328,True,False,False
2,23,0.251031565218684,0.7384529223100982,True,False,False
2,24,0.9763748509495958,0.793912732264696,True,False,False
2,25,0.8692842087972028,0.7156068604100809,True,False,False
2,26,0.9290972946646114,0.35775814586464866,True,True,True
2,27,0.8226655911410286,0.7156068604100809,False,True,True
2,29,0.9706320339235892,0.35775814586464866,True,True,True
2,30,0.965889783559305,0.35775814586464866,True,True,True
2,37,0.4081059121179205,0.35775814586464866,True,False,False
2,39,0.8524964455124777,0.793912732264696,True,False,False
2,40,0.650974242592307,0.16848726585779328,True,False,False
2,44,0.5461152098379769,0.16848726585779328,True,True,True
2,47,0.29324976917419604,0.7156068604100809,False,True,True
2,48,0.3307044738687829,0.16848726585779328,True,False,False
2,50,0.5699752238877516,0.7384529223100982,False,False,False
2,51,0.713537417777043,0.7384529223100982,True,False,True
2,53,0.901879220022668,0.35775814586464866,True,False,False
2,55,0.9087340523288825,0.793912732264696,True,False,True
2,58,0.20735126929069045,0.793912732264696,False,False,False
2,59,0.9017581510602077,0.16848726585779328,False,False,False
2,60,0.6162674213173533,0.35775814586464866,True,False,False
2,61,0.279454763370042,0.7156068604100809,True,False,False
2,62,0.2649567290049774,0.16848726585779328,True,False,False
2,65,0.2463453587768373,0.7156068604100809,False,True,True
2,66,0.24438897394047193,0.7384529223100982,True,False,True
2,67,0.3041772809810347,0.35775814586464866,False,False,False
2,68,0.4555581440729551,0.35775814586464866,False,True,True
2,70,0.6643353897225901,0.793912732264696,True,False,False
2,71,0.8864902740331746,0.35775814586464866,True,True,True
2,85,0.23440679901353187,0.7156068604100809,True,False,True
2,86,0.3908219659514936,0.7156068604100809,False,False,False
2,87,0.5229618234250935,0.793912732264696,True,False,False
2,88,0.5758990930758234,0.7384529223100982,True,True,True
2,93,0.6917164115827596,0.793912732264696,True,False,True
2,94,0.6848006211930062,0.35775814586464866,False,False,False
2,95,0.6770260448157066,0.793912732264696,False,False,False
2,96,0.8873896700841601,0.7156068604100809,False,False,False
2,97,0.3296798296575819,0.793912732264696,True,False,False
2,100,0.5609369541960114,0.7156068604100809,True,False,False
2,101,0.7867342891790694,0.7156068604100809,True,False,False
2,102,0.9175536155285611,0.16848726585779328,True,True,True
2,104,0.7533197857839644,0.7384529223100982,True,True,True
2,105,0.9433916750806792,0.35775814586464866,False,False,False
2,111,0.31239903489857224,0.7384529223100982,True,False,False
2,112,0.9420995108734507,0.35775814586464866,True,False,True
2,119,0.8474427652538732,0.793912732264696,True,True,True
3,0,0.39684603226904686,0.5552543457154002,False,False,False
3,1,0.5903062035520605,0.3377488174767139,True,False,False
3,4,0.9375858849153569,0.7280915880874461,True,False,True
3,6,0.3466289666504488,0.7942826252745164,True,False,False
3,7,0.6758819834528609,0.5552543457154002,False,False,False
3,8,0.9542707556960717,0.5552543457154002,False,False,False
3,11,0.22636565679061108,0.7280915880874461,False,True,True
3,12,0.46965833541377927,0.3377488174767139,False,False,False
3,13,0.7909675545002006,0.7280915880874461,True,True,True
3,14,0.8159461549110962,0.5552543457154002,True,False,False
3,18,0.3385559957248921,0.20507946879177197,True,False,False
3,24,0.20735073287200745,0.7280915880874461,False,False,False
3,25,0.5407231637734222,0.20507946879177197,True,True,True
3,26,0.41082578382553364,0.3377488174767139,True,False,False
3,28,0.3873709302290836,0.20507946879177197,True,True,True
3,29,0.5476025295519418,0.7942826252745164,False,True,True
3,30,0.8514593552137217,0.7942826252745164,True,True,True
3,33,0.2518696923397298,0.20507946879177197,True,False,False
3,36,0.549355137196305,0.20507946879177197,True,False,False
3,37,0.9226450865370734,0.7280915880874461,True,False,False
3,39,0.3367200049537041,0.20507946879177197,True,False,False
3,41,0.5397093901638175,0.3377488174767139,False,False,False
3,42,0.38664159599483955,0.7280915880874461,False,True,True
3,44,0.610354197692363,0.20507946879177197,True,False,False
3,45,0.8564414862176071,0.3377488174767139,True,False,True
3,46,0.4952520314905293,0.5552543457154002,True,False,False
3,48,0.5167286621554946,0.3377488174767139,True,False,True
3,49,0.438320267313305,0.20507946879177197,False,True,True
3,50,0.7903881912494224,0.7280915880874461,True,False,False
3,51,0.5411296035299467,0.20507946879177197,True,False,False
3,52,0.8082228793637793,0.3377488174767139,True,False,False
3,53,0.6445801725899161,0.7280915880874461,False,True,True
3,54,0.7037210112865122,0.3377488174767139,True,False,False
3,55,0.396980070786125,0.20507946879177197,False,False,False
3,56,0.8637963588141493,0.5552543457154002,False,False,False
3,57,0.8782783667457539,0.5552543457154002,False,False,False
3,58,0.4689622989043635,0.7280915880874461,False,True,True
3,60,0.9724821460286233,0.7280915880874461,False,False,False
3,61,0.9222212699055643,0.7942826252745164,True,True,True
3,63,0.9272757051461813,0.7942826252745164,True,True,True
3,65,0.31511244379970266,0.3377488174767139,False,False,False
3,67,0.6832949286776864,0.5552543457154002,True,False,False
3,68,0.4681498346100497,0.5552543457154002,True,False,True
3,71,0.2913093473225719,0.7280915880874461,False,True,True
3,72,0.3011998561661864,0.5552543457154002,False,True,True
3,73,0.30837130122524653,0.5552543457154002,False,False,False
3,75,0.8752390772751033,0.7280915880874461,False,False,False
3,76,0.9947888479516087,0.20507946879177197,True,False,True
3,78,0.39426915070988555,0.7942826252745164,True,False,False
3,80,0.9089997177071529,0.7942826252745164,True,False,False
3,81,0.7567515834850129,0.7942826252745164,True,True,True
3,84,0.5316433772002426,0.5552543457154002,True,True,True
3,85,0.8611258281918523,0.7280915880874461,True,True,True
3,89,0.7439023211417253,0.7942826252745164,False,True,True
3,95,0.2690335212379245,0.20507946879177197,False,False,False
3,96,0.5898268814299785,0.7280915880874461,True,False,True
3,99,0.478269956346543,0.7942826252745164,False,False,False
3,101,0.4092646592228416,0.20507946879177197,False,False,False
3,103,0.692954630775027,0.3377488174767139,True,True,True
3,108,0.88489386175966,0.7942826252745164,False,False,False
3,112,0.6541285837395312,0.3377488174767139,True,False,False
3,113,0.2964716680016679,0.5552543457154002,False,False,False
3,114,0.21808381209240357,0.7942826252745164,False,False,False
3,115,0.5624445845536457,0.7280915880874461,False,True,True
3,117,0.581018610324108,0.7942826252745164,False,False,False
3,119,0.5116931017994857,0.5552543457154002,True,True,True
4,1,0.3491138407177182,0.17026535284359823,True,False,False
4,6,0.5940827392484063,0.8520071348326608,True,False,False
4,9,0.688827205904553,0.8520071348326608,False,False,False
4,11,0.8454053230622496,0.8968503503554535,True,False,True
4,13,0.5941710487584471,0.17026535284359823,False,False,False
4,15,0.4996553733299542,0.17026535284359823,True,False,False
4,18,0.40023318957444803,0.8968503503554535,True,False,False
4,25,0.7873252600862768,0.3690579229406948,False,False,False
4,30,0.7048489434782914,0.8520071348326608,True,True,True
4,33,0.4648092718169508,0.17026535284359823,True,False,False
4,34,0.44569064240883005,0.17026535284359823,False,False,False
4,35,0.8469289111738372,0.8968503503554535,False,False,False
4,37,0.9977333333904141,0.8968503503554535,True,True,True
4,38,0.5165015667957458,0.3690579229406948,True,False,False
4,39,0.7282669311003522,0.8520071348326608,False,True,True
4,45,0.4919837202507409,0.8968503503554535,True,True,True
4,47,0.44620628514263255,0.8968503503554535,False,True,True
4,51,0.5778250572752512,0.3690579229406948,True,True,True
4,52,0.7728621704400658,0.8520071348326608,True,False,False
4,53,0.990033525424769,0.8968503503554535,True,False,False
4,58,0.6327482823918071,0.8968503503554535,True,False,True
4,60,0.4925419167245722,0.3690579229406948,True,False,False
4,62,0.6706005266877504,0.3690579229406948,True,False,False
4,63,0.7227569211592975,0.3690579229406948,False,False,False
4,64,0.7547877437554769,0.17026535284359823,False,False,False
4,67,0.5436475540452717,0.8520071348326608,False,False,False
4,69,0.4668899206837545,0.8520071348326608,True,False,True
4,70,0.7551685081427286,0.8520071348326608,True,False,True
4,72,0.9242133682672582,0.8520071348326608,True,False,False
4,73,0.5166052940520764,0.8520071348326608,True,False,False
4,75,0.9475875955277313,0.3690579229406948,True,False,True
4,77,0.2955761034463901,0.3690579229406948,True,False,False
4,78,0.33663396119908773,0.3690579229406948,True,False,False
4,80,0.8028997190770888,0.3690579229406948,True,True,True
4,81,0.7206096405169526,0.3690579229406948,True,False,False
4,89,0.24303249785041398,0.17026535284359823,False,False,False
4,90,0.6048726848110639,0.8520071348326608,True,False,False
4,94,0.403145166866564,0.8968503503554535,False,False,False
4,96,0.37114118478180064,0.17026535284359823,False,False,False
4,97,0.38746064415523257,0.17026535284359823,False,False,False
4,98,0.5807887421331756,0.3690579229406948,True,False,True
4,100,0.8598903434568721,0.8968503503554535,False,False,False
4,103,0.8589866122993346,0.8520071348326608,True,True,True
4,106,0.3351159999113256,0.8968503503554535,False,False,False
4,108,0.9809254189632624,0.8968503503554535,True,True,True
4,110,0.3476628420694823,0.8520071348326608,False,False,False
4,115,0.8409651235877302,0.8968503503554535,True,False,False
4,116,0.9344058726128701,0.8968503503554535,True,False,True
4,119,0.20237999309228025,0.3690579229406948,True,False,False
5,1,0.7489018655999855,0.47608458743986837,False,True,True
5,2,0.6832370797494183,0.20485580282732224,True,False,False
5,5,0.3441808699918789,0.3761502746406177,False,False,False
5,8,0.285120733198635,0.20485580282732224,False,False,False
5,11,0.8567216920846885,0.3761502746406177,True,False,False
5,14,0.7270369304114379,0.47608458743986837,True,True,True
5,15,0.5411130239168502,0.47608458743986837,False,False,False
5,16,0.6776980831498018,0.7754229987512492,True,False,False
5,18,0.7882941976609654,0.20485580282732224,True,True,True
5,21,0.5894477903871187,0.20485580282732224,True,False,False
5,24,0.5306727708572114,0.3761502746406177,False,False,False
5,26,0.350833838674629,0.3761502746406177,True,True,True
5,27,0.6681372000593668,0.3761502746406177,False,True,True
5,32,0.6430116179493464,0.7026234136607266,True,False,False
5,34,0.7675305416698699,0.47608458743986837,True,False,False
5,35,0.6662579183625661,0.3761502746406177,True,False,False
5,38,0.6257780034516635,0.7754229987512492,False,False,False
5,39,0.8477216040337494,0.20485580282732224,False,False,False
5,43,0.4050784417401733,0.7026234136607266,False,False,False
5,44,0.5306130128030795,0.3761502746406177,False,False,False
5,45,0.6588212180977153,0.7026234136607266,True,False,False
5,47,0.4157035594293523,0.7754229987512492,True,False,False
5,49,0.8704041322861245,0.7754229987512492,False,True,True
5,50,0.65723427641037,0.47608458743986837,False,False,False
5,52,0.7716056647716916,0.47608458743986837,True,True,True
5,53,0.6139536727775063,0.7026234136607266,False,True,True
5,54,0.6702299107818999,0.3761502746406177,False,False,False
5,58,0.36328691907288446,0.20485580282732224,True,False,False
5,60,0.47639563837230403,0.20485580282732224,False,False,False
5,61,0.409507322708686,0.3761502746406177,True,True,True
5,62,0.23126094110067888,0.3761502746406177,False,False,False
5,64,0.8804798189698897,0.20485580282732224,True,False,False
5,65,0.5228356897569906,0.7754229987512492,True,False,True
5,66,0.24495529838036836,0.7026234136607266,False,True,True
5,67,0.3417762983141741,0.20485580282732224,True,False,False
5,68,0.30301706495127906,0.47608458743986837,False,True,True
5,69,0.5350960569670977,0.20485580282732224,False,False,False
5,75,0.7841178583474071,0.47608458743986837,True,True,True
5,76,0.6790703305491947,0.7026234136607266,True,False,True
5,77,0.36021212574993355,0.7754229987512492,False,False,False
5,78,0.40824797232386967,0.47608458743986837,False,False,False
5,80,0.5986096896716449,0.3761502746406177,False,False,False
5,82,0.44129449016651173,0.20485580282732224,False,False,False
5,88,0.32879722191313066,0.20485580282732224,False,False,False
5,90,0.24254543753124694,0.7026234136607266,False,False,False
5,91,0.6109493516499223,0.7754229987512492,True,True,True
5,93,0.9353403946043548,0.7754229987512492,True,False,False
5,94,0.5194029621960443,0.7026234136607266,False,False,False
5,95,0.7209410509607206,0.7026234136607266,False,False,False
5,96,0.46882605551221057,0.20485580282732224,True,False,False
5,97,0.6773604516178238,0.7026234136607266,False,True,True
5,98,0.45221883462988743,0.7026234136607266,True,False,False
5,99,0.6685896637951014,0.7754229987512492,True,False,False
5,100,0.4444054970230402,0.20485580282732224,True,False,False
5,102,0.994758382261457,0.7026234136607266,True,False,False
5,106,0.43646789575604983,0.20485580282732224,False,False,False
5,107,0.5562821878296271,0.7026234136607266,True,False,False
5,109,0.7647117422918135,0.3761502746406177,True,False,False
5,111,0.8778095866030811,0.47608458743986837,True,False,False
5,112,0.2761155792476864,0.47608458743986837,True,False,False
5,115,0.6378855946892175,0.7754229987512492,True,True,True
5,116,0.2010752381667854,0.3761502746406177,False,False,False
5,119,0.6120892001142826,0.20485580282732224,True,False,False
6,4,0.7663625034356574,0.4772889211647933,False,False,False
6,5,0.2290334163383909,0.8287162524141775,False,False,False
6,6,0.4909816120450753,0.48018522905548366,True,False,False
6,10,0.5920075427385765,0.48018522905548366,True,False,False
6,15,0.9313332316573419,0.48018522905548366,True,False,False
6,17,0.837726767157783,0.8287162524141775,True,False,False
6,19,0.33962942044700406,0.8287162524141775,False,False,False
6,20,0.6975655923161017,0.1305367415907917,True,False,True
6,21,0.5111770792048724,0.48018522905548366,True,False,True
6,22,0.4172511828351888,0.1305367415907917,True,True,True
6,23,0.6494133833250402,0.1305367415907917,False,False,False
6,24,0.8892815245859085,0.4772889211647933,True,False,False
6,25,0.7006789425986506,0.8287162524141775,True,False,False
6,26,0.8101218367545782,0.48018522905548366,False,True,True
6,27,0.31368180177949656,0.8287162524141775,False,True,True
6,28,0.5970811077820735,0.8287162524141775,True,False,True
6,29,0.7038030095610841,0.48018522905548366,False,False,False
6,31,0.649093574604027,0.7340490897126347,True,False,True
6,32,0.9086250232405779,0.1305367415907917,True,False,False
6,34,0.30365709664144735,0.7340490897126347,False,False,False
6,37,0.6458732315986948,0.8287162524141775,True,False,False
6,39,0.47117136610038596,0.4772889211647933,False,False,False
6,40,0.6245097265456971,0.7340490897126347,True,False,True
6,41,0.5860593175787155,0.1305367415907917,True,False,False
6,43,0.7866561146831721,0.1305367415907917,True,False,False
6,44,0.2833560292989155,0.48018522905548366,False,False,False
6,45,0.2128220654810903,0.48018522905548366,True,False,False
6,46,0.4426204514661223,0.1305367415907917,True,False,True
6,48,0.7381195943349108,0.7340490897126347,False,False,False
6,51,0.24188017076139348,0.8287162524141775,True,False,False
6,53,0.3378398886138081,0.48018522905548366,False,False,False
6,54,0.9670213762790039,0.1305367415907917,True,False,False
6,55,0.9944022314600385,0.8287162524141775,True,False,True
6,57,0.3028005172628575,0.48018522905548366,False,True,True
6,59,0.8657205806082005,0.7340490897126347,False,False,False
6,60,0.8933590934818856,0.1305367415907917,True,True,True
6,61,0.48553367949138393,0.4772889211647933,True,False,True
6,62,0.5208848763179921,0.4772889211647933,False,False,False
6,63,0.36366437249406086,0.4772889211647933,True,False,True
6,64,0.8081092058202326,0.48018522905548366,False,False,False
6,65,0.26184048984523767,0.7340490897126347,False,False,False
6,66,0.8544780695994589,0.4772889211647933,True,False,True
6,67,0.9892175329854951,0.1305367415907917,True,False,False
6,68,0.8738522840685772,0.4772889211647933,False,False,False
6,69,0.2981857447723809,0.8287162524141775,False,False,False
6,72,0.8224686603637874,0.8287162524141775,False,False,False
6,73,0.647664135065108,0.7340490897126347,False,False,False
6,75,0.6711086353047012,0.48018522905548366,True,False,False
6,77,0.6967395185119649,0.4772889211647933,False,True,True
6,78,0.5598178525009743,0.4772889211647933,True,True,True
6,79,0.7945468366316661,0.1305367415907917,True,True,True
6,87,0.7446355825607534,0.4772889211647933,False,False,False
6,92,0.6802483809418494,0.1305367415907917,True,False,False
6,93,0.9644196675319068,0.8287162524141775,True,True,True
6,94,0.9317856691159703,0.8287162524141775,True,True,True
6,98,0.3662057102793534,0.7340490897126347,False,True,True
6,99,0.22553355675018694,0.48018522905548366,False,False,False
6,101,0.274404975587823,0.48018522905548366,True,True,True
6,102,0.9550525997925807,0.48018522905548366,True,False,True
6,104,0.3383647027409735,0.7340490897126347,False,False,False
6,106,0.2508573627159438,0.8287162524141775,False,True,True
6,109,0.37700846780952874,0.4772889211647933,False,False,False
6,113,0.24774109226841629,0.7340490897126347,True,False,False
6,114,0.4287418456121039,0.1305367415907917,True,False,False
6,115,0.78783602323825,0.7340490897126347,True,True,True
6,116,0.9412102838945273,0.48018522905548366,True,True,True
6,117,0.2516222264135326,0.4772889211647933,False,True,True
6,119,0.8263468774383209,0.8287162524141775,True,True,True
7,1,0.24730806506024658,0.8787009265508537,False,False,False
7,4,0.675399866394581,0.47745569403853744,False,True,True
7,5,0.49075575493525564,0.45148417320022316,False,False,False
7,10,0.3347374744950514,0.47745569403853744,False,False,False
7,11,0.4587154900960128,0.33980091345973384,True,False,False
7,12,0.8507221839501022,0.8787009265508537,False,False,False
7,19,0.8617008695679391,0.47745569403853744,True,True,True
7,24,0.4204374697032083,0.33980091345973384,False,False,False
7,25,0.9127240485845549,0.45148417320022316,False,False,False
7,28,0.9828510678459861,0.45148417320022316,True,False,True
7,29,0.43267213078853334,0.47745569403853744,True,False,False
7,32,0.32781451764496894,0.8787009265508537,True,True,True
7,33,0.3556105493171705,0.8787009265508537,False,False,False
7,34,0.7798077181072396,0.47745569403853744,True,False,False
7,35,0.3191536544204736,0.45148417320022316,False,False,False
7,37,0.8004456909449995,0.33980091345973384,True,True,True
7,39,0.20861723062660317,0.8787009265508537,True,False,True
7,42,0.40179277493812127,0.47745569403853744,False,False,False
7,43,0.2537893418642518,0.47745569403853744,False,False,False
7,44,0.9341230689120652,0.45148417320022316,True,False,False
7,45,0.6392428161205302,0.33980091345973384,False,True,True
7,47,0.3704682435480826,0.45148417320022316,True,False,False
7,49,0.5101891569482013,0.8787009265508537,True,False,True
7,50,0.3871363180507408,0.33980091345973384,False,False,False
7,51,0.9660581770635661,0.8787009265508537,False,True,True
7,53,0.4093132140296234,0.45148417320022316,True,False,False
7,54,0.8485056828020701,0.47745569403853744,False,True,True
7,55,0.4987001313544383,0.45148417320022316,False,False,False
7,58,0.7336599551359384,0.47745569403853744,True,False,True
7,64,0.4968060312839109,0.8787009265508537,True,False,False
7,66,0.329620866708168,0.45148417320022316,True,True,True
7,68,0.4225998964696054,0.33980091345973384,True,False,False
7,73,0.24933320122391686,0.33980091345973384,False,False,False
7,75,0.7972761571197649,0.8787009265508537,True,False,True
7,78,0.7147657089411243,0.8787009265508537,True,False,False
7,81,0.9556843487052746,0.33980091345973384,False,False,False
7,84,0.9839903278402986,0.8787009265508537,True,True,True
7,88,0.2250094097152685,0.45148417320022316,False,True,True
7,89,0.6070927922824123,0.33980091345973384,True,False,True
7,91,0.954901387554649,0.47745569403853744,True,True,True
7,92,0.2541067179119327,0.45148417320022316,False,False,False
7,93,0.8793413160234567,0.47745569403853744,False,False,False
7,98,0.6673864366129365,0.8787009265508537,True,False,False
7,100,0.6617897778493727,0.45148417320022316,True,False,True
7,101,0.4004526619305835,0.45148417320022316,False,True,True
7,102,0.5539582690831254,0.47745569403853744,True,False,False
7,104,0.3645339190580112,0.8787009265508537,False,False,False
7,108,0.8493873817358413,0.33980091345973384,True,False,False
7,109,0.39217160547312296,0.8787009265508537,True,False,False
7,110,0.7268789750106646,0.8787009265508537,True,True,True
7,111,0.6329904814218084,0.45148417320022316,False,True,True
7,113,0.4580871938225641,0.47745569403853744,False,False,False
7,117,0.9091494326406835,0.45148417320022316,False,False,False
8,1,0.6089112227427,0.7815443476751208,True,True,True
8,9,0.4138919045284671,0.7815443476751208,True,False,True
8,11,0.9402792895343355,0.15142751427947904,False,False,False
8,12,0.2234562552894052,0.6504030581491148,False,True,True
8,13,0.46682913485235833,0.6504030581491148,True,True,True
8,14,0.3963606430294542,0.15142751427947904,True,False,True
8,15,0.6860218074456768,0.15142751427947904,False,False,False
8,18,0.28946718381769776,0.7815443476751208,False,True,True
8,20,0.919865385488605,0.6504030581491148,True,True,True
8,21,0.45537574138182024,0.2964298434961653,False,False,False
8,23,0.829974410522299,0.15142751427947904,True,False,False
8,24,0.9146060150508599,0.15142751427947904,True,False,False
8,26,0.2725886547265418,0.7815443476751208,False,True,True
8,29,0.7425322414678162,0.15142751427947904,True,True,True
8,32,0.8888091099045761,0.15142751427947904,False,True,True
8,42,0.25402351823252733,0.6504030581491148,False,True,True
8,49,0.7385987617221286,0.6504030581491148,False,True,True
8,52,0.6271089823183689,0.2964298434961653,False,False,False
8,55,0.729600322093813,0.15142751427947904,False,False,False
8,56,0.6226626889662579,0.7815443476751208,False,True,True
8,60,0.811692728659831,0.15142751427947904,True,False,False
8,66,0.8456121016656699,0.7815443476751208,False,False,False
8,70,0.8596668283353865,0.7815443476751208,True,False,False
8,73,0.5257578767097657,0.7815443476751208,True,False,False
8,74,0.958006550180138,0.7815443476751208,True,False,False
8,75,0.3330796205697862,0.2964298434961653,False,False,False
8,76,0.8555632676569258,0.6504030581491148,False,False,False
8,83,0.897118151421918,0.2964298434961653,True,False,False
8,84,0.46383421658579754,0.7815443476751208,True,True,True
8,85,0.6341707105229692,0.15142751427947904,False,False,False
8,86,0.21420975556015698,0.15142751427947904,False,False,False
8,89,0.20949168269803914,0.7815443476751208,True,True,True
8,90,0.3300495340383397,0.2964298434961653,True,False,False
8,91,0.30897286162383575,0.6504030581491148,True,True,True
8,92,0.970339781108432,0.7815443476751208,True,True,True
8,94,0.4501487206674686,0.6504030581491148,False,False,False
8,96,0.6246054806698483,0.6504030581491148,True,True,True
8,99,0.37263691581271985,0.2964298434961653,True,False,True
8,104,0.5184727240833397,0.6504030581491148,False,False,False
8,105,0.4751865475353612,0.7815443476751208,False,True,True
8,107,0.5162666602514325,0.7815443476751208,True,False,False
8,111,0.7636814179263458,0.6504030581491148,False,False,False
8,114,0.5766207300787488,0.7815443476751208,True,False,True
8,115,0.4634186247132231,0.2964298434961653,False,True,True
8,117,0.5707469684194004,0.15142751427947904,True,True,True
9,2,0.9358620903355146,0.32058170224580884,True,False,False
9,8,0.6600074998561911,0.5142625284342506,False,False,False
9,10,0.7826728716637852,0.16902899641657387,True,True,True
9,12,0.3571041204677437,0.32058170224580884,False,False,False
9,15,0.8908163517166627,0.34242877699004665,True,False,False
9,17,0.2569495441338383,0.15865140340675993,True,False,False
9,20,0.4236021193434783,0.16902899641657387,True,False,False
9,22,0.6892786611928143,0.32058170224580884,True,False,False
9,23,0.6859849002325806,0.16902899641657387,True,False,False
9,31,0.34516591112462686,0.34242877699004665,False,False,False
9,33,0.7258573655544387,0.15865140340675993,True,True,True
9,34,0.9159600345101653,0.15865140340675993,False,False,False
9,36,0.6869474737154104,0.16902899641657387,True,False,False
9,37,0.3339478793109001,0.34242877699004665,False,False,False
9,39,0.5637326887418961,0.34242877699004665,True,True,True
9,40,0.20064335624898355,0.15865140340675993,True,True,True
9,42,0.22060413265284337,0.32058170224580884,True,False,False
9,43,0.2942453258089657,0.32058170224580884,True,True,True
9,45,0.8874297543023182,0.16902899641657387,True,False,True
9,48,0.8718567905860404,0.34242877699004665,False,True,True
9,50,0.31838465575153346,0.5142625284342506,False,False,False
9,54,0.7470378865446665,0.32058170224580884,True,False,False
9,58,0.7200991257400571,0.32058170224580884,False,True,True
9,62,0.41764555625201294,0.15865140340675993,True,False,False
9,65,0.8493398018224292,0.16902899641657387,True,False,False
9,67,0.8683486216539518,0.15865140340675993,False,False,False
9,71,0.7941120028358866,0.34242877699004665,True,False,True
9,75,0.5939694534868842,0.34242877699004665,False,False,False
9,81,0.21382555932165437,0.32058170224580884,True,True,True
9,82,0.5135931473887942,0.15865140340675993,False,False,False
9,83,0.7729488064582506,0.15865140340675993,True,False,False
9,85,0.7748448712460752,0.34242877699004665,True,True,True
9,87,0.6033965785741642,0.16902899641657387,True,False,False
9,89,0.6803942289696205,0.32058170224580884,True,False,False
9,91,0.26989813846766114,0.16902899641657387,True,False,False
9,93,0.42175115624003345,0.15865140340675993,True,False,False
9,95,0.9980535918848334,0.5142625284342506,False,False,False
9,98,0.2087743228812415,0.34242877699004665,True,False,False
9,100,0.7427670465379208,0.5142625284342506,True,True,True
9,101,0.377218384521488,0.34242877699004665,False,True,True
9,102,0.7544031337537833,0.32058170224580884,True,True,True
9,108,0.944681876057559,0.34242877699004665,True,True,True
9,109,0.5140369088525116,0.5142625284342506,False,False,False
9,110,0.3358161970777327,0.16902899641657387,False,False,False
9,113,0.36641414091086894,0.16902899641657387,False,False,False
9,116,0.36688996253187495,0.15865140340675993,False,False,False
9,118,0.4381034932930392,0.15865140340675993,False,True,True
9,119,0.6356650139925499,0.15865140340675993,False,False,False
10,3,0.7659008879527802,0.3575152991765976,True,True,True
10,7,0.7364804095279092,0.40982981621614406,False,False,False
10,16,0.6252822211156936,0.3575152991765976,False,False,False
10,17,0.43129196802773767,0.24079983731797328,True,False,False
10,26,0.7338621735761583,0.3575152991765976,True,False,False
10,35,0.3042934577894242,0.3300515377019585,False,False,False
10,37,0.6054890532138307,0.40982981621614406,True,True,True
10,39,0.8928400651035706,0.24079983731797328,False,False,False
10,40,0.5369090124714542,0.24079983731797328,False,False,False
10,41,0.8491130865133678,0.24079983731797328,False,False,False
10,43,0.5441393366745095,0.3300515377019585,False,False,False
10,44,0.8544134911951835,0.3575152991765976,True,False,False
10,49,0.6346751963661752,0.24079983731797328,False,False,False
10,52,0.8195409242685552,0.24079983731797328,True,False,False
10,56,0.31522536141369684,0.3575152991765976,False,False,False
10,57,0.6658688710760026,0.40982981621614406,True,False,False
10,58,0.9445141596267759,0.3300515377019585,True,True,True
10,59,0.5823955981454967,0.40982981621614406,False,False,False
10,62,0.4982110801119781,0.40982981621614406,False,False,False
10,63,0.24971304318492546,0.40982981621614406,False,False,False
10,64,0.24618847591885,0.40982981621614406,True,True,True
10,66,0.2558800558193697,0.24079983731797328,False,False,False
10,69,0.6785530340476771,0.40982981621614406,False,False,False
10,74,0.6283562597699051,0.3575152991765976,False,False,False
10,77,0.9364240953633127,0.3575152991765976,True,False,False
10,78,0.7996647590218493,0.3575152991765976,False,False,False
10,82,0.5382072018575332,0.3575152991765976,False,False,False
10,83,0.6902315242677406,0.40982981621614406,True,False,False
10,84,0.7120465065971961,0.24079983731797328,False,False,False
10,85,0.7320418689588108,0.3300515377019585,False,False,False
10,88,0.3053035196627266,0.40982981621614406,True,True,True
10,93,0.3986707785969789,0.24079983731797328,False,False,False
10,95,0.944950253140749,0.3300515377019585,False,False,False
10,100,0.2550871300767245,0.40982981621614406,False,False,False
10,101,0.4375001135448615,0.3575152991765976,True,False,False
10,102,0.8101153930280229,0.3575152991765976,True,False,False
10,104,0.3807048653386829,0.24079983731797328,True,True,True
10,106,0.7557907262954138,0.3300515377019585,False,False,False
10,107,0.9800349615348498,0.40982981621614406,True,True,True
10,109,0.6869853870143574,0.40982981621614406,True,False,True
10,117,0.7243491137676783,0.24079983731797328,True,False,False
10,118,0.5336481382100599,0.40982981621614406,False,True,True
10,119,0.9751005405673141,0.24079983731797328,True,True,True
11,0,0.4232900096809579,0.7988388019729501,False,False,False
11,4,0.7967799488354119,0.6046618792870727,True,True,True
11,8,0.9723329537133403,0.6015362010584873,True,False,False
11,9,0.9470782214998461,0.6046618792870727,False,False,False
11,11,0.7885481312495848,0.8316506711243027,True,False,False
11,12,0.38404502355831033,0.7988388019729501,False,True,True
11,13,0.347711321895639,0.6046618792870727,True,False,False
11,15,0.6774598757317809,0.8316506711243027,False,True,True
11,18,0.8748788510819419,0.8316506711243027,True,True,True
11,20,0.6887520183353211,0.6046618792870727,True,False,False
11,21,0.5200246170380312,0.7988388019729501,True,False,False
11,23,0.9738060841660057,0.8316506711243027,False,False,False
11,25,0.3883333335778174,0.7988388019729501,True,True,True
11,27,0.38271166209602453,0.6015362010584873,True,False,False
11,28,0.7381861686886872,0.8316506711243027,False,True,True
11,31,0.38734093009333015,0.8316506711243027,False,False,False
11,36,0.35494082454155534,0.8316506711243027,False,False,False
11,38,0.5860696797864764,0.6046618792870727,False,True,True
11,43,0.6653728863481427,0.8316506711243027,False,False,False
11,45,0.7431428409820446,0.8316506711243027,True,True,True
11,48,0.9653037147481742,0.7988388019729501,False,True,True
11,55,0.6068935672131297,0.7988388019729501,False,False,False
11,62,0.6153529079782938,0.6015362010584873,True,False,True
11,64,0.7871279941046454,0.7988388019729501,False,True,True
11,70,0.9667273406176868,0.6015362010584873,True,True,True
11,75,0.6061297601953204,0.6015362010584873,True,False,False
11,81,0.7931329194555912,0.6046618792870727,False,False,False
11,83,0.38346873216281624,0.8316506711243027,False,False,False
11,89,0.6289120079546142,0.6046618792870727,False,False,False
11,90,0.3684408140662549,0.7988388019729501,False,False,False
11,91,0.6209496430336257,0.6015362010584873,True,False,True
11,92,0.3305995736798988,0.6015362010584873,True,True,True
11,93,0.48326612639014765,0.6046618792870727,True,True,True
11,94,0.5921353107467501,0.6046618792870727,False,False,False
11,97,0.35734555538428436,0.6015362010584873,True,False,False
11,98,0.6206174128982105,0.6015362010584873,True,False,False
11,100,0.9864670956017645,0.6046618792870727,False,True,True
11,103,0.9039819438122041,0.8316506711243027,True,False,False
11,104,0.5002396825138198,0.6015362010584873,True,False,False
11,105,0.335116307404235,0.7988388019729501,False,False,False
11,106,0.373826454618283,0.6015362010584873,True,False,False
11,107,0.5132226780694,0.6015362010584873,False,False,False
11,110,0.5272194184195056,0.6046618792870727,True,False,False
11,111,0.6440240779940416,0.7988388019729501,True,True,True
11,112,0.4849994928524988,0.7988388019729501,True,True,True
11,114,0.9022449380445283,0.8316506711243027,True,False,True
11,115,0.5184135180823559,0.8316506711243027,False,False,False
12,0,0.5193863580382964,0.46469935119905514,False,False,False
12,1,0.5715507442222121,0.7982038177617529,True,False,False
12,3,0.4472400332818299,0.5422960187844799,True,True,True
12,4,0.3187275400663587,0.7982038177617529,False,False,False
12,6,0.6696551070743335,0.367686206511245,True,True,True
12,7,0.5237245434326182,0.367686206511245,False,True,True
12,8,0.6601046606795244,0.5219564304630665,False,True,True
12,11,0.785160761485393,0.5219564304630665,False,True,True
12,13,0.8480585633350155,0.7982038177617529,False,True,True
12,16,0.4059494769006218,0.7982038177617529,True,False,False
12,17,0.7720201751306457,0.7982038177617529,False,True,True
12,18,0.556256464574772,0.46469935119905514,True,False,False
12,20,0.7518055950863227,0.367686206511245,True,False,False
12,23,0.5060661121252212,0.5219564304630665,False,False,False
12,25,0.8722850412350931,0.46469935119905514,True,False,False
12,26,0.4254954513378807,0.367686206511245,False,False,False
12,31,0.554871889279519,0.7982038177617529,True,True,True
12,33,0.3808600102161166,0.5422960187844799,True,False,False
12,34,0.7853103869325733,0.367686206511245,False,True,True
12,35,0.8007590360991421,0.7982038177617529,True,True,True
12,38,0.5542549799384675,0.367686206511245,True,False,False
12,40,0.5362723954127567,0.5422960187844799,True,False,False
12,45,0.20374449156733876,0.7982038177617529,False,False,False
12,46,0.4727827926051553,0.46469935119905514,True,False,False
12,49,0.25646267156973357,0.5219564304630665,True,False,False
12,50,0.9418054868464916,0.7982038177617529,True,True,True
12,52,0.8588731784881207,0.5422960187844799,True,False,False
12,53,0.7063108918650658,0.5219564304630665,True,False,False
12,54,0.5707408824488298,0.5219564304630665,False,True,True
12,55,0.35542674892985504,0.367686206511245,False,False,False
12,57,0.6860999310201068,0.46469935119905514,True,False,True
12,59,0.44585956007570693,0.5219564304630665,True,True,True
12,63,0.2947817361850713,0.367686206511245,False,True,True
12,66,0.9466389282758034,0.5422960187844799,True,False,False
12,69,0.6469175511781116,0.5422960187844799,False,False,False
12,71,0.7663992361459462,0.46469935119905514,False,True,True
12,74,0.7609733613328253,0.46469935119905514,True,False,False
12,75,0.6943307211177704,0.5219564304630665,True,False,False
12,76,0.9699203441936681,0.7982038177617529,True,True,True
12,77,0.873567116508122,0.46469935119905514,True,True,True
12,80,0.29087434748562213,0.46469935119905514,False,False,False
12,81,0.4567401841002262,0.367686206511245,True,True,True
12,82,0.5829643400732876,0.367686206511245,False,False,False
12,83,0.42952608538064585,0.5219564304630665,True,False,True
12,85,0.2337741626631461,0.367686206511245,False,False,False
12,90,0.7258120915055497,0.367686206511245,True,False,False
12,95,0.7990560978366252,0.46469935119905514,True,True,True
12,97,0.5121225737422397,0.46469935119905514,False,False,False
12,98,0.9541760479947063,0.367686206511245,False,False,False
12,101,0.9110832407482026,0.367686206511245,True,False,False
12,104,0.6405460842921473,0.367686206511245,True,False,False
12,105,0.8675092194792995,0.5422960187844799,True,False,False
12,106,0.42012228005848923,0.7982038177617529,False,True,True
12,109,0.7551902969922304,0.367686206511245,True,False,False
12,111,0.5961733137388531,0.5219564304630665,True,False,False
12,112,0.5582954748265344,0.5422960187844799,False,False,False
12,113,0.4575627900187785,0.7982038177617529,False,True,True
12,114,0.5165420557557533,0.46469935119905514,False,True,True
12,115,0.4710733994135325,0.7982038177617529,True,False,False
12,116,0.2692295222810035,0.7982038177617529,True,True,True
13,0,0.23298884646691428,0.6323682192973986,False,True,True
13,3,0.7247832451914569,0.30842222161844957,True,False,False
13,4,0.25847497386719986,0.7208417879703354,True,True,True
13,5,0.718483023474827,0.6323682192973986,False,False,False
13,6,0.4548925815088569,0.3366664189493475,True,False,False
13,8,0.966943538989822,0.7208417879703354,True,False,False
13,10,0.7124310396526006,0.8779836939348439,False,True,True
13,11,0.44261645904583385,0.30842222161844957,False,False,False
13,12,0.7275251500967288,0.3366664189493475,False,False,False
13,13,0.2934419232691259,0.30842222161844957,True,True,True
13,16,0.6401853443686405,0.6323682192973986,True,False,False
13,21,0.9957586347429339,0.3366664189493475,True,False,False
13,23,0.4365683103843219,0.7208417879703354,False,False,False
13,24,0.9505793549391404,0.6323682192973986,True,False,False
13,25,0.9572825672628296,0.8779836939348439,True,False,False
13,27,0.6294121147082278,0.7208417879703354,False,True,True
13,30,0.2632822782994014,0.6323682192973986,True,False,True
13,34,0.8496788810578748,0.7208417879703354,False,True,True
13,36,0.5863971079156842,0.30842222161844957,True,False,True
13,39,0.6502442751627773,0.6323682192973986,True,False,True
13,40,0.5473397723002535,0.6323682192973986,False,False,False
13,41,0.9426139365686297,0.7208417879703354,True,True,True
13,42,0.9233992291280646,0.8779836939348439,False,False,False
13,44,0.6708955557290102,0.8779836939348439,False,False,False
13,45,0.567301400139706,0.7208417879703354,True,True,True
13,46,0.5059782996441835,0.3366664189493475,False,True,True
13,47,0.885941107284633,0.3366664189493475,False,True,True
13,48,0.6504262613485029,0.7208417879703354,True,False,False
13,50,0.21552424455771685,0.3366664189493475,True,False,False
13,51,0.9790129299267498,0.30842222161844957,True,True,True
13,53,0.6918274758638484,0.7208417879703354,False,False,False
13,54,0.46960386859453984,0.8779836939348439,False,False,False
13,55,0.9101763726531933,0.8779836939348439,False,False,False
13,56,0.5078471703014517,0.30842222161844957,False,False,False
13,58,0.7793067026731586,0.6323682192973986,True,False,True
13,59,0.31284764679294574,0.7208417879703354,False,False,False
13,61,0.7042709952372321,0.8779836939348439,True,True,True
13,63,0.2294780886233947,0.3366664189493475,False,False,False
13,66,0.3755916107815933,0.30842222161844957,False,False,False
13,67,0.43339900837128725,0.7208417879703354,True,False,True
13,68,0.661626944268778,0.3366664189493475,True,False,False
13,69,0.5498631221046778,0.8779836939348439,True,False,False
13,70,0.20533854587754857,0.8779836939348439,True,False,False
13,71,0.20316311693663877,0.30842222161844957,False,False,False
13,72,0.7936481773075414,0.3366664189493475,True,True,True
13,75,0.7798730785275316,0.3366664189493475,False,False,False
13,76,0.6394693811710637,0.30842222161844957,False,False,False
13,77,0.2675577732508411,0.30842222161844957,True,False,False
13,78,0.6776905096695927,0.6323682192973986,True,True,True
13,80,0.7875107104536481,0.8779836939348439,True,False,False
13,81,0.7335154104506414,0.30842222161844957,True,False,False
13,85,0.4951362432081554,0.6323682192973986,True,False,False
13,86,0.2804004958284394,0.6323682192973986,True,False,True
13,88,0.42088143267364625,0.30842222161844957,True,False,False
13,89,0.38684410692598886,0.3366664189493475,False,False,False
13,94,0.7436571864501373,0.30842222161844957,False,False,False
13,96,0.3121265565440303,0.30842222161844957,True,True,True
13,97,0.24836871743442082,0.6323682192973986,True,False,True
13,98,0.8155953461957359,0.3366664189493475,True,False,False
13,99,0.810356928328515,0.7208417879703354,True,False,True
13,100,0.5598892143806888,0.8779836939348439,True,False,False
13,102,0.3471577988413646,0.7208417879703354,False,False,False
13,103,0.34410385387839765,0.8779836939348439,True,True,True
13,104,0.8310689728024576,0.8779836939348439,True,False,True
13,106,0.591241263458109,0.8779836939348439,True,False,False
13,107,0.4655617328635119,0.6323682192973986,True,False,True
13,110,0.2616871946317121,0.8779836939348439,False,False,False
13,111,0.9464521781314701,0.30842222161844957,False,False,False
13,113,0.7498431914035373,0.6323682192973986,True,True,True
13,115,0.761171236611321,0.30842222161844957,False,False,False
13,116,0.9493159855293918,0.3366664189493475,True,False,False
13,118,0.3775939766498622,0.6323682192973986,False,False,False
14,4,0.9944673183527206,0.27856857739194063,True,True,True
14,6,0.250065829223574,0.27856857739194063,True,False,False
14,8,0.6018318617563578,0.820436689351164,False,False,False
14,9,0.24623320046844716,0.5882294780659791,False,False,False
14,11,0.34019209530283306,0.2021350546030805,False,False,False
14,12,0.3807018525320149,0.690403102210546,True,False,False
14,13,0.4202657897780821,0.27856857739194063,True,False,False
14,14,0.45610656926324833,0.690403102210546,False,True,True
14,15,0.9660139273026298,0.27856857739194063,True,False,False
14,17,0.9993516692808926,0.27856857739194063,False,False,False
14,19,0.25795261981084505,0.5882294780659791,False,False,False
14,20,0.5788883317197306,0.2021350546030805,True,True,True
14,21,0.3216575806362751,0.2021350546030805,False,False,False
14,22,0.7922317299733084,0.690403102210546,True,False,True
14,23,0.2555593680725996,0.820436689351164,True,False,False
14,26,0.4112338879560241,0.2021350546030805,True,False,False
14,28,0.22240653346216127,0.2021350546030805,False,True,True
14,29,0.6365456911856847,0.690403102210546,True,True,True
14,30,0.2919654009293683,0.820436689351164,True,False,True
14,31,0.4203038433462636,0.5882294780659791,True,False,False
14,32,0.41884825853219926,0.27856857739194063,True,False,False
14,35,0.799610914716187,0.820436689351164,False,True,True
14,36,0.6737773997546137,0.2021350546030805,True,False,False
14,37,0.8588354395941589,0.2021350546030805,True,True,True
14,40,0.8680312445034473,0.5882294780659791,True,True,True
14,45,0.8630370751390064,0.690403102210546,False,False,False
14,46,0.49098853518174135,0.690403102210546,False,False,False
14,49,0.4697019930162242,0.820436689351164,True,False,True
14,51,0.28316073470724556,0.5882294780659791,False,False,False
14,55,0.4597276522252422,0.5882294780659791,False,False,False
14,60,0.5290738175275883,0.5882294780659791,True,False,False
14,62,0.6139953986761624,0.5882294780659791,True,True,True
14,63,0.2671399737129681,0.820436689351164,False,True,True
14,74,0.8244179602215713,0.2021350546030805,True,False,False
14,76,0.7975758325258948,0.690403102210546,True,True,True
14,83,0.46374873374544684,0.27856857739194063,True,False,False
14,85,0.8181736934670241,0.820436689351164,False,True,True
14,86,0.8737714424361827,0.820436689351164,True,True,True
14,87,0.746835338587243,0.27856857739194063,False,False,False
14,90,0.9625442346265403,0.820436689351164,True,True,True
14,92,0.2527658153813548,0.27856857739194063,True,False,True
14,95,0.6485096021084868,0.5882294780659791,True,True,True
14,96,0.3154433454255025,0.690403102210546,False,False,False
14,102,0.9010466649913982,0.27856857739194063,True,False,False
14,106,0.7611533283430685,0.27856857739194063,False,False,False
14,107,0.6931786626332463,0.2021350546030805,True,False,False
14,111,0.5886087603288833,0.2021350546030805,False,False,False
14,112,0.9576432897987139,0.27856857739194063,True,False,False
14,114,0.46075195217983433,0.5882294780659791,False,False,False
14,115,0.7015094976330254,0.5882294780659791,True,True,True
15,0,0.5665928636613524,0.855303460980463,True,True,True
15,1,0.7794360669651903,0.7112474812465844,False,False,False
15,4,0.2267244464351036,0.4259919134667737,False,False,False
15,5,0.8446349321576223,0.855303460980463,True,True,True
15,6,0.23051966705029187,0.855303460980463,True,False,False
15,10,0.22357485786388384,0.855303460980463,True,False,True
15,12,0.5686907766488154,0.4077061530689415,False,False,False
15,14,0.5693698793802666,0.4077061530689415,False,False,False
15,18,0.6344349584003766,0.855303460980463,False,False,False
15,19,0.522321768649787,0.5274445373450433,False,False,False
15,21,0.5092495103527184,0.4077061530689415,False,False,False
15,22,0.5424383571074844,0.4077061530689415,True,False,False
15,26,0.748231015926458,0.855303460980463,True,True,True
15,27,0.7989248165295424,0.4077061530689415,True,False,False
15,28,0.6102488240428177,0.4259919134667737,True,False,True
15,29,0.680205966594351,0.7112474812465844,False,True,True
15,30,0.8897028581641924,0.4259919134667737,True,True,True
15,31,0.8242773811866357,0.4077061530689415,False,False,False
15,35,0.5158054462082466,0.4077061530689415,True,True,True
15,37,0.7625816754001169,0.4259919134667737,True,False,False
15,38,0.5744497080435775,0.7112474812465844,False,False,False
15,39,0.566016915275233,0.5274445373450433,False,False,False
15,40,0.47651313554901154,0.4259919134667737,False,False,False
15,41,0.9416316938072418,0.855303460980463,True,False,False
15,42,0.3614872072031724,0.5274445373450433,True,False,False
15,43,0.5396535665643585,0.4259919134667737,True,True,True
15,45,0.38423621732732616,0.4259919134667737,True,False,False
15,46,0.7560329514583004,0.4259919134667737,False,True,True
15,47,0.6272736031002359,0.855303460980463,False,False,False
15,49,0.30820455008211134,0.5274445373450433,True,True,True
15,51,0.5084509394991741,0.4259919134667737,True,False,False
15,52,0.5101940290396567,0.7112474812465844,True,False,False
15,53,0.4893601604784831,0.5274445373450433,False,False,False
15,54,0.3735679708548477,0.7112474812465844,True,True,True
15,55,0.4686244524188207,0.5274445373450433,True,False,False
15,57,0.6337783696916026,0.5274445373450433,False,True,True
15,58,0.27660632288055426,0.7112474812465844,False,False,False
15,61,0.830624470311297,0.5274445373450433,True,True,True
15,62,0.4763181714377435,0.4259919134667737,True,True,True
15,63,0.39990870228985687,0.4077061530689415,False,False,False
15,65,0.8572775231240124,0.7112474812465844,True,True,True
15,66,0.3326336940953931,0.4077061530689415,True,False,True
15,70,0.9527823713795229,0.4077061530689415,False,False,False
15,71,0.946924208876144,0.5274445373450433,False,True,True
15,73,0.8800904513633339,0.5274445373450433,True,False,True
15,74,0.40143529584028825,0.7112474812465844,False,False,False
15,75,0.38214804987912787,0.5274445373450433,False,False,False
15,76,0.6145999275013974,0.4077061530689415,True,False,False
15,79,0.3248469999993526,0.4259919134667737,False,False,False
15,80,0.7906423836689342,0.855303460980463,False,True,True
15,83,0.7075438943933452,0.4077061530689415,True,False,False
15,85,0.6715752303481721,0.5274445373450433,False,True,True
15,88,0.7433243487386156,0.855303460980463,True,True,True
15,92,0.9725377547672907,0.5274445373450433,False,False,False
15,93,0.7525890226147345,0.5274445373450433,False,False,False
15,95,0.2399486686398823,0.855303460980463,True,False,False
15,96,0.4431239284785372,0.7112474812465844,True,True,True
15,106,0.9617771027386395,0.7112474812465844,True,False,False
15,110,0.3945054838043303,0.4259919134667737,True,False,False
15,111,0.29705214360372784,0.4259919134667737,False,False,False
15,115,0.5949225362974088,0.4259919134667737,False,True,True
15,116,0.9722604798704095,0.4077061530689415,True,True,True
15,119,0.8166473016548295,0.7112474812465844,False,False,False
16,0,0.3827937502527345,0.5233010834474427,True,False,False
16,1,0.9096592837552322,0.2984896325434788,True,True,True
16,3,0.9210689453512659,0.2984896325434788,True,False,False
16,4,0.3025586166422066,0.37948650031368386,False,False,False
16,5,0.5489480153170814,0.29828912957469245,True,False,False
16,6,0.22956964008015898,0.37948650031368386,True,False,False
16,8,0.5984294778914723,0.29828912957469245,True,False,False
16,9,0.8087295965494721,0.37948650031368386,False,True,True
16,10,0.5989159292423463,0.29828912957469245,True,True,True
16,11,0.4929555210775751,0.5233010834474427,False,False,False
16,12,0.7330266377818206,0.37948650031368386,False,False,False
16,14,0.9447244758352455,0.5233010834474427,True,False,False
16,15,0.7263543183749128,0.37948650031368386,True,False,True
16,17,0.21775426234593376,0.29828912957469245,False,False,False
16,20,0.2844386173548185,0.5233010834474427,False,False,False
16,21,0.6511573335062357,0.29828912957469245,True,False,False
16,31,0.43084826362848133,0.2984896325434788,True,False,False
16,32,0.5364737021327103,0.2984896325434788,False,True,True
16,36,0.8735357547723024,0.29828912957469245,False,False,False
16,39,0.4490802413629267,0.5233010834474427,False,False,False
16,41,0.7932785263596283,0.5233010834474427,False,False,False
16,43,0.6304133813838528,0.37948650031368386,False,False,False
16,49,0.9773712902935414,0.5233010834474427,False,False,False
16,51,0.7276323673915697,0.37948650031368386,True,True,True
16,52,0.3792782662802454,0.5233010834474427,False,True,True
16,59,0.31026381626270094,0.29828912957469245,True,False,False
16,63,0.639354671148715,0.5233010834474427,True,True,True
16,65,0.872215238947788,0.5233010834474427,True,False,False
16,66,0.908069492601947,0.2984896325434788,False,True,True
16,69,0.5001848201160498,0.2984896325434788,True,False,False
16,73,0.6574813332367555,0.5233010834474427,False,False,False
16,74,0.9634719804256568,0.5233010834474427,False,True,True
16,76,0.2859698130601048,0.29828912957469245,False,False,False
16,78,0.5890132292347763,0.37948650031368386,False,False,False
16,79,0.6193439369108213,0.2984896325434788,True,False,False
16,86,0.49484259246294005,0.37948650031368386,True,False,False
16,87,0.6442552688111467,0.5233010834474427,True,False,False
16,88,0.8543971200960163,0.5233010834474427,True,False,False
16,89,0.7737399978613544,0.2984896325434788,False,True,True
16,93,0.8807803404304348,0.29828912957469245,True,True,True
16,99,0.5067810657634678,0.37948650031368386,True,False,True
16,105,0.5439372549303878,0.29828912957469245,True,False,False
16,106,0.8984983831347721,0.29828912957469245,True,True,True
16,109,0.3324122378767326,0.29828912957469245,True,False,False
16,110,0.9512914548139573,0.29828912957469245,True,True,True
16,111,0.9106829882141811,0.2984896325434788,False,True,True
16,112,0.2167701436705526,0.5233010834474427,True,False,False
16,113,0.46099990983872524,0.2984896325434788,False,False,False
16,114,0.8325459154061392,0.37948650031368386,False,False,False
16,118,0.7407946814016351,0.29828912957469245,True,False,False
17,0,0.5750936925725498,0.8025592231930946,True,True,True
17,1,0.405804288503981,0.8789822645266671,False,True,True
17,4,0.5510321264951434,0.8789822645266671,False,False,False
17,5,0.2494864851771423,0.8789822645266671,True,True,True
17,6,0.6482474718495492,0.8789822645266671,True,True,True
17,8,0.2887191595082781,0.2114945545127903,True,False,False
17,9,0.38765922810863274,0.24974384242234982,False,False,False
17,13,0.3443601871763228,0.2114945545127903,True,False,True
17,14,0.5266877788886619,0.2114945545127903,True,False,False
17,16,0.3439219767207693,0.2114945545127903,True,False,False
17,17,0.7321801753115738,0.2114945545127903,True,False,False
17,20,0.7134924212943918,0.2114945545127903,True,False,False
17,24,0.7805419559669136,0.2114945545127903,False,False,False
17,25,0.6518834371843476,0.8789822645266671,True,False,False
17,27,0.48923720256579994,0.24974384242234982,False,False,False
17,28,0.9198754107231917,0.2114945545127903,False,False,False
17,31,0.3939044214277587,0.8025592231930946,False,False,False
17,35,0.7089043763244331,0.8025592231930946,True,True,True
17,38,0.43114247552698304,0.8025592231930946,True,False,False
17,39,0.49762461958290083,0.8789822645266671,True,True,True
17,40,0.37131613920144524,0.24974384242234982,True,False,True
17,41,0.3605891863911218,0.2114945545127903,True,False,False
17,46,0.4096964213877732,0.24974384242234982,False,False,False
17,47,0.5552441554864479,0.8025592231930946,True,False,False
17,49,0.6744784395965381,0.8025592231930946,True,False,True
17,53,0.8901040915013554,0.8025592231930946,False,True,True
17,54,0.7565680247509354,0.2114945545127903,True,False,False
17,55,0.9775170515331735,0.24974384242234982,True,True,True
17,56,0.550866218440111,0.24974384242234982,True,False,False
17,58,0.6551142195873705,0.8789822645266671,True,False,False
17,59,0.9192773210846499,0.8025592231930946,False,False,False
17,60,0.6243767209389711,0.8025592231930946,True,False,False
17,62,0.49074926274250097,0.24974384242234982,False,False,False
17,74,0.40220996172817247,0.24974384242234982,True,True,True
17,76,0.5645653193727906,0.24974384242234982,True,False,False
17,79,0.38661886996248196,0.8025592231930946,True,False,False
17,81,0.46097293708435727,0.8025592231930946,True,False,False
17,82,0.4175391985578764,0.2114945545127903,False,False,False
17,85,0.3691527271638327,0.2114945545127903,False,False,False
17,92,0.6983273464819306,0.8025592231930946,False,False,False
17,93,0.9816565126628385,0.8025592231930946,True,True,True
17,94,0.9248757786868942,0.2114945545127903,True,False,False
17,97,0.8871681437975172,0.2114945545127903,False,False,False
17,100,0.284384264782118,0.2114945545127903,False,False,False
17,101,0.33837954536461856,0.24974384242234982,True,False,False
17,102,0.7464893465112503,0.8789822645266671,True,False,False
17,104,0.9283214867556733,0.24974384242234982,True,False,False
17,105,0.9102428691335624,0.2114945545127903,False,True,True
17,106,0.8801249653231757,0.8025592231930946,True,False,False
17,107,0.481939555079637,0.8789822645266671,False,False,False
17,112,0.27292654743112577,0.24974384242234982,False,False,False
17,113,0.2709828332774291,0.24974384242234982,False,False,False
17,114,0.6556088808612945,0.8789822645266671,True,False,False
17,116,0.3907748113031275,0.8025592231930946,True,False,True
17,117,0.45624862687435325,0.24974384242234982,False,False,False
17,119,0.5836470767006998,0.24974384242234982,False,False,False
18,0,0.8033986658033916,0.47548802397535006,False,False,False
18,3,0.9226145769446015,0.21010338178370436,True,True,True
18,6,0.5789763690928491,0.6723064425427463,False,False,False
18,7,0.6725445128627273,0.3657177357632788,False,False,False
18,8,0.35710544215673945,0.6723064425427463,False,False,False
18,13,0.9673898188970933,0.3430817082084944,True,True,True
18,14,0.8372702717174398,0.47548802397535006,True,True,True
18,15,0.3210583490325141,0.21010338178370436,True,True,True
18,17,0.9120431434650023,0.3657177357632788,False,True,True
18,18,0.7432639709631994,0.47548802397535006,True,True,True
18,19,0.6795597853276538,0.3430817082084944,True,True,True
18,21,0.27641296084080474,0.3430817082084944,True,False,False
18,23,0.5646420198566797,0.47548802397535006,False,False,False
18,24,0.21690896714607988,0.47548802397535006,True,False,False
18,25,0.5964275786277922,0.21010338178370436,False,False,False
18,26,0.6537006123007039,0.3430817082084944,True,False,False
18,28,0.22711886954157645,0.6723064425427463,True,False,False
18,29,0.550065759471909,0.21010338178370436,True,False,False
18,31,0.857757035425905,0.6723064425427463,True,False,True
18,33,0.8345709041513665,0.21010338178370436,False,False,False
18,34,0.8018153708961497,0.5687065561455904,True,True,True
18,36,0.4396604108195192,0.3657177357632788,True,True,True
18,39,0.714289052202641,0.47548802397535006,True,False,False
18,43,0.2622403714183449,0.6723064425427463,True,False,False
18,45,0.43920188692211054,0.3657177357632788,True,False,False
18,52,0.8280318511675477,0.3430817082084944,True,False,False
18,54,0.484613637586443,0.6723064425427463,False,True,True
18,55,0.7621297337387054,0.5687065561455904,False,True,True
18,57,0.25142545804814836,0.47548802397535006,False,False,False
18,58,0.6619358813220867,0.3430817082084944,True,False,False
18,59,0.277722243771358,0.3430817082084944,False,False,False
18,60,0.23412029550292923,0.21010338178370436,True,False,True
18,61,0.35743640023447054,0.47548802397535006,False,False,False
18,62,0.683169510654524,0.5687065561455904,True,False,False
18,63,0.7890423493500374,0.3657177357632788,True,True,True
18,65,0.414317187605863,0.3430817082084944,True,False,False
18,66,0.6097030162507169,0.21010338178370436,True,False,False
18,67,0.3292157374649747,0.21010338178370436,True,False,False
18,68,0.5605835776276648,0.3430817082084944,False,False,False
18,73,0.6618410942702357,0.6723064425427463,False,False,False
18,76,0.7075431903972667,0.6723064425427463,True,True,True
18,80,0.41281005617488087,0.3430817082084944,False,False,False
18,81,0.8686386247117759,0.3657177357632788,True,False,False
18,82,0.43568218298566325,0.6723064425427463,False,False,False
18,84,0.3929303676657034,0.47548802397535006,True,False,False
18,85,0.8681084997294284,0.47548802397535006,True,False,False
18,87,0.40318934570050735,0.3657177357632788,True,False,False
18,89,0.3836492787519567,0.21010338178370436,True,True,True
18,92,0.30244292002283735,0.3657177357632788,True,False,False
18,95,0.422929458373336,0.3430817082084944,True,False,False
18,96,0.9234914555232292,0.6723064425427463,True,False,False
18,98,0.39583877870898293,0.3430817082084944,True,False,False
18,100,0.3959206561460546,0.21010338178370436,True,False,False
18,102,0.36416688148087994,0.47548802397535006,False,True,True
18,103,0.604762559430092,0.3657177357632788,True,False,True
18,105,0.292999615919886,0.21010338178370436,False,False,False
18,106,0.37463744013960976,0.21010338178370436,False,True,True
18,107,0.6895526256825857,0.5687065561455904,True,False,False
18,108,0.7583267827688982,0.47548802397535006,False,False,False
18,111,0.3576379821251496,0.5687065561455904,True,True,True
18,112,0.9897017567295241,0.5687065561455904,True,False,False
18,113,0.8890161012044628,0.5687065561455904,True,False,False
18,117,0.4736411338480874,0.21010338178370436,True,False,False
18,118,0.7551926779153637,0.3657177357632788,False,False,False
18,119,0.40745729054906427,0.5687065561455904,False,False,False
19,0,0.7092687002167228,0.12234795317986868,True,False,False
19,1,0.3226008401914875,0.4357096717706378,False,False,False
19,2,0.5022992715041218,0.22023720196723295,False,False,False
19,3,0.7288296222278723,0.6991837957690852,True,False,False
19,6,0.8121174069889887,0.40962480664103984,False,True,True
19,7,0.2275581807068715,0.12234795317986868,True,False,False
19,9,0.91244712817714,0.22023720196723295,True,False,False
19,12,0.32541301023337443,0.17889607921463035,True,False,False
19,13,0.8022839955132264,0.4357096717706378,True,True,True
19,14,0.6985267407612636,0.12234795317986868,True,False,False
19,16,0.995080389410963,0.4357096717706378,True,True,True
19,18,0.9087472121080302,0.4357096717706378,True,False,False
19,20,0.44904698896793493,0.40962480664103984,False,False,False
19,21,0.3568164102288609,0.6991837957690852,True,False,True
19,22,0.7513189033552876,0.22023720196723295,True,False,False
19,23,0.6596117020545975,0.17889607921463035,False,False,False
19,24,0.5852680594150497,0.6991837957690852,True,False,True
19,25,0.41219780804948547,0.4357096717706378,False,False,False
19,26,0.4004843287488591,0.22023720196723295,True,False,False
19,27,0.29100444827506133,0.22023720196723295,False,False,False
19,31,0.9453003604499706,0.40962480664103984,False,False,False
19,33,0.8509093405440165,0.40962480664103984,True,False,False
19,34,0.8997511621787788,0.17889607921463035,False,False,False
19,35,0.23194160710462353,0.40962480664103984,False,False,False
19,37,0.9999513608545789,0.40962480664103984,True,True,True
19,39,0.6578687923817759,0.40962480664103984,True,False,False
19,41,0.5130971245458364,0.17889607921463035,True,False,False
19,42,0.5732163915090307,0.6991837957690852,False,True,True
19,43,0.9011918695262147,0.17889607921463035,True,False,False
19,44,0.2996922227975627,0.6991837957690852,False,False,False
19,46,0.5685878494616161,0.17889607921463035,False,True,True
19,48,0.5895622565115157,0.17889607921463035,False,False,False
19,51,0.908168578142831,0.4357096717706378,True,False,True
19,56,0.7982741256616608,0.6991837957690852,True,False,False
19,58,0.7790843786469721,0.22023720196723295,False,False,False
19,59,0.9660315409586466,0.4357096717706378,True,False,False
19,62,0.762262076042679,0.40962480664103984,False,False,False
19,64,0.22256180444586376,0.17889607921463035,True,False,False
19,65,0.8598504417504136,0.22023720196723295,True,False,False
19,66,0.8507688395926702,0.40962480664103984,False,False,False
19,67,0.25128107559059654,0.4357096717706378,True,False,False
19,68,0.25095256145324696,0.4357096717706378,True,False,False
19,71,0.346004260665821,0.22023720196723295,True,False,True
19,72,0.8822792772908263,0.17889607921463035,True,False,True
19,73,0.24610850072420265,0.6991837957690852,True,False,False
19,74,0.8781295449688442,0.22023720196723295,False,False,False
19,80,0.6687178352455556,0.12234795317986868,False,False,False
19,85,0.21799982433579057,0.12234795317986868,False,False,False
19,86,0.7193014079091022,0.12234795317986868,True,False,False
19,89,0.9207999565213003,0.22023720196723295,True,True,True
19,90,0.3487515906976887,0.40962480664103984,True,False,False
19,91,0.457093399886414,0.17889607921463035,True,False,False
19,92,0.5877938527206543,0.12234795317986868,True,False,False
19,93,0.5064360144152367,0.17889607921463035,True,False,False
19,94,0.4370196828141535,0.6991837957690852,False,False,False
19,96,0.41347035026667406,0.22023720196723295,False,False,False
19,97,0.4336757161354659,0.17889607921463035,False,False,False
19,98,0.5909560413723234,0.12234795317986868,True,False,True
19,101,0.9350623264133615,0.22023720196723295,True,False,False
19,104,0.7806349444401945,0.40962480664103984,True,True,True
19,106,0.9458655727407226,0.6991837957690852,True,False,False
19,108,0.42974259486013777,0.12234795317986868,False,False,False
19,109,0.23958071972384315,0.4357096717706378,False,True,True
19,110,0.7594295082916993,0.4357096717706378,False,False,False
19,112,0.21489905071881463,0.4357096717706378,True,True,True
19,113,0.8370690139829975,0.12234795317986868,True,False,False
19,115,0.7118883379733376,0.40962480664103984,False,False,False
19,116,0.25220576249901283,0.12234795317986868,False,False,False
19,117,0.8364351608203613,0.6991837957690852,True,True,True
19,119,0.6602369593868264,0.22023720196723295,True,True,True
