axis,mode,population,level,contrast,metric,mean,low,high,n
implementation,disabled,all,,highest_minus_lowest,domestic_use,-0.007973421926910307,-0.08571428571428574,0.06976744186046513,2
implementation,disabled,all,,highest_minus_lowest,customer_use,0.05714285714285716,0.0,0.11428571428571432,2
implementation,disabled,all,,highest_minus_lowest,first_d,-0.07408637873754154,-0.17142857142857149,0.023255813953488413,2
implementation,disabled,all,,highest_minus_lowest,first_e,0.0714285714285714,0.0,0.1428571428571428,2
implementation,disabled,all,,highest_minus_lowest,first_both,0.0,0.0,0.0,2
implementation,disabled,all,,highest_minus_lowest,neither,0.002657807308970101,-0.0232558139534883,0.0285714285714285,2
implementation,disabled,all,,highest_minus_lowest,d_to_e,-0.014285714285714249,-0.028571428571428498,0.0,2
implementation,disabled,all,,highest_minus_lowest,e_to_d,0.06611295681063128,0.0465116279069768,0.08571428571428577,2
implementation,disabled,all,,highest_minus_lowest,both_use,0.05182724252491694,0.046511627906976716,0.05714285714285716,2
implementation,disabled,all,,highest_minus_lowest,resolved,-0.022259136212624625,-0.11428571428571432,0.06976744186046507,2
implementation,disabled,all,,highest_minus_lowest,unresolved,0.022259136212624597,-0.06976744186046513,0.11428571428571432,2
implementation,disabled,all,,highest_minus_lowest,customer_route_success,0.045171624713958844,0.03999999999999998,0.05034324942791771,2
implementation,disabled,all,,highest_minus_lowest,customer_only_resolution,0.045171624713958844,0.03999999999999998,0.05034324942791771,2
implementation,disabled,all,,highest_minus_lowest,joint_resolution,0.0,0.0,0.0,2
implementation,disabled,all,,highest_minus_lowest,customer_user_any_resolution,0.029702517162471354,-0.020594965675057253,0.07999999999999996,2
implementation,disabled,all,,highest_minus_lowest,customer_unresolved,-0.029702517162471354,-0.07999999999999996,0.020594965675057253,2
implementation,disabled,all,,highest_minus_lowest,material_at_review,0.0217391304347826,0.0,0.0434782608695652,2
implementation,disabled,all,,highest_minus_lowest,standardized_no_material_score,0.004579194327225658,0.0025501725022328003,0.006608216152218516,2
implementation,disabled,all,,highest_minus_lowest,mechanical_material_increment,0.0,0.0,0.0,2
implementation,disabled,all,,highest_minus_lowest,mean_customer_merit,0.011519042490791442,0.0012074188184416634,0.02183066616314122,2
implementation,disabled,all,,highest_minus_lowest,mean_customer_dependence,0.00549933563605054,0.0033230828818565095,0.00767558839024457,2
implementation,disabled,both_reachable,,highest_minus_lowest,domestic_use,-0.027777777777777735,-0.11111111111111105,0.05555555555555558,2
implementation,disabled,both_reachable,,highest_minus_lowest,customer_use,0.07407407407407407,0.0,0.14814814814814814,2
implementation,disabled,both_reachable,,highest_minus_lowest,first_d,-0.11111111111111113,-0.22222222222222227,0.0,2
implementation,disabled,both_reachable,,highest_minus_lowest,first_e,0.09259259259259259,0.0,0.18518518518518517,2
implementation,disabled,both_reachable,,highest_minus_lowest,first_both,0.0,0.0,0.0,2
implementation,disabled,both_reachable,,highest_minus_lowest,neither,0.0185185185185185,0.0,0.037037037037037,2
implementation,disabled,both_reachable,,highest_minus_lowest,d_to_e,-0.018518518518518545,-0.03703703703703709,0.0,2
implementation,disabled,both_reachable,,highest_minus_lowest,e_to_d,0.08333333333333334,0.05555555555555558,0.1111111111111111,2
implementation,disabled,both_reachable,,highest_minus_lowest,both_use,0.0648148148148148,0.055555555555555525,0.07407407407407407,2
implementation,disabled,both_reachable,,highest_minus_lowest,resolved,-0.04629629629629631,-0.1481481481481482,0.05555555555555558,2
implementation,disabled,both_reachable,,highest_minus_lowest,unresolved,0.046296296296296335,-0.05555555555555558,0.14814814814814825,2
implementation,disabled,both_reachable,,highest_minus_lowest,customer_route_success,0.045171624713958844,0.03999999999999998,0.05034324942791771,2
implementation,disabled,both_reachable,,highest_minus_lowest,customer_only_resolution,0.045171624713958844,0.03999999999999998,0.05034324942791771,2
implementation,disabled,both_reachable,,highest_minus_lowest,joint_resolution,0.0,0.0,0.0,2
implementation,disabled,both_reachable,,highest_minus_lowest,customer_user_any_resolution,0.029702517162471354,-0.020594965675057253,0.07999999999999996,2
implementation,disabled,both_reachable,,highest_minus_lowest,customer_unresolved,-0.029702517162471354,-0.07999999999999996,0.020594965675057253,2
implementation,disabled,both_reachable,,highest_minus_lowest,material_at_review,0.0217391304347826,0.0,0.0434782608695652,2
implementation,disabled,both_reachable,,highest_minus_lowest,standardized_no_material_score,0.004579194327225658,0.0025501725022328003,0.006608216152218516,2
implementation,disabled,both_reachable,,highest_minus_lowest,mechanical_material_increment,0.0,0.0,0.0,2
implementation,disabled,both_reachable,,highest_minus_lowest,mean_customer_merit,0.011519042490791442,0.0012074188184416634,0.02183066616314122,2
implementation,disabled,both_reachable,,highest_minus_lowest,mean_customer_dependence,0.00549933563605054,0.0033230828818565095,0.00767558839024457,2
implementation,full,all,,highest_minus_lowest,domestic_use,0.0036544850498339,-0.08571428571428574,0.09302325581395354,2
implementation,full,all,,highest_minus_lowest,customer_use,0.10365448504983388,0.09302325581395343,0.11428571428571432,2
implementation,full,all,,highest_minus_lowest,first_d,-0.07674418604651159,-0.2,0.04651162790697683,2
implementation,full,all,,highest_minus_lowest,first_e,0.05980066445182719,-0.023255813953488413,0.1428571428571428,2
implementation,full,all,,highest_minus_lowest,first_both,0.0,0.0,0.0,2
implementation,full,all,,highest_minus_lowest,neither,0.016943521594684402,-0.0232558139534883,0.0571428571428571,2
implementation,full,all,,highest_minus_lowest,d_to_e,0.0438538205980067,-0.028571428571428498,0.1162790697674419,2
implementation,full,all,,highest_minus_lowest,e_to_d,0.08039867109634555,0.0465116279069768,0.1142857142857143,2
implementation,full,all,,highest_minus_lowest,both_use,0.12425249169435218,0.08571428571428574,0.16279069767441862,2
implementation,full,all,,highest_minus_lowest,resolved,-0.024916943521594653,-0.1428571428571428,0.09302325581395349,2
implementation,full,all,,highest_minus_lowest,unresolved,0.02491694352159468,-0.09302325581395354,0.1428571428571429,2
implementation,full,all,,highest_minus_lowest,customer_route_success,0.03584628738262448,0.006864988558352408,0.06482758620689655,2
implementation,full,all,,highest_minus_lowest,customer_only_resolution,0.018604908072279644,0.006864988558352408,0.03034482758620688,2
implementation,full,all,,highest_minus_lowest,joint_resolution,0.0172413793103448,0.0,0.0344827586206896,2
implementation,full,all,,highest_minus_lowest,customer_user_any_resolution,0.0655645861279886,-0.020594965675057253,0.15172413793103445,2
implementation,full,all,,highest_minus_lowest,customer_unresolved,-0.0655645861279886,-0.15172413793103445,0.020594965675057253,2
implementation,full,all,,highest_minus_lowest,material_at_review,0.0907046476761619,0.0434782608695652,0.1379310344827586,2
implementation,full,all,,highest_minus_lowest,standardized_no_material_score,0.005856248059408098,0.004347022633901798,0.007365473484914398,2
implementation,full,all,,highest_minus_lowest,mechanical_material_increment,0.01451273475556205,0.0072025189891061,0.021822950522018,2
implementation,full,all,,highest_minus_lowest,mean_customer_merit,0.015060248281293653,0.007199383047469254,0.022921113515118052,2
implementation,full,all,,highest_minus_lowest,mean_customer_dependence,0.006906594170614122,0.004951379030185277,0.008861809311042967,2
implementation,full,both_reachable,,highest_minus_lowest,domestic_use,-0.01388888888888884,-0.11111111111111105,0.08333333333333337,2
implementation,full,both_reachable,,highest_minus_lowest,customer_use,0.12962962962962965,0.11111111111111116,0.14814814814814814,2
implementation,full,both_reachable,,highest_minus_lowest,first_d,-0.11574074074074073,-0.25925925925925924,0.02777777777777779,2
implementation,full,both_reachable,,highest_minus_lowest,first_e,0.07870370370370369,-0.02777777777777779,0.18518518518518517,2
implementation,full,both_reachable,,highest_minus_lowest,first_both,0.0,0.0,0.0,2
implementation,full,both_reachable,,highest_minus_lowest,neither,0.037037037037037,0.0,0.074074074074074,2
implementation,full,both_reachable,,highest_minus_lowest,d_to_e,0.050925925925925944,-0.03703703703703709,0.13888888888888898,2
implementation,full,both_reachable,,highest_minus_lowest,e_to_d,0.10185185185185186,0.05555555555555558,0.14814814814814814,2
implementation,full,both_reachable,,highest_minus_lowest,both_use,0.15277777777777782,0.11111111111111116,0.19444444444444448,2
implementation,full,both_reachable,,highest_minus_lowest,resolved,-0.0509259259259259,-0.18518518518518517,0.08333333333333337,2
implementation,full,both_reachable,,highest_minus_lowest,unresolved,0.05092592592592593,-0.08333333333333337,0.18518518518518523,2
implementation,full,both_reachable,,highest_minus_lowest,customer_route_success,0.03584628738262448,0.006864988558352408,0.06482758620689655,2
implementation,full,both_reachable,,highest_minus_lowest,customer_only_resolution,0.018604908072279644,0.006864988558352408,0.03034482758620688,2
implementation,full,both_reachable,,highest_minus_lowest,joint_resolution,0.0172413793103448,0.0,0.0344827586206896,2
implementation,full,both_reachable,,highest_minus_lowest,customer_user_any_resolution,0.0655645861279886,-0.020594965675057253,0.15172413793103445,2
implementation,full,both_reachable,,highest_minus_lowest,customer_unresolved,-0.0655645861279886,-0.15172413793103445,0.020594965675057253,2
implementation,full,both_reachable,,highest_minus_lowest,material_at_review,0.0907046476761619,0.0434782608695652,0.1379310344827586,2
implementation,full,both_reachable,,highest_minus_lowest,standardized_no_material_score,0.005856248059408098,0.004347022633901798,0.007365473484914398,2
implementation,full,both_reachable,,highest_minus_lowest,mechanical_material_increment,0.01451273475556205,0.0072025189891061,0.021822950522018,2
implementation,full,both_reachable,,highest_minus_lowest,mean_customer_merit,0.015060248281293653,0.007199383047469254,0.022921113515118052,2
implementation,full,both_reachable,,highest_minus_lowest,mean_customer_dependence,0.006906594170614122,0.004951379030185277,0.008861809311042967,2
implementation,objective,all,,highest_minus_lowest,domestic_use,-0.007973421926910307,-0.08571428571428574,0.06976744186046513,2
implementation,objective,all,,highest_minus_lowest,customer_use,0.05714285714285716,0.0,0.11428571428571432,2
implementation,objective,all,,highest_minus_lowest,first_d,-0.07408637873754154,-0.17142857142857149,0.023255813953488413,2
implementation,objective,all,,highest_minus_lowest,first_e,0.0714285714285714,0.0,0.1428571428571428,2
implementation,objective,all,,highest_minus_lowest,first_both,0.0,0.0,0.0,2
implementation,objective,all,,highest_minus_lowest,neither,0.002657807308970101,-0.0232558139534883,0.0285714285714285,2
implementation,objective,all,,highest_minus_lowest,d_to_e,-0.014285714285714249,-0.028571428571428498,0.0,2
implementation,objective,all,,highest_minus_lowest,e_to_d,0.06611295681063128,0.0465116279069768,0.08571428571428577,2
implementation,objective,all,,highest_minus_lowest,both_use,0.05182724252491694,0.046511627906976716,0.05714285714285716,2
implementation,objective,all,,highest_minus_lowest,resolved,-0.022259136212624625,-0.11428571428571432,0.06976744186046507,2
implementation,objective,all,,highest_minus_lowest,unresolved,0.022259136212624597,-0.06976744186046513,0.11428571428571432,2
implementation,objective,all,,highest_minus_lowest,customer_route_success,0.045171624713958844,0.03999999999999998,0.05034324942791771,2
implementation,objective,all,,highest_minus_lowest,customer_only_resolution,0.045171624713958844,0.03999999999999998,0.05034324942791771,2
implementation,objective,all,,highest_minus_lowest,joint_resolution,0.0,0.0,0.0,2
implementation,objective,all,,highest_minus_lowest,customer_user_any_resolution,0.029702517162471354,-0.020594965675057253,0.07999999999999996,2
implementation,objective,all,,highest_minus_lowest,customer_unresolved,-0.029702517162471354,-0.07999999999999996,0.020594965675057253,2
implementation,objective,all,,highest_minus_lowest,material_at_review,0.0217391304347826,0.0,0.0434782608695652,2
implementation,objective,all,,highest_minus_lowest,standardized_no_material_score,0.004579194327225658,0.0025501725022328003,0.006608216152218516,2
implementation,objective,all,,highest_minus_lowest,mechanical_material_increment,0.00360125949455305,0.0,0.0072025189891061,2
implementation,objective,all,,highest_minus_lowest,mean_customer_merit,0.011519042490791442,0.0012074188184416634,0.02183066616314122,2
implementation,objective,all,,highest_minus_lowest,mean_customer_dependence,0.00549933563605054,0.0033230828818565095,0.00767558839024457,2
implementation,objective,both_reachable,,highest_minus_lowest,domestic_use,-0.027777777777777735,-0.11111111111111105,0.05555555555555558,2
implementation,objective,both_reachable,,highest_minus_lowest,customer_use,0.07407407407407407,0.0,0.14814814814814814,2
implementation,objective,both_reachable,,highest_minus_lowest,first_d,-0.11111111111111113,-0.22222222222222227,0.0,2
implementation,objective,both_reachable,,highest_minus_lowest,first_e,0.09259259259259259,0.0,0.18518518518518517,2
implementation,objective,both_reachable,,highest_minus_lowest,first_both,0.0,0.0,0.0,2
implementation,objective,both_reachable,,highest_minus_lowest,neither,0.0185185185185185,0.0,0.037037037037037,2
implementation,objective,both_reachable,,highest_minus_lowest,d_to_e,-0.018518518518518545,-0.03703703703703709,0.0,2
implementation,objective,both_reachable,,highest_minus_lowest,e_to_d,0.08333333333333334,0.05555555555555558,0.1111111111111111,2
implementation,objective,both_reachable,,highest_minus_lowest,both_use,0.0648148148148148,0.055555555555555525,0.07407407407407407,2
implementation,objective,both_reachable,,highest_minus_lowest,resolved,-0.04629629629629631,-0.1481481481481482,0.05555555555555558,2
implementation,objective,both_reachable,,highest_minus_lowest,unresolved,0.046296296296296335,-0.05555555555555558,0.14814814814814825,2
implementation,objective,both_reachable,,highest_minus_lowest,customer_route_success,0.045171624713958844,0.03999999999999998,0.05034324942791771,2
implementation,objective,both_reachable,,highest_minus_lowest,customer_only_resolution,0.045171624713958844,0.03999999999999998,0.05034324942791771,2
implementation,objective,both_reachable,,highest_minus_lowest,joint_resolution,0.0,0.0,0.0,2
implementation,objective,both_reachable,,highest_minus_lowest,customer_user_any_resolution,0.029702517162471354,-0.020594965675057253,0.07999999999999996,2
implementation,objective,both_reachable,,highest_minus_lowest,customer_unresolved,-0.029702517162471354,-0.07999999999999996,0.020594965675057253,2
implementation,objective,both_reachable,,highest_minus_lowest,material_at_review,0.0217391304347826,0.0,0.0434782608695652,2
implementation,objective,both_reachable,,highest_minus_lowest,standardized_no_material_score,0.004579194327225658,0.0025501725022328003,0.006608216152218516,2
implementation,objective,both_reachable,,highest_minus_lowest,mechanical_material_increment,0.00360125949455305,0.0,0.0072025189891061,2
implementation,objective,both_reachable,,highest_minus_lowest,mean_customer_merit,0.011519042490791442,0.0012074188184416634,0.02183066616314122,2
implementation,objective,both_reachable,,highest_minus_lowest,mean_customer_dependence,0.00549933563605054,0.0033230828818565095,0.00767558839024457,2
implementation,objective,all,0.0,objective_minus_disabled,domestic_use,0.0,0.0,0.0,2
implementation,objective,all,0.0,objective_minus_disabled,customer_use,0.0,0.0,0.0,2
implementation,objective,all,0.0,objective_minus_disabled,first_d,0.0,0.0,0.0,2
implementation,objective,all,0.0,objective_minus_disabled,first_e,0.0,0.0,0.0,2
implementation,objective,all,0.0,objective_minus_disabled,first_both,0.0,0.0,0.0,2
implementation,objective,all,0.0,objective_minus_disabled,neither,0.0,0.0,0.0,2
implementation,objective,all,0.0,objective_minus_disabled,d_to_e,0.0,0.0,0.0,2
implementation,objective,all,0.0,objective_minus_disabled,e_to_d,0.0,0.0,0.0,2
implementation,objective,all,0.0,objective_minus_disabled,both_use,0.0,0.0,0.0,2
implementation,objective,all,0.0,objective_minus_disabled,resolved,0.0,0.0,0.0,2
implementation,objective,all,0.0,objective_minus_disabled,unresolved,0.0,0.0,0.0,2
implementation,objective,all,0.0,objective_minus_disabled,customer_route_success,0.0,0.0,0.0,2
implementation,objective,all,0.0,objective_minus_disabled,customer_only_resolution,0.0,0.0,0.0,2
implementation,objective,all,0.0,objective_minus_disabled,joint_resolution,0.0,0.0,0.0,2
implementation,objective,all,0.0,objective_minus_disabled,customer_user_any_resolution,0.0,0.0,0.0,2
implementation,objective,all,0.0,objective_minus_disabled,customer_unresolved,0.0,0.0,0.0,2
implementation,objective,all,0.0,objective_minus_disabled,material_at_review,0.0,0.0,0.0,2
implementation,objective,all,0.0,objective_minus_disabled,standardized_no_material_score,0.0,0.0,0.0,2
implementation,objective,all,0.0,objective_minus_disabled,mechanical_material_increment,0.0,0.0,0.0,2
implementation,objective,all,0.0,objective_minus_disabled,mean_customer_merit,0.0,0.0,0.0,2
implementation,objective,all,0.0,objective_minus_disabled,mean_customer_dependence,0.0,0.0,0.0,2
implementation,full,all,0.0,full_minus_objective,domestic_use,0.0,0.0,0.0,2
implementation,full,all,0.0,full_minus_objective,customer_use,0.0,0.0,0.0,2
implementation,full,all,0.0,full_minus_objective,first_d,0.0,0.0,0.0,2
implementation,full,all,0.0,full_minus_objective,first_e,0.0,0.0,0.0,2
implementation,full,all,0.0,full_minus_objective,first_both,0.0,0.0,0.0,2
implementation,full,all,0.0,full_minus_objective,neither,0.0,0.0,0.0,2
implementation,full,all,0.0,full_minus_objective,d_to_e,0.0,0.0,0.0,2
implementation,full,all,0.0,full_minus_objective,e_to_d,0.0,0.0,0.0,2
implementation,full,all,0.0,full_minus_objective,both_use,0.0,0.0,0.0,2
implementation,full,all,0.0,full_minus_objective,resolved,0.0,0.0,0.0,2
implementation,full,all,0.0,full_minus_objective,unresolved,0.0,0.0,0.0,2
implementation,full,all,0.0,full_minus_objective,customer_route_success,0.0,0.0,0.0,2
implementation,full,all,0.0,full_minus_objective,customer_only_resolution,0.0,0.0,0.0,2
implementation,full,all,0.0,full_minus_objective,joint_resolution,0.0,0.0,0.0,2
implementation,full,all,0.0,full_minus_objective,customer_user_any_resolution,0.0,0.0,0.0,2
implementation,full,all,0.0,full_minus_objective,customer_unresolved,0.0,0.0,0.0,2
implementation,full,all,0.0,full_minus_objective,material_at_review,0.0,0.0,0.0,2
implementation,full,all,0.0,full_minus_objective,standardized_no_material_score,0.0,0.0,0.0,2
implementation,full,all,0.0,full_minus_objective,mechanical_material_increment,0.0,0.0,0.0,2
implementation,full,all,0.0,full_minus_objective,mean_customer_merit,0.0,0.0,0.0,2
implementation,full,all,0.0,full_minus_objective,mean_customer_dependence,0.0,0.0,0.0,2
implementation,full,all,0.0,full_minus_disabled,domestic_use,0.0,0.0,0.0,2
implementation,full,all,0.0,full_minus_disabled,customer_use,0.0,0.0,0.0,2
implementation,full,all,0.0,full_minus_disabled,first_d,0.0,0.0,0.0,2
implementation,full,all,0.0,full_minus_disabled,first_e,0.0,0.0,0.0,2
implementation,full,all,0.0,full_minus_disabled,first_both,0.0,0.0,0.0,2
implementation,full,all,0.0,full_minus_disabled,neither,0.0,0.0,0.0,2
implementation,full,all,0.0,full_minus_disabled,d_to_e,0.0,0.0,0.0,2
implementation,full,all,0.0,full_minus_disabled,e_to_d,0.0,0.0,0.0,2
implementation,full,all,0.0,full_minus_disabled,both_use,0.0,0.0,0.0,2
implementation,full,all,0.0,full_minus_disabled,resolved,0.0,0.0,0.0,2
implementation,full,all,0.0,full_minus_disabled,unresolved,0.0,0.0,0.0,2
implementation,full,all,0.0,full_minus_disabled,customer_route_success,0.0,0.0,0.0,2
implementation,full,all,0.0,full_minus_disabled,customer_only_resolution,0.0,0.0,0.0,2
implementation,full,all,0.0,full_minus_disabled,joint_resolution,0.0,0.0,0.0,2
implementation,full,all,0.0,full_minus_disabled,customer_user_any_resolution,0.0,0.0,0.0,2
implementation,full,all,0.0,full_minus_disabled,customer_unresolved,0.0,0.0,0.0,2
implementation,full,all,0.0,full_minus_disabled,material_at_review,0.0,0.0,0.0,2
implementation,full,all,0.0,full_minus_disabled,standardized_no_material_score,0.0,0.0,0.0,2
implementation,full,all,0.0,full_minus_disabled,mechanical_material_increment,0.0,0.0,0.0,2
implementation,full,all,0.0,full_minus_disabled,mean_customer_merit,0.0,0.0,0.0,2
implementation,full,all,0.0,full_minus_disabled,mean_customer_dependence,0.0,0.0,0.0,2
implementation,objective,both_reachable,0.0,objective_minus_disabled,domestic_use,0.0,0.0,0.0,2
implementation,objective,both_reachable,0.0,objective_minus_disabled,customer_use,0.0,0.0,0.0,2
implementation,objective,both_reachable,0.0,objective_minus_disabled,first_d,0.0,0.0,0.0,2
implementation,objective,both_reachable,0.0,objective_minus_disabled,first_e,0.0,0.0,0.0,2
implementation,objective,both_reachable,0.0,objective_minus_disabled,first_both,0.0,0.0,0.0,2
implementation,objective,both_reachable,0.0,objective_minus_disabled,neither,0.0,0.0,0.0,2
implementation,objective,both_reachable,0.0,objective_minus_disabled,d_to_e,0.0,0.0,0.0,2
implementation,objective,both_reachable,0.0,objective_minus_disabled,e_to_d,0.0,0.0,0.0,2
implementation,objective,both_reachable,0.0,objective_minus_disabled,both_use,0.0,0.0,0.0,2
implementation,objective,both_reachable,0.0,objective_minus_disabled,resolved,0.0,0.0,0.0,2
implementation,objective,both_reachable,0.0,objective_minus_disabled,unresolved,0.0,0.0,0.0,2
implementation,objective,both_reachable,0.0,objective_minus_disabled,customer_route_success,0.0,0.0,0.0,2
implementation,objective,both_reachable,0.0,objective_minus_disabled,customer_only_resolution,0.0,0.0,0.0,2
implementation,objective,both_reachable,0.0,objective_minus_disabled,joint_resolution,0.0,0.0,0.0,2
implementation,objective,both_reachable,0.0,objective_minus_disabled,customer_user_any_resolution,0.0,0.0,0.0,2
implementation,objective,both_reachable,0.0,objective_minus_disabled,customer_unresolved,0.0,0.0,0.0,2
implementation,objective,both_reachable,0.0,objective_minus_disabled,material_at_review,0.0,0.0,0.0,2
implementation,objective,both_reachable,0.0,objective_minus_disabled,standardized_no_material_score,0.0,0.0,0.0,2
implementation,objective,both_reachable,0.0,objective_minus_disabled,mechanical_material_increment,0.0,0.0,0.0,2
implementation,objective,both_reachable,0.0,objective_minus_disabled,mean_customer_merit,0.0,0.0,0.0,2
implementation,objective,both_reachable,0.0,objective_minus_disabled,mean_customer_dependence,0.0,0.0,0.0,2
implementation,full,both_reachable,0.0,full_minus_objective,domestic_use,0.0,0.0,0.0,2
implementation,full,both_reachable,0.0,full_minus_objective,customer_use,0.0,0.0,0.0,2
implementation,full,both_reachable,0.0,full_minus_objective,first_d,0.0,0.0,0.0,2
implementation,full,both_reachable,0.0,full_minus_objective,first_e,0.0,0.0,0.0,2
implementation,full,both_reachable,0.0,full_minus_objective,first_both,0.0,0.0,0.0,2
implementation,full,both_reachable,0.0,full_minus_objective,neither,0.0,0.0,0.0,2
implementation,full,both_reachable,0.0,full_minus_objective,d_to_e,0.0,0.0,0.0,2
implementation,full,both_reachable,0.0,full_minus_objective,e_to_d,0.0,0.0,0.0,2
implementation,full,both_reachable,0.0,full_minus_objective,both_use,0.0,0.0,0.0,2
implementation,full,both_reachable,0.0,full_minus_objective,resolved,0.0,0.0,0.0,2
implementation,full,both_reachable,0.0,full_minus_objective,unresolved,0.0,0.0,0.0,2
implementation,full,both_reachable,0.0,full_minus_objective,customer_route_success,0.0,0.0,0.0,2
implementation,full,both_reachable,0.0,full_minus_objective,customer_only_resolution,0.0,0.0,0.0,2
implementation,full,both_reachable,0.0,full_minus_objective,joint_resolution,0.0,0.0,0.0,2
implementation,full,both_reachable,0.0,full_minus_objective,customer_user_any_resolution,0.0,0.0,0.0,2
implementation,full,both_reachable,0.0,full_minus_objective,customer_unresolved,0.0,0.0,0.0,2
implementation,full,both_reachable,0.0,full_minus_objective,material_at_review,0.0,0.0,0.0,2
implementation,full,both_reachable,0.0,full_minus_objective,standardized_no_material_score,0.0,0.0,0.0,2
implementation,full,both_reachable,0.0,full_minus_objective,mechanical_material_increment,0.0,0.0,0.0,2
implementation,full,both_reachable,0.0,full_minus_objective,mean_customer_merit,0.0,0.0,0.0,2
implementation,full,both_reachable,0.0,full_minus_objective,mean_customer_dependence,0.0,0.0,0.0,2
implementation,full,both_reachable,0.0,full_minus_disabled,domestic_use,0.0,0.0,0.0,2
implementation,full,both_reachable,0.0,full_minus_disabled,customer_use,0.0,0.0,0.0,2
implementation,full,both_reachable,0.0,full_minus_disabled,first_d,0.0,0.0,0.0,2
implementation,full,both_reachable,0.0,full_minus_disabled,first_e,0.0,0.0,0.0,2
implementation,full,both_reachable,0.0,full_minus_disabled,first_both,0.0,0.0,0.0,2
implementation,full,both_reachable,0.0,full_minus_disabled,neither,0.0,0.0,0.0,2
implementation,full,both_reachable,0.0,full_minus_disabled,d_to_e,0.0,0.0,0.0,2
implementation,full,both_reachable,0.0,full_minus_disabled,e_to_d,0.0,0.0,0.0,2
implementation,full,both_reachable,0.0,full_minus_disabled,both_use,0.0,0.0,0.0,2
implementation,full,both_reachable,0.0,full_minus_disabled,resolved,0.0,0.0,0.0,2
implementation,full,both_reachable,0.0,full_minus_disabled,unresolved,0.0,0.0,0.0,2
implementation,full,both_reachable,0.0,full_minus_disabled,customer_route_success,0.0,0.0,0.0,2
implementation,full,both_reachable,0.0,full_minus_disabled,customer_only_resolution,0.0,0.0,0.0,2
implementation,full,both_reachable,0.0,full_minus_disabled,joint_resolution,0.0,0.0,0.0,2
implementation,full,both_reachable,0.0,full_minus_disabled,customer_user_any_resolution,0.0,0.0,0.0,2
implementation,full,both_reachable,0.0,full_minus_disabled,customer_unresolved,0.0,0.0,0.0,2
implementation,full,both_reachable,0.0,full_minus_disabled,material_at_review,0.0,0.0,0.0,2
implementation,full,both_reachable,0.0,full_minus_disabled,standardized_no_material_score,0.0,0.0,0.0,2
implementation,full,both_reachable,0.0,full_minus_disabled,mechanical_material_increment,0.0,0.0,0.0,2
implementation,full,both_reachable,0.0,full_minus_disabled,mean_customer_merit,0.0,0.0,0.0,2
implementation,full,both_reachable,0.0,full_minus_disabled,mean_customer_dependence,0.0,0.0,0.0,2
implementation,objective,all,1.0,objective_minus_disabled,domestic_use,0.0,0.0,0.0,2
implementation,objective,all,1.0,objective_minus_disabled,customer_use,0.0,0.0,0.0,2
implementation,objective,all,1.0,objective_minus_disabled,first_d,0.0,0.0,0.0,2
implementation,objective,all,1.0,objective_minus_disabled,first_e,0.0,0.0,0.0,2
implementation,objective,all,1.0,objective_minus_disabled,first_both,0.0,0.0,0.0,2
implementation,objective,all,1.0,objective_minus_disabled,neither,0.0,0.0,0.0,2
implementation,objective,all,1.0,objective_minus_disabled,d_to_e,0.0,0.0,0.0,2
implementation,objective,all,1.0,objective_minus_disabled,e_to_d,0.0,0.0,0.0,2
implementation,objective,all,1.0,objective_minus_disabled,both_use,0.0,0.0,0.0,2
implementation,objective,all,1.0,objective_minus_disabled,resolved,0.0,0.0,0.0,2
implementation,objective,all,1.0,objective_minus_disabled,unresolved,0.0,0.0,0.0,2
implementation,objective,all,1.0,objective_minus_disabled,customer_route_success,0.0,0.0,0.0,2
implementation,objective,all,1.0,objective_minus_disabled,customer_only_resolution,0.0,0.0,0.0,2
implementation,objective,all,1.0,objective_minus_disabled,joint_resolution,0.0,0.0,0.0,2
implementation,objective,all,1.0,objective_minus_disabled,customer_user_any_resolution,0.0,0.0,0.0,2
implementation,objective,all,1.0,objective_minus_disabled,customer_unresolved,0.0,0.0,0.0,2
implementation,objective,all,1.0,objective_minus_disabled,material_at_review,0.0,0.0,0.0,2
implementation,objective,all,1.0,objective_minus_disabled,standardized_no_material_score,0.0,0.0,0.0,2
implementation,objective,all,1.0,objective_minus_disabled,mechanical_material_increment,0.0,0.0,0.0,2
implementation,objective,all,1.0,objective_minus_disabled,mean_customer_merit,0.0,0.0,0.0,2
implementation,objective,all,1.0,objective_minus_disabled,mean_customer_dependence,0.0,0.0,0.0,2
implementation,full,all,1.0,full_minus_objective,domestic_use,0.0,0.0,0.0,2
implementation,full,all,1.0,full_minus_objective,customer_use,0.0,0.0,0.0,2
implementation,full,all,1.0,full_minus_objective,first_d,0.0,0.0,0.0,2
implementation,full,all,1.0,full_minus_objective,first_e,0.0,0.0,0.0,2
implementation,full,all,1.0,full_minus_objective,first_both,0.0,0.0,0.0,2
implementation,full,all,1.0,full_minus_objective,neither,0.0,0.0,0.0,2
implementation,full,all,1.0,full_minus_objective,d_to_e,0.0,0.0,0.0,2
implementation,full,all,1.0,full_minus_objective,e_to_d,0.0,0.0,0.0,2
implementation,full,all,1.0,full_minus_objective,both_use,0.0,0.0,0.0,2
implementation,full,all,1.0,full_minus_objective,resolved,0.0,0.0,0.0,2
implementation,full,all,1.0,full_minus_objective,unresolved,0.0,0.0,0.0,2
implementation,full,all,1.0,full_minus_objective,customer_route_success,0.0,0.0,0.0,2
implementation,full,all,1.0,full_minus_objective,customer_only_resolution,0.0,0.0,0.0,2
implementation,full,all,1.0,full_minus_objective,joint_resolution,0.0,0.0,0.0,2
implementation,full,all,1.0,full_minus_objective,customer_user_any_resolution,0.0,0.0,0.0,2
implementation,full,all,1.0,full_minus_objective,customer_unresolved,0.0,0.0,0.0,2
implementation,full,all,1.0,full_minus_objective,material_at_review,0.0,0.0,0.0,2
implementation,full,all,1.0,full_minus_objective,standardized_no_material_score,0.0,0.0,0.0,2
implementation,full,all,1.0,full_minus_objective,mechanical_material_increment,0.0,0.0,0.0,2
implementation,full,all,1.0,full_minus_objective,mean_customer_merit,0.0,0.0,0.0,2
implementation,full,all,1.0,full_minus_objective,mean_customer_dependence,0.0,0.0,0.0,2
implementation,full,all,1.0,full_minus_disabled,domestic_use,0.0,0.0,0.0,2
implementation,full,all,1.0,full_minus_disabled,customer_use,0.0,0.0,0.0,2
implementation,full,all,1.0,full_minus_disabled,first_d,0.0,0.0,0.0,2
implementation,full,all,1.0,full_minus_disabled,first_e,0.0,0.0,0.0,2
implementation,full,all,1.0,full_minus_disabled,first_both,0.0,0.0,0.0,2
implementation,full,all,1.0,full_minus_disabled,neither,0.0,0.0,0.0,2
implementation,full,all,1.0,full_minus_disabled,d_to_e,0.0,0.0,0.0,2
implementation,full,all,1.0,full_minus_disabled,e_to_d,0.0,0.0,0.0,2
implementation,full,all,1.0,full_minus_disabled,both_use,0.0,0.0,0.0,2
implementation,full,all,1.0,full_minus_disabled,resolved,0.0,0.0,0.0,2
implementation,full,all,1.0,full_minus_disabled,unresolved,0.0,0.0,0.0,2
implementation,full,all,1.0,full_minus_disabled,customer_route_success,0.0,0.0,0.0,2
implementation,full,all,1.0,full_minus_disabled,customer_only_resolution,0.0,0.0,0.0,2
implementation,full,all,1.0,full_minus_disabled,joint_resolution,0.0,0.0,0.0,2
implementation,full,all,1.0,full_minus_disabled,customer_user_any_resolution,0.0,0.0,0.0,2
implementation,full,all,1.0,full_minus_disabled,customer_unresolved,0.0,0.0,0.0,2
implementation,full,all,1.0,full_minus_disabled,material_at_review,0.0,0.0,0.0,2
implementation,full,all,1.0,full_minus_disabled,standardized_no_material_score,0.0,0.0,0.0,2
implementation,full,all,1.0,full_minus_disabled,mechanical_material_increment,0.0,0.0,0.0,2
implementation,full,all,1.0,full_minus_disabled,mean_customer_merit,0.0,0.0,0.0,2
implementation,full,all,1.0,full_minus_disabled,mean_customer_dependence,0.0,0.0,0.0,2
implementation,objective,both_reachable,1.0,objective_minus_disabled,domestic_use,0.0,0.0,0.0,2
implementation,objective,both_reachable,1.0,objective_minus_disabled,customer_use,0.0,0.0,0.0,2
implementation,objective,both_reachable,1.0,objective_minus_disabled,first_d,0.0,0.0,0.0,2
implementation,objective,both_reachable,1.0,objective_minus_disabled,first_e,0.0,0.0,0.0,2
implementation,objective,both_reachable,1.0,objective_minus_disabled,first_both,0.0,0.0,0.0,2
implementation,objective,both_reachable,1.0,objective_minus_disabled,neither,0.0,0.0,0.0,2
implementation,objective,both_reachable,1.0,objective_minus_disabled,d_to_e,0.0,0.0,0.0,2
implementation,objective,both_reachable,1.0,objective_minus_disabled,e_to_d,0.0,0.0,0.0,2
implementation,objective,both_reachable,1.0,objective_minus_disabled,both_use,0.0,0.0,0.0,2
implementation,objective,both_reachable,1.0,objective_minus_disabled,resolved,0.0,0.0,0.0,2
implementation,objective,both_reachable,1.0,objective_minus_disabled,unresolved,0.0,0.0,0.0,2
implementation,objective,both_reachable,1.0,objective_minus_disabled,customer_route_success,0.0,0.0,0.0,2
implementation,objective,both_reachable,1.0,objective_minus_disabled,customer_only_resolution,0.0,0.0,0.0,2
implementation,objective,both_reachable,1.0,objective_minus_disabled,joint_resolution,0.0,0.0,0.0,2
implementation,objective,both_reachable,1.0,objective_minus_disabled,customer_user_any_resolution,0.0,0.0,0.0,2
implementation,objective,both_reachable,1.0,objective_minus_disabled,customer_unresolved,0.0,0.0,0.0,2
implementation,objective,both_reachable,1.0,objective_minus_disabled,material_at_review,0.0,0.0,0.0,2
implementation,objective,both_reachable,1.0,objective_minus_disabled,standardized_no_material_score,0.0,0.0,0.0,2
implementation,objective,both_reachable,1.0,objective_minus_disabled,mechanical_material_increment,0.0,0.0,0.0,2
implementation,objective,both_reachable,1.0,objective_minus_disabled,mean_customer_merit,0.0,0.0,0.0,2
implementation,objective,both_reachable,1.0,objective_minus_disabled,mean_customer_dependence,0.0,0.0,0.0,2
implementation,full,both_reachable,1.0,full_minus_objective,domestic_use,0.0,0.0,0.0,2
implementation,full,both_reachable,1.0,full_minus_objective,customer_use,0.0,0.0,0.0,2
implementation,full,both_reachable,1.0,full_minus_objective,first_d,0.0,0.0,0.0,2
implementation,full,both_reachable,1.0,full_minus_objective,first_e,0.0,0.0,0.0,2
implementation,full,both_reachable,1.0,full_minus_objective,first_both,0.0,0.0,0.0,2
implementation,full,both_reachable,1.0,full_minus_objective,neither,0.0,0.0,0.0,2
implementation,full,both_reachable,1.0,full_minus_objective,d_to_e,0.0,0.0,0.0,2
implementation,full,both_reachable,1.0,full_minus_objective,e_to_d,0.0,0.0,0.0,2
implementation,full,both_reachable,1.0,full_minus_objective,both_use,0.0,0.0,0.0,2
implementation,full,both_reachable,1.0,full_minus_objective,resolved,0.0,0.0,0.0,2
implementation,full,both_reachable,1.0,full_minus_objective,unresolved,0.0,0.0,0.0,2
implementation,full,both_reachable,1.0,full_minus_objective,customer_route_success,0.0,0.0,0.0,2
implementation,full,both_reachable,1.0,full_minus_objective,customer_only_resolution,0.0,0.0,0.0,2
implementation,full,both_reachable,1.0,full_minus_objective,joint_resolution,0.0,0.0,0.0,2
implementation,full,both_reachable,1.0,full_minus_objective,customer_user_any_resolution,0.0,0.0,0.0,2
implementation,full,both_reachable,1.0,full_minus_objective,customer_unresolved,0.0,0.0,0.0,2
implementation,full,both_reachable,1.0,full_minus_objective,material_at_review,0.0,0.0,0.0,2
implementation,full,both_reachable,1.0,full_minus_objective,standardized_no_material_score,0.0,0.0,0.0,2
implementation,full,both_reachable,1.0,full_minus_objective,mechanical_material_increment,0.0,0.0,0.0,2
implementation,full,both_reachable,1.0,full_minus_objective,mean_customer_merit,0.0,0.0,0.0,2
implementation,full,both_reachable,1.0,full_minus_objective,mean_customer_dependence,0.0,0.0,0.0,2
implementation,full,both_reachable,1.0,full_minus_disabled,domestic_use,0.0,0.0,0.0,2
implementation,full,both_reachable,1.0,full_minus_disabled,customer_use,0.0,0.0,0.0,2
implementation,full,both_reachable,1.0,full_minus_disabled,first_d,0.0,0.0,0.0,2
implementation,full,both_reachable,1.0,full_minus_disabled,first_e,0.0,0.0,0.0,2
implementation,full,both_reachable,1.0,full_minus_disabled,first_both,0.0,0.0,0.0,2
implementation,full,both_reachable,1.0,full_minus_disabled,neither,0.0,0.0,0.0,2
implementation,full,both_reachable,1.0,full_minus_disabled,d_to_e,0.0,0.0,0.0,2
implementation,full,both_reachable,1.0,full_minus_disabled,e_to_d,0.0,0.0,0.0,2
implementation,full,both_reachable,1.0,full_minus_disabled,both_use,0.0,0.0,0.0,2
implementation,full,both_reachable,1.0,full_minus_disabled,resolved,0.0,0.0,0.0,2
implementation,full,both_reachable,1.0,full_minus_disabled,unresolved,0.0,0.0,0.0,2
implementation,full,both_reachable,1.0,full_minus_disabled,customer_route_success,0.0,0.0,0.0,2
implementation,full,both_reachable,1.0,full_minus_disabled,customer_only_resolution,0.0,0.0,0.0,2
implementation,full,both_reachable,1.0,full_minus_disabled,joint_resolution,0.0,0.0,0.0,2
implementation,full,both_reachable,1.0,full_minus_disabled,customer_user_any_resolution,0.0,0.0,0.0,2
implementation,full,both_reachable,1.0,full_minus_disabled,customer_unresolved,0.0,0.0,0.0,2
implementation,full,both_reachable,1.0,full_minus_disabled,material_at_review,0.0,0.0,0.0,2
implementation,full,both_reachable,1.0,full_minus_disabled,standardized_no_material_score,0.0,0.0,0.0,2
implementation,full,both_reachable,1.0,full_minus_disabled,mechanical_material_increment,0.0,0.0,0.0,2
implementation,full,both_reachable,1.0,full_minus_disabled,mean_customer_merit,0.0,0.0,0.0,2
implementation,full,both_reachable,1.0,full_minus_disabled,mean_customer_dependence,0.0,0.0,0.0,2
implementation,objective,all,4.0,objective_minus_disabled,domestic_use,0.0,0.0,0.0,2
implementation,objective,all,4.0,objective_minus_disabled,customer_use,0.0,0.0,0.0,2
implementation,objective,all,4.0,objective_minus_disabled,first_d,0.0,0.0,0.0,2
implementation,objective,all,4.0,objective_minus_disabled,first_e,0.0,0.0,0.0,2
implementation,objective,all,4.0,objective_minus_disabled,first_both,0.0,0.0,0.0,2
implementation,objective,all,4.0,objective_minus_disabled,neither,0.0,0.0,0.0,2
implementation,objective,all,4.0,objective_minus_disabled,d_to_e,0.0,0.0,0.0,2
implementation,objective,all,4.0,objective_minus_disabled,e_to_d,0.0,0.0,0.0,2
implementation,objective,all,4.0,objective_minus_disabled,both_use,0.0,0.0,0.0,2
implementation,objective,all,4.0,objective_minus_disabled,resolved,0.0,0.0,0.0,2
implementation,objective,all,4.0,objective_minus_disabled,unresolved,0.0,0.0,0.0,2
implementation,objective,all,4.0,objective_minus_disabled,customer_route_success,0.0,0.0,0.0,2
implementation,objective,all,4.0,objective_minus_disabled,customer_only_resolution,0.0,0.0,0.0,2
implementation,objective,all,4.0,objective_minus_disabled,joint_resolution,0.0,0.0,0.0,2
implementation,objective,all,4.0,objective_minus_disabled,customer_user_any_resolution,0.0,0.0,0.0,2
implementation,objective,all,4.0,objective_minus_disabled,customer_unresolved,0.0,0.0,0.0,2
implementation,objective,all,4.0,objective_minus_disabled,material_at_review,0.0,0.0,0.0,2
implementation,objective,all,4.0,objective_minus_disabled,standardized_no_material_score,0.0,0.0,0.0,2
implementation,objective,all,4.0,objective_minus_disabled,mechanical_material_increment,0.0,0.0,0.0,2
implementation,objective,all,4.0,objective_minus_disabled,mean_customer_merit,0.0,0.0,0.0,2
implementation,objective,all,4.0,objective_minus_disabled,mean_customer_dependence,0.0,0.0,0.0,2
implementation,full,all,4.0,full_minus_objective,domestic_use,0.0,0.0,0.0,2
implementation,full,all,4.0,full_minus_objective,customer_use,0.023255813953488358,0.0,0.046511627906976716,2
implementation,full,all,4.0,full_minus_objective,first_d,0.01428571428571429,0.0,0.02857142857142858,2
implementation,full,all,4.0,full_minus_objective,first_e,-0.01428571428571429,-0.02857142857142858,0.0,2
implementation,full,all,4.0,full_minus_objective,first_both,0.0,0.0,0.0,2
implementation,full,all,4.0,full_minus_objective,neither,0.0,0.0,0.0,2
implementation,full,all,4.0,full_minus_objective,d_to_e,0.037541528239202655,0.028571428571428595,0.046511627906976716,2
implementation,full,all,4.0,full_minus_objective,e_to_d,-0.01428571428571429,-0.02857142857142858,0.0,2
implementation,full,all,4.0,full_minus_objective,both_use,0.023255813953488358,0.0,0.046511627906976716,2
implementation,full,all,4.0,full_minus_objective,resolved,-0.014285714285714318,-0.028571428571428636,0.0,2
implementation,full,all,4.0,full_minus_objective,unresolved,0.01428571428571429,0.0,0.02857142857142858,2
implementation,full,all,4.0,full_minus_objective,customer_route_success,-0.009469696969696961,-0.018939393939393923,0.0,2
implementation,full,all,4.0,full_minus_objective,customer_only_resolution,-0.009469696969696961,-0.018939393939393923,0.0,2
implementation,full,all,4.0,full_minus_objective,joint_resolution,0.0,0.0,0.0,2
implementation,full,all,4.0,full_minus_objective,customer_user_any_resolution,0.0015151515151515527,-0.04999999999999999,0.053030303030303094,2
implementation,full,all,4.0,full_minus_objective,customer_unresolved,-0.001515151515151525,-0.05303030303030298,0.04999999999999993,2
implementation,full,all,4.0,full_minus_objective,material_at_review,0.0208333333333333,0.0,0.0416666666666666,2
implementation,full,all,4.0,full_minus_objective,standardized_no_material_score,0.002471997733472897,0.0,0.004943995466945794,2
implementation,full,all,4.0,full_minus_objective,mechanical_material_increment,0.00368543438849585,0.0,0.0073708687769917,2
implementation,full,all,4.0,full_minus_objective,mean_customer_merit,0.0037837134781752435,0.0,0.007567426956350487,2
implementation,full,all,4.0,full_minus_objective,mean_customer_dependence,0.0046025951026189005,0.0,0.009205190205237801,2
implementation,full,all,4.0,full_minus_disabled,domestic_use,0.0,0.0,0.0,2
implementation,full,all,4.0,full_minus_disabled,customer_use,0.023255813953488358,0.0,0.046511627906976716,2
implementation,full,all,4.0,full_minus_disabled,first_d,0.01428571428571429,0.0,0.02857142857142858,2
implementation,full,all,4.0,full_minus_disabled,first_e,-0.01428571428571429,-0.02857142857142858,0.0,2
implementation,full,all,4.0,full_minus_disabled,first_both,0.0,0.0,0.0,2
implementation,full,all,4.0,full_minus_disabled,neither,0.0,0.0,0.0,2
implementation,full,all,4.0,full_minus_disabled,d_to_e,0.037541528239202655,0.028571428571428595,0.046511627906976716,2
implementation,full,all,4.0,full_minus_disabled,e_to_d,-0.01428571428571429,-0.02857142857142858,0.0,2
implementation,full,all,4.0,full_minus_disabled,both_use,0.023255813953488358,0.0,0.046511627906976716,2
implementation,full,all,4.0,full_minus_disabled,resolved,-0.014285714285714318,-0.028571428571428636,0.0,2
implementation,full,all,4.0,full_minus_disabled,unresolved,0.01428571428571429,0.0,0.02857142857142858,2
implementation,full,all,4.0,full_minus_disabled,customer_route_success,-0.009469696969696961,-0.018939393939393923,0.0,2
implementation,full,all,4.0,full_minus_disabled,customer_only_resolution,-0.009469696969696961,-0.018939393939393923,0.0,2
implementation,full,all,4.0,full_minus_disabled,joint_resolution,0.0,0.0,0.0,2
implementation,full,all,4.0,full_minus_disabled,customer_user_any_resolution,0.0015151515151515527,-0.04999999999999999,0.053030303030303094,2
implementation,full,all,4.0,full_minus_disabled,customer_unresolved,-0.001515151515151525,-0.05303030303030298,0.04999999999999993,2
implementation,full,all,4.0,full_minus_disabled,material_at_review,0.0208333333333333,0.0,0.0416666666666666,2
implementation,full,all,4.0,full_minus_disabled,standardized_no_material_score,0.002471997733472897,0.0,0.004943995466945794,2
implementation,full,all,4.0,full_minus_disabled,mechanical_material_increment,0.00368543438849585,0.0,0.0073708687769917,2
implementation,full,all,4.0,full_minus_disabled,mean_customer_merit,0.0037837134781752435,0.0,0.007567426956350487,2
implementation,full,all,4.0,full_minus_disabled,mean_customer_dependence,0.0046025951026189005,0.0,0.009205190205237801,2
implementation,objective,both_reachable,4.0,objective_minus_disabled,domestic_use,0.0,0.0,0.0,2
implementation,objective,both_reachable,4.0,objective_minus_disabled,customer_use,0.0,0.0,0.0,2
implementation,objective,both_reachable,4.0,objective_minus_disabled,first_d,0.0,0.0,0.0,2
implementation,objective,both_reachable,4.0,objective_minus_disabled,first_e,0.0,0.0,0.0,2
implementation,objective,both_reachable,4.0,objective_minus_disabled,first_both,0.0,0.0,0.0,2
implementation,objective,both_reachable,4.0,objective_minus_disabled,neither,0.0,0.0,0.0,2
implementation,objective,both_reachable,4.0,objective_minus_disabled,d_to_e,0.0,0.0,0.0,2
implementation,objective,both_reachable,4.0,objective_minus_disabled,e_to_d,0.0,0.0,0.0,2
implementation,objective,both_reachable,4.0,objective_minus_disabled,both_use,0.0,0.0,0.0,2
implementation,objective,both_reachable,4.0,objective_minus_disabled,resolved,0.0,0.0,0.0,2
implementation,objective,both_reachable,4.0,objective_minus_disabled,unresolved,0.0,0.0,0.0,2
implementation,objective,both_reachable,4.0,objective_minus_disabled,customer_route_success,0.0,0.0,0.0,2
implementation,objective,both_reachable,4.0,objective_minus_disabled,customer_only_resolution,0.0,0.0,0.0,2
implementation,objective,both_reachable,4.0,objective_minus_disabled,joint_resolution,0.0,0.0,0.0,2
implementation,objective,both_reachable,4.0,objective_minus_disabled,customer_user_any_resolution,0.0,0.0,0.0,2
implementation,objective,both_reachable,4.0,objective_minus_disabled,customer_unresolved,0.0,0.0,0.0,2
implementation,objective,both_reachable,4.0,objective_minus_disabled,material_at_review,0.0,0.0,0.0,2
implementation,objective,both_reachable,4.0,objective_minus_disabled,standardized_no_material_score,0.0,0.0,0.0,2
implementation,objective,both_reachable,4.0,objective_minus_disabled,mechanical_material_increment,0.0,0.0,0.0,2
implementation,objective,both_reachable,4.0,objective_minus_disabled,mean_customer_merit,0.0,0.0,0.0,2
implementation,objective,both_reachable,4.0,objective_minus_disabled,mean_customer_dependence,0.0,0.0,0.0,2
implementation,full,both_reachable,4.0,full_minus_objective,domestic_use,0.0,0.0,0.0,2
implementation,full,both_reachable,4.0,full_minus_objective,customer_use,0.027777777777777735,0.0,0.05555555555555547,2
implementation,full,both_reachable,4.0,full_minus_objective,first_d,0.018518518518518517,0.0,0.037037037037037035,2
implementation,full,both_reachable,4.0,full_minus_objective,first_e,-0.01851851851851849,-0.03703703703703698,0.0,2
implementation,full,both_reachable,4.0,full_minus_objective,first_both,0.0,0.0,0.0,2
implementation,full,both_reachable,4.0,full_minus_objective,neither,0.0,0.0,0.0,2
implementation,full,both_reachable,4.0,full_minus_objective,d_to_e,0.046296296296296294,0.03703703703703698,0.05555555555555561,2
implementation,full,both_reachable,4.0,full_minus_objective,e_to_d,-0.01851851851851849,-0.03703703703703698,0.0,2
implementation,full,both_reachable,4.0,full_minus_objective,both_use,0.027777777777777762,0.0,0.055555555555555525,2
implementation,full,both_reachable,4.0,full_minus_objective,resolved,-0.018518518518518517,-0.037037037037037035,0.0,2
implementation,full,both_reachable,4.0,full_minus_objective,unresolved,0.01851851851851849,0.0,0.03703703703703698,2
implementation,full,both_reachable,4.0,full_minus_objective,customer_route_success,-0.009469696969696961,-0.018939393939393923,0.0,2
implementation,full,both_reachable,4.0,full_minus_objective,customer_only_resolution,-0.009469696969696961,-0.018939393939393923,0.0,2
implementation,full,both_reachable,4.0,full_minus_objective,joint_resolution,0.0,0.0,0.0,2
implementation,full,both_reachable,4.0,full_minus_objective,customer_user_any_resolution,0.0015151515151515527,-0.04999999999999999,0.053030303030303094,2
implementation,full,both_reachable,4.0,full_minus_objective,customer_unresolved,-0.001515151515151525,-0.05303030303030298,0.04999999999999993,2
implementation,full,both_reachable,4.0,full_minus_objective,material_at_review,0.0208333333333333,0.0,0.0416666666666666,2
implementation,full,both_reachable,4.0,full_minus_objective,standardized_no_material_score,0.002471997733472897,0.0,0.004943995466945794,2
implementation,full,both_reachable,4.0,full_minus_objective,mechanical_material_increment,0.00368543438849585,0.0,0.0073708687769917,2
implementation,full,both_reachable,4.0,full_minus_objective,mean_customer_merit,0.0037837134781752435,0.0,0.007567426956350487,2
implementation,full,both_reachable,4.0,full_minus_objective,mean_customer_dependence,0.0046025951026189005,0.0,0.009205190205237801,2
implementation,full,both_reachable,4.0,full_minus_disabled,domestic_use,0.0,0.0,0.0,2
implementation,full,both_reachable,4.0,full_minus_disabled,customer_use,0.027777777777777735,0.0,0.05555555555555547,2
implementation,full,both_reachable,4.0,full_minus_disabled,first_d,0.018518518518518517,0.0,0.037037037037037035,2
implementation,full,both_reachable,4.0,full_minus_disabled,first_e,-0.01851851851851849,-0.03703703703703698,0.0,2
implementation,full,both_reachable,4.0,full_minus_disabled,first_both,0.0,0.0,0.0,2
implementation,full,both_reachable,4.0,full_minus_disabled,neither,0.0,0.0,0.0,2
implementation,full,both_reachable,4.0,full_minus_disabled,d_to_e,0.046296296296296294,0.03703703703703698,0.05555555555555561,2
implementation,full,both_reachable,4.0,full_minus_disabled,e_to_d,-0.01851851851851849,-0.03703703703703698,0.0,2
implementation,full,both_reachable,4.0,full_minus_disabled,both_use,0.027777777777777762,0.0,0.055555555555555525,2
implementation,full,both_reachable,4.0,full_minus_disabled,resolved,-0.018518518518518517,-0.037037037037037035,0.0,2
implementation,full,both_reachable,4.0,full_minus_disabled,unresolved,0.01851851851851849,0.0,0.03703703703703698,2
implementation,full,both_reachable,4.0,full_minus_disabled,customer_route_success,-0.009469696969696961,-0.018939393939393923,0.0,2
implementation,full,both_reachable,4.0,full_minus_disabled,customer_only_resolution,-0.009469696969696961,-0.018939393939393923,0.0,2
implementation,full,both_reachable,4.0,full_minus_disabled,joint_resolution,0.0,0.0,0.0,2
implementation,full,both_reachable,4.0,full_minus_disabled,customer_user_any_resolution,0.0015151515151515527,-0.04999999999999999,0.053030303030303094,2
implementation,full,both_reachable,4.0,full_minus_disabled,customer_unresolved,-0.001515151515151525,-0.05303030303030298,0.04999999999999993,2
implementation,full,both_reachable,4.0,full_minus_disabled,material_at_review,0.0208333333333333,0.0,0.0416666666666666,2
implementation,full,both_reachable,4.0,full_minus_disabled,standardized_no_material_score,0.002471997733472897,0.0,0.004943995466945794,2
implementation,full,both_reachable,4.0,full_minus_disabled,mechanical_material_increment,0.00368543438849585,0.0,0.0073708687769917,2
implementation,full,both_reachable,4.0,full_minus_disabled,mean_customer_merit,0.0037837134781752435,0.0,0.007567426956350487,2
implementation,full,both_reachable,4.0,full_minus_disabled,mean_customer_dependence,0.0046025951026189005,0.0,0.009205190205237801,2
implementation,objective,all,8.0,objective_minus_disabled,domestic_use,0.0,0.0,0.0,2
implementation,objective,all,8.0,objective_minus_disabled,customer_use,0.0,0.0,0.0,2
implementation,objective,all,8.0,objective_minus_disabled,first_d,0.0,0.0,0.0,2
implementation,objective,all,8.0,objective_minus_disabled,first_e,0.0,0.0,0.0,2
implementation,objective,all,8.0,objective_minus_disabled,first_both,0.0,0.0,0.0,2
implementation,objective,all,8.0,objective_minus_disabled,neither,0.0,0.0,0.0,2
implementation,objective,all,8.0,objective_minus_disabled,d_to_e,0.0,0.0,0.0,2
implementation,objective,all,8.0,objective_minus_disabled,e_to_d,0.0,0.0,0.0,2
implementation,objective,all,8.0,objective_minus_disabled,both_use,0.0,0.0,0.0,2
implementation,objective,all,8.0,objective_minus_disabled,resolved,0.0,0.0,0.0,2
implementation,objective,all,8.0,objective_minus_disabled,unresolved,0.0,0.0,0.0,2
implementation,objective,all,8.0,objective_minus_disabled,customer_route_success,0.0,0.0,0.0,2
implementation,objective,all,8.0,objective_minus_disabled,customer_only_resolution,0.0,0.0,0.0,2
implementation,objective,all,8.0,objective_minus_disabled,joint_resolution,0.0,0.0,0.0,2
implementation,objective,all,8.0,objective_minus_disabled,customer_user_any_resolution,0.0,0.0,0.0,2
implementation,objective,all,8.0,objective_minus_disabled,customer_unresolved,0.0,0.0,0.0,2
implementation,objective,all,8.0,objective_minus_disabled,material_at_review,0.0,0.0,0.0,2
implementation,objective,all,8.0,objective_minus_disabled,standardized_no_material_score,0.0,0.0,0.0,2
implementation,objective,all,8.0,objective_minus_disabled,mechanical_material_increment,0.00360125949455305,0.0,0.0072025189891061,2
implementation,objective,all,8.0,objective_minus_disabled,mean_customer_merit,0.0,0.0,0.0,2
implementation,objective,all,8.0,objective_minus_disabled,mean_customer_dependence,0.0,0.0,0.0,2
implementation,full,all,8.0,full_minus_objective,domestic_use,0.011627906976744207,0.0,0.023255813953488413,2
implementation,full,all,8.0,full_minus_objective,customer_use,0.046511627906976716,0.0,0.09302325581395343,2
implementation,full,all,8.0,full_minus_objective,first_d,-0.002657807308970056,-0.028571428571428525,0.023255813953488413,2
implementation,full,all,8.0,full_minus_objective,first_e,-0.011627906976744207,-0.023255813953488413,0.0,2
implementation,full,all,8.0,full_minus_objective,first_both,0.0,0.0,0.0,2
implementation,full,all,8.0,full_minus_objective,neither,0.0142857142857143,0.0,0.0285714285714286,2
implementation,full,all,8.0,full_minus_objective,d_to_e,0.05813953488372095,0.0,0.1162790697674419,2
implementation,full,all,8.0,full_minus_objective,e_to_d,0.014285714285714263,0.0,0.028571428571428525,2
implementation,full,all,8.0,full_minus_objective,both_use,0.07242524916943524,0.02857142857142858,0.1162790697674419,2
implementation,full,all,8.0,full_minus_objective,resolved,-0.0026578073089700283,-0.02857142857142847,0.023255813953488413,2
implementation,full,all,8.0,full_minus_objective,unresolved,0.0026578073089700838,-0.023255813953488413,0.02857142857142858,2
implementation,full,all,8.0,full_minus_objective,customer_route_success,-0.009325337331334366,-0.0434782608695653,0.024827586206896568,2
implementation,full,all,8.0,full_minus_objective,customer_only_resolution,-0.0265667166416792,-0.0434782608695653,-0.0096551724137931,2
implementation,full,all,8.0,full_minus_objective,joint_resolution,0.0172413793103448,0.0,0.0344827586206896,2
implementation,full,all,8.0,full_minus_objective,customer_user_any_resolution,0.035862068965517246,0.0,0.07172413793103449,2
implementation,full,all,8.0,full_minus_objective,customer_unresolved,-0.035862068965517246,-0.07172413793103449,0.0,2
implementation,full,all,8.0,full_minus_objective,material_at_review,0.0689655172413793,0.0,0.1379310344827586,2
implementation,full,all,8.0,full_minus_objective,standardized_no_material_score,0.00127705373218244,0.000757257332695882,0.0017968501316689978,2
implementation,full,all,8.0,full_minus_objective,mechanical_material_increment,0.010911475261009,0.0,0.021822950522018,2
implementation,full,all,8.0,full_minus_objective,mean_customer_merit,0.003541205790502211,0.001090447351976831,0.005991964229027591,2
implementation,full,all,8.0,full_minus_objective,mean_customer_dependence,0.0014072585345635824,0.0011862209207983976,0.0016282961483287672,2
implementation,full,all,8.0,full_minus_disabled,domestic_use,0.011627906976744207,0.0,0.023255813953488413,2
implementation,full,all,8.0,full_minus_disabled,customer_use,0.046511627906976716,0.0,0.09302325581395343,2
implementation,full,all,8.0,full_minus_disabled,first_d,-0.002657807308970056,-0.028571428571428525,0.023255813953488413,2
implementation,full,all,8.0,full_minus_disabled,first_e,-0.011627906976744207,-0.023255813953488413,0.0,2
implementation,full,all,8.0,full_minus_disabled,first_both,0.0,0.0,0.0,2
implementation,full,all,8.0,full_minus_disabled,neither,0.0142857142857143,0.0,0.0285714285714286,2
implementation,full,all,8.0,full_minus_disabled,d_to_e,0.05813953488372095,0.0,0.1162790697674419,2
implementation,full,all,8.0,full_minus_disabled,e_to_d,0.014285714285714263,0.0,0.028571428571428525,2
implementation,full,all,8.0,full_minus_disabled,both_use,0.07242524916943524,0.02857142857142858,0.1162790697674419,2
implementation,full,all,8.0,full_minus_disabled,resolved,-0.0026578073089700283,-0.02857142857142847,0.023255813953488413,2
implementation,full,all,8.0,full_minus_disabled,unresolved,0.0026578073089700838,-0.023255813953488413,0.02857142857142858,2
implementation,full,all,8.0,full_minus_disabled,customer_route_success,-0.009325337331334366,-0.0434782608695653,0.024827586206896568,2
implementation,full,all,8.0,full_minus_disabled,customer_only_resolution,-0.0265667166416792,-0.0434782608695653,-0.0096551724137931,2
implementation,full,all,8.0,full_minus_disabled,joint_resolution,0.0172413793103448,0.0,0.0344827586206896,2
implementation,full,all,8.0,full_minus_disabled,customer_user_any_resolution,0.035862068965517246,0.0,0.07172413793103449,2
implementation,full,all,8.0,full_minus_disabled,customer_unresolved,-0.035862068965517246,-0.07172413793103449,0.0,2
implementation,full,all,8.0,full_minus_disabled,material_at_review,0.0689655172413793,0.0,0.1379310344827586,2
implementation,full,all,8.0,full_minus_disabled,standardized_no_material_score,0.00127705373218244,0.000757257332695882,0.0017968501316689978,2
implementation,full,all,8.0,full_minus_disabled,mechanical_material_increment,0.01451273475556205,0.0072025189891061,0.021822950522018,2
implementation,full,all,8.0,full_minus_disabled,mean_customer_merit,0.003541205790502211,0.001090447351976831,0.005991964229027591,2
implementation,full,all,8.0,full_minus_disabled,mean_customer_dependence,0.0014072585345635824,0.0011862209207983976,0.0016282961483287672,2
implementation,objective,both_reachable,8.0,objective_minus_disabled,domestic_use,0.0,0.0,0.0,2
implementation,objective,both_reachable,8.0,objective_minus_disabled,customer_use,0.0,0.0,0.0,2
implementation,objective,both_reachable,8.0,objective_minus_disabled,first_d,0.0,0.0,0.0,2
implementation,objective,both_reachable,8.0,objective_minus_disabled,first_e,0.0,0.0,0.0,2
implementation,objective,both_reachable,8.0,objective_minus_disabled,first_both,0.0,0.0,0.0,2
implementation,objective,both_reachable,8.0,objective_minus_disabled,neither,0.0,0.0,0.0,2
implementation,objective,both_reachable,8.0,objective_minus_disabled,d_to_e,0.0,0.0,0.0,2
implementation,objective,both_reachable,8.0,objective_minus_disabled,e_to_d,0.0,0.0,0.0,2
implementation,objective,both_reachable,8.0,objective_minus_disabled,both_use,0.0,0.0,0.0,2
implementation,objective,both_reachable,8.0,objective_minus_disabled,resolved,0.0,0.0,0.0,2
implementation,objective,both_reachable,8.0,objective_minus_disabled,unresolved,0.0,0.0,0.0,2
implementation,objective,both_reachable,8.0,objective_minus_disabled,customer_route_success,0.0,0.0,0.0,2
implementation,objective,both_reachable,8.0,objective_minus_disabled,customer_only_resolution,0.0,0.0,0.0,2
implementation,objective,both_reachable,8.0,objective_minus_disabled,joint_resolution,0.0,0.0,0.0,2
implementation,objective,both_reachable,8.0,objective_minus_disabled,customer_user_any_resolution,0.0,0.0,0.0,2
implementation,objective,both_reachable,8.0,objective_minus_disabled,customer_unresolved,0.0,0.0,0.0,2
implementation,objective,both_reachable,8.0,objective_minus_disabled,material_at_review,0.0,0.0,0.0,2
implementation,objective,both_reachable,8.0,objective_minus_disabled,standardized_no_material_score,0.0,0.0,0.0,2
implementation,objective,both_reachable,8.0,objective_minus_disabled,mechanical_material_increment,0.00360125949455305,0.0,0.0072025189891061,2
implementation,objective,both_reachable,8.0,objective_minus_disabled,mean_customer_merit,0.0,0.0,0.0,2
implementation,objective,both_reachable,8.0,objective_minus_disabled,mean_customer_dependence,0.0,0.0,0.0,2
implementation,full,both_reachable,8.0,full_minus_objective,domestic_use,0.013888888888888895,0.0,0.02777777777777779,2
implementation,full,both_reachable,8.0,full_minus_objective,customer_use,0.05555555555555558,0.0,0.11111111111111116,2
implementation,full,both_reachable,8.0,full_minus_objective,first_d,-0.004629629629629595,-0.03703703703703698,0.02777777777777779,2
implementation,full,both_reachable,8.0,full_minus_objective,first_e,-0.013888888888888895,-0.02777777777777779,0.0,2
implementation,full,both_reachable,8.0,full_minus_objective,first_both,0.0,0.0,0.0,2
implementation,full,both_reachable,8.0,full_minus_objective,neither,0.0185185185185185,0.0,0.037037037037037,2
implementation,full,both_reachable,8.0,full_minus_objective,d_to_e,0.06944444444444449,0.0,0.13888888888888898,2
implementation,full,both_reachable,8.0,full_minus_objective,e_to_d,0.018518518518518517,0.0,0.037037037037037035,2
implementation,full,both_reachable,8.0,full_minus_objective,both_use,0.08796296296296302,0.03703703703703709,0.13888888888888895,2
implementation,full,both_reachable,8.0,full_minus_objective,resolved,-0.004629629629629595,-0.03703703703703698,0.02777777777777779,2
implementation,full,both_reachable,8.0,full_minus_objective,unresolved,0.004629629629629595,-0.02777777777777779,0.03703703703703698,2
implementation,full,both_reachable,8.0,full_minus_objective,customer_route_success,-0.009325337331334366,-0.0434782608695653,0.024827586206896568,2
implementation,full,both_reachable,8.0,full_minus_objective,customer_only_resolution,-0.0265667166416792,-0.0434782608695653,-0.0096551724137931,2
implementation,full,both_reachable,8.0,full_minus_objective,joint_resolution,0.0172413793103448,0.0,0.0344827586206896,2
implementation,full,both_reachable,8.0,full_minus_objective,customer_user_any_resolution,0.035862068965517246,0.0,0.07172413793103449,2
implementation,full,both_reachable,8.0,full_minus_objective,customer_unresolved,-0.035862068965517246,-0.07172413793103449,0.0,2
implementation,full,both_reachable,8.0,full_minus_objective,material_at_review,0.0689655172413793,0.0,0.1379310344827586,2
implementation,full,both_reachable,8.0,full_minus_objective,standardized_no_material_score,0.00127705373218244,0.000757257332695882,0.0017968501316689978,2
implementation,full,both_reachable,8.0,full_minus_objective,mechanical_material_increment,0.010911475261009,0.0,0.021822950522018,2
implementation,full,both_reachable,8.0,full_minus_objective,mean_customer_merit,0.003541205790502211,0.001090447351976831,0.005991964229027591,2
implementation,full,both_reachable,8.0,full_minus_objective,mean_customer_dependence,0.0014072585345635824,0.0011862209207983976,0.0016282961483287672,2
implementation,full,both_reachable,8.0,full_minus_disabled,domestic_use,0.013888888888888895,0.0,0.02777777777777779,2
implementation,full,both_reachable,8.0,full_minus_disabled,customer_use,0.05555555555555558,0.0,0.11111111111111116,2
implementation,full,both_reachable,8.0,full_minus_disabled,first_d,-0.004629629629629595,-0.03703703703703698,0.02777777777777779,2
implementation,full,both_reachable,8.0,full_minus_disabled,first_e,-0.013888888888888895,-0.02777777777777779,0.0,2
implementation,full,both_reachable,8.0,full_minus_disabled,first_both,0.0,0.0,0.0,2
implementation,full,both_reachable,8.0,full_minus_disabled,neither,0.0185185185185185,0.0,0.037037037037037,2
implementation,full,both_reachable,8.0,full_minus_disabled,d_to_e,0.06944444444444449,0.0,0.13888888888888898,2
implementation,full,both_reachable,8.0,full_minus_disabled,e_to_d,0.018518518518518517,0.0,0.037037037037037035,2
implementation,full,both_reachable,8.0,full_minus_disabled,both_use,0.08796296296296302,0.03703703703703709,0.13888888888888895,2
implementation,full,both_reachable,8.0,full_minus_disabled,resolved,-0.004629629629629595,-0.03703703703703698,0.02777777777777779,2
implementation,full,both_reachable,8.0,full_minus_disabled,unresolved,0.004629629629629595,-0.02777777777777779,0.03703703703703698,2
implementation,full,both_reachable,8.0,full_minus_disabled,customer_route_success,-0.009325337331334366,-0.0434782608695653,0.024827586206896568,2
implementation,full,both_reachable,8.0,full_minus_disabled,customer_only_resolution,-0.0265667166416792,-0.0434782608695653,-0.0096551724137931,2
implementation,full,both_reachable,8.0,full_minus_disabled,joint_resolution,0.0172413793103448,0.0,0.0344827586206896,2
implementation,full,both_reachable,8.0,full_minus_disabled,customer_user_any_resolution,0.035862068965517246,0.0,0.07172413793103449,2
implementation,full,both_reachable,8.0,full_minus_disabled,customer_unresolved,-0.035862068965517246,-0.07172413793103449,0.0,2
implementation,full,both_reachable,8.0,full_minus_disabled,material_at_review,0.0689655172413793,0.0,0.1379310344827586,2
implementation,full,both_reachable,8.0,full_minus_disabled,standardized_no_material_score,0.00127705373218244,0.000757257332695882,0.0017968501316689978,2
implementation,full,both_reachable,8.0,full_minus_disabled,mechanical_material_increment,0.01451273475556205,0.0072025189891061,0.021822950522018,2
implementation,full,both_reachable,8.0,full_minus_disabled,mean_customer_merit,0.003541205790502211,0.001090447351976831,0.005991964229027591,2
implementation,full,both_reachable,8.0,full_minus_disabled,mean_customer_dependence,0.0014072585345635824,0.0011862209207983976,0.0016282961483287672,2
