block,comparison,metric,n,mean_difference,sd_difference,se_difference,ci_low,ci_high
base,both - domestic_only,domestic_use,2,-0.0357142857142857,0.05050762722761051,0.03571428571428569,-0.0714285714285714,0.0
base,both - domestic_only,customer_use,2,0.5178571428571428,0.37880720420707903,0.26785714285714285,0.25,0.7857142857142857
base,both - domestic_only,resolved_share,2,0.03571428571428571,0.050507627227610534,0.03571428571428571,0.0,0.07142857142857142
base,both - domestic_only,d_to_e_all,2,0.3794642857142857,0.27147849634840665,0.1919642857142857,0.1875,0.5714285714285714
base,both - domestic_only,e_to_d_all,2,0.03571428571428571,0.050507627227610534,0.03571428571428571,0.0,0.07142857142857142
base,both - domestic_only,both_use,2,0.48214285714285715,0.3282995769794685,0.23214285714285712,0.25,0.7142857142857143
base,both - customer_only,domestic_use,2,0.9642857142857143,0.05050762722761051,0.03571428571428569,0.9285714285714286,1.0
base,both - customer_only,customer_use,2,-0.09375,0.13258252147247765,0.09374999999999999,-0.1875,0.0
base,both - customer_only,resolved_share,2,0.19642857142857142,0.07576144084141581,0.05357142857142857,0.14285714285714285,0.25
base,both - customer_only,d_to_e_all,2,0.3794642857142857,0.27147849634840665,0.1919642857142857,0.1875,0.5714285714285714
base,both - customer_only,e_to_d_all,2,0.03571428571428571,0.050507627227610534,0.03571428571428571,0.0,0.07142857142857142
base,both - customer_only,both_use,2,0.48214285714285715,0.3282995769794685,0.23214285714285712,0.25,0.7142857142857143
no_escalation,both - domestic_only,domestic_use,2,-0.07142857142857145,0.10101525445522111,0.07142857142857145,-0.1428571428571429,0.0
no_escalation,both - domestic_only,customer_use,2,0.13839285714285715,0.10732870785867238,0.07589285714285712,0.0625,0.21428571428571427
no_escalation,both - domestic_only,resolved_share,2,-0.03571428571428571,0.050507627227610534,0.03571428571428571,-0.07142857142857142,0.0
no_escalation,both - domestic_only,d_to_e_all,2,0.0,0.0,0.0,0.0,0.0
no_escalation,both - domestic_only,e_to_d_all,2,0.0,0.0,0.0,0.0,0.0
no_escalation,both - domestic_only,both_use,2,0.06696428571428571,0.006313453403451314,0.0044642857142857114,0.0625,0.07142857142857142
no_escalation,both - customer_only,domestic_use,2,0.9285714285714286,0.10101525445522111,0.07142857142857145,0.8571428571428571,1.0
no_escalation,both - customer_only,customer_use,2,-0.4732142857142857,0.13889597487592897,0.0982142857142857,-0.5714285714285714,-0.375
no_escalation,both - customer_only,resolved_share,2,0.125,0.1767766952966369,0.125,0.0,0.25
no_escalation,both - customer_only,d_to_e_all,2,0.0,0.0,0.0,0.0,0.0
no_escalation,both - customer_only,e_to_d_all,2,0.0,0.0,0.0,0.0,0.0
no_escalation,both - customer_only,both_use,2,0.06696428571428571,0.006313453403451314,0.0044642857142857114,0.0625,0.07142857142857142
no_social,both - domestic_only,domestic_use,2,-0.0357142857142857,0.05050762722761051,0.03571428571428569,-0.0714285714285714,0.0
no_social,both - domestic_only,customer_use,2,0.48660714285714285,0.4230013780312382,0.2991071428571428,0.1875,0.7857142857142857
no_social,both - domestic_only,resolved_share,2,0.03571428571428571,0.050507627227610534,0.03571428571428571,0.0,0.07142857142857142
no_social,both - domestic_only,d_to_e_all,2,0.3482142857142857,0.31567267017256584,0.2232142857142857,0.125,0.5714285714285714
no_social,both - domestic_only,e_to_d_all,2,0.03571428571428571,0.050507627227610534,0.03571428571428571,0.0,0.07142857142857142
no_social,both - domestic_only,both_use,2,0.45089285714285715,0.37249375080362773,0.26339285714285715,0.1875,0.7142857142857143
no_social,both - customer_only,domestic_use,2,0.9642857142857143,0.05050762722761051,0.03571428571428569,0.9285714285714286,1.0
no_social,both - customer_only,customer_use,2,-0.09375,0.13258252147247765,0.09374999999999999,-0.1875,0.0
no_social,both - customer_only,resolved_share,2,0.19642857142857142,0.07576144084141581,0.05357142857142857,0.14285714285714285,0.25
no_social,both - customer_only,d_to_e_all,2,0.3482142857142857,0.31567267017256584,0.2232142857142857,0.125,0.5714285714285714
no_social,both - customer_only,e_to_d_all,2,0.03571428571428571,0.050507627227610534,0.03571428571428571,0.0,0.07142857142857142
no_social,both - customer_only,both_use,2,0.45089285714285715,0.37249375080362773,0.26339285714285715,0.1875,0.7142857142857143
neither,both - domestic_only,domestic_use,2,-0.07142857142857145,0.10101525445522111,0.07142857142857145,-0.1428571428571429,0.0
neither,both - domestic_only,customer_use,2,0.13839285714285715,0.10732870785867238,0.07589285714285712,0.0625,0.21428571428571427
neither,both - domestic_only,resolved_share,2,-0.03571428571428571,0.050507627227610534,0.03571428571428571,-0.07142857142857142,0.0
neither,both - domestic_only,d_to_e_all,2,0.0,0.0,0.0,0.0,0.0
neither,both - domestic_only,e_to_d_all,2,0.0,0.0,0.0,0.0,0.0
neither,both - domestic_only,both_use,2,0.06696428571428571,0.006313453403451314,0.0044642857142857114,0.0625,0.07142857142857142
neither,both - customer_only,domestic_use,2,0.9285714285714286,0.10101525445522111,0.07142857142857145,0.8571428571428571,1.0
neither,both - customer_only,customer_use,2,-0.4419642857142857,0.18309014870008816,0.12946428571428567,-0.5714285714285714,-0.3125
neither,both - customer_only,resolved_share,2,0.125,0.1767766952966369,0.125,0.0,0.25
neither,both - customer_only,d_to_e_all,2,0.0,0.0,0.0,0.0,0.0
neither,both - customer_only,e_to_d_all,2,0.0,0.0,0.0,0.0,0.0
neither,both - customer_only,both_use,2,0.06696428571428571,0.006313453403451314,0.0044642857142857114,0.0625,0.07142857142857142
network_ws,both - domestic_only,domestic_use,2,-0.0357142857142857,0.05050762722761051,0.03571428571428569,-0.0714285714285714,0.0
network_ws,both - domestic_only,customer_use,2,0.5178571428571428,0.37880720420707903,0.26785714285714285,0.25,0.7857142857142857
network_ws,both - domestic_only,resolved_share,2,0.03571428571428571,0.050507627227610534,0.03571428571428571,0.0,0.07142857142857142
network_ws,both - domestic_only,d_to_e_all,2,0.3794642857142857,0.27147849634840665,0.1919642857142857,0.1875,0.5714285714285714
network_ws,both - domestic_only,e_to_d_all,2,0.03571428571428571,0.050507627227610534,0.03571428571428571,0.0,0.07142857142857142
network_ws,both - domestic_only,both_use,2,0.48214285714285715,0.3282995769794685,0.23214285714285712,0.25,0.7142857142857143
network_ws,both - customer_only,domestic_use,2,0.9642857142857143,0.05050762722761051,0.03571428571428569,0.9285714285714286,1.0
network_ws,both - customer_only,customer_use,2,-0.125,0.1767766952966369,0.125,-0.25,0.0
network_ws,both - customer_only,resolved_share,2,0.19642857142857142,0.07576144084141581,0.05357142857142857,0.14285714285714285,0.25
network_ws,both - customer_only,d_to_e_all,2,0.3794642857142857,0.27147849634840665,0.1919642857142857,0.1875,0.5714285714285714
network_ws,both - customer_only,e_to_d_all,2,0.03571428571428571,0.050507627227610534,0.03571428571428571,0.0,0.07142857142857142
network_ws,both - customer_only,both_use,2,0.48214285714285715,0.3282995769794685,0.23214285714285712,0.25,0.7142857142857143
network_ba,both - domestic_only,domestic_use,2,-0.0357142857142857,0.05050762722761051,0.03571428571428569,-0.0714285714285714,0.0
network_ba,both - domestic_only,customer_use,2,0.5178571428571428,0.37880720420707903,0.26785714285714285,0.25,0.7857142857142857
network_ba,both - domestic_only,resolved_share,2,0.03571428571428571,0.050507627227610534,0.03571428571428571,0.0,0.07142857142857142
network_ba,both - domestic_only,d_to_e_all,2,0.3794642857142857,0.27147849634840665,0.1919642857142857,0.1875,0.5714285714285714
network_ba,both - domestic_only,e_to_d_all,2,0.03571428571428571,0.050507627227610534,0.03571428571428571,0.0,0.07142857142857142
network_ba,both - domestic_only,both_use,2,0.48214285714285715,0.3282995769794685,0.23214285714285712,0.25,0.7142857142857143
network_ba,both - customer_only,domestic_use,2,0.9642857142857143,0.05050762722761051,0.03571428571428569,0.9285714285714286,1.0
network_ba,both - customer_only,customer_use,2,-0.0625,0.08838834764831845,0.0625,-0.125,0.0
network_ba,both - customer_only,resolved_share,2,0.19642857142857142,0.07576144084141581,0.05357142857142857,0.14285714285714285,0.25
network_ba,both - customer_only,d_to_e_all,2,0.3794642857142857,0.27147849634840665,0.1919642857142857,0.1875,0.5714285714285714
network_ba,both - customer_only,e_to_d_all,2,0.03571428571428571,0.050507627227610534,0.03571428571428571,0.0,0.07142857142857142
network_ba,both - customer_only,both_use,2,0.48214285714285715,0.3282995769794685,0.23214285714285712,0.25,0.7142857142857143
population_double,both - domestic_only,domestic_use,2,-0.017241379310344807,0.024382992454708506,0.017241379310344807,-0.03448275862068961,0.0
population_double,both - domestic_only,customer_use,2,0.3718390804597701,0.08696600642179378,0.061494252873563214,0.3103448275862069,0.43333333333333335
population_double,both - domestic_only,resolved_share,2,0.11724137931034481,0.11703836378260092,0.08275862068965513,0.03448275862068967,0.19999999999999996
population_double,both - domestic_only,d_to_e_all,2,0.23563218390804597,0.13817029057668168,0.09770114942528733,0.13793103448275862,0.3333333333333333
population_double,both - domestic_only,e_to_d_all,2,0.05057471264367816,0.022757459624394634,0.016091954022988506,0.034482758620689655,0.06666666666666667
population_double,both - domestic_only,both_use,2,0.3545977011494253,0.11134899887650232,0.07873563218390804,0.27586206896551724,0.43333333333333335
population_double,both - customer_only,domestic_use,2,0.9827586206896552,0.024382992454708506,0.017241379310344807,0.9655172413793104,1.0
population_double,both - customer_only,customer_use,2,-0.22011494252873562,0.01869362754860982,0.013218390804597661,-0.23333333333333328,-0.20689655172413796
population_double,both - customer_only,resolved_share,2,0.31896551724137934,0.2560214207744396,0.1810344827586207,0.13793103448275862,0.5
population_double,both - customer_only,d_to_e_all,2,0.23563218390804597,0.13817029057668168,0.09770114942528733,0.13793103448275862,0.3333333333333333
population_double,both - customer_only,e_to_d_all,2,0.05057471264367816,0.022757459624394634,0.016091954022988506,0.034482758620689655,0.06666666666666667
population_double,both - customer_only,both_use,2,0.3545977011494253,0.11134899887650232,0.07873563218390804,0.27586206896551724,0.43333333333333335
horizon_double,both - domestic_only,domestic_use,2,-0.0357142857142857,0.05050762722761051,0.03571428571428569,-0.0714285714285714,0.0
horizon_double,both - domestic_only,customer_use,2,0.5178571428571428,0.37880720420707903,0.26785714285714285,0.25,0.7857142857142857
horizon_double,both - domestic_only,resolved_share,2,0.03571428571428571,0.050507627227610534,0.03571428571428571,0.0,0.07142857142857142
horizon_double,both - domestic_only,d_to_e_all,2,0.3794642857142857,0.27147849634840665,0.1919642857142857,0.1875,0.5714285714285714
horizon_double,both - domestic_only,e_to_d_all,2,0.03571428571428571,0.050507627227610534,0.03571428571428571,0.0,0.07142857142857142
horizon_double,both - domestic_only,both_use,2,0.48214285714285715,0.3282995769794685,0.23214285714285712,0.25,0.7142857142857143
horizon_double,both - customer_only,domestic_use,2,0.9642857142857143,0.05050762722761051,0.03571428571428569,0.9285714285714286,1.0
horizon_double,both - customer_only,customer_use,2,-0.09375,0.13258252147247765,0.09374999999999999,-0.1875,0.0
horizon_double,both - customer_only,resolved_share,2,0.19642857142857142,0.07576144084141581,0.05357142857142857,0.14285714285714285,0.25
horizon_double,both - customer_only,d_to_e_all,2,0.3794642857142857,0.27147849634840665,0.1919642857142857,0.1875,0.5714285714285714
horizon_double,both - customer_only,e_to_d_all,2,0.03571428571428571,0.050507627227610534,0.03571428571428571,0.0,0.07142857142857142
horizon_double,both - customer_only,both_use,2,0.48214285714285715,0.3282995769794685,0.23214285714285712,0.25,0.7142857142857143
costs_up20,both - domestic_only,domestic_use,2,-0.0357142857142857,0.05050762722761051,0.03571428571428569,-0.0714285714285714,0.0
costs_up20,both - domestic_only,customer_use,2,0.41964285714285715,0.416687924627787,0.29464285714285715,0.125,0.7142857142857143
costs_up20,both - domestic_only,resolved_share,2,0.0,0.0,0.0,0.0,0.0
costs_up20,both - domestic_only,d_to_e_all,2,0.3482142857142857,0.31567267017256584,0.2232142857142857,0.125,0.5714285714285714
costs_up20,both - domestic_only,e_to_d_all,2,0.03571428571428571,0.050507627227610534,0.03571428571428571,0.0,0.07142857142857142
costs_up20,both - domestic_only,both_use,2,0.38392857142857145,0.36618029740017644,0.25892857142857145,0.125,0.6428571428571429
costs_up20,both - customer_only,domestic_use,2,0.9642857142857143,0.05050762722761051,0.03571428571428569,0.9285714285714286,1.0
costs_up20,both - customer_only,customer_use,2,-0.125,0.1767766952966369,0.125,-0.25,0.0
costs_up20,both - customer_only,resolved_share,2,0.1607142857142857,0.12626906806902635,0.08928571428571429,0.07142857142857142,0.25
costs_up20,both - customer_only,d_to_e_all,2,0.3482142857142857,0.31567267017256584,0.2232142857142857,0.125,0.5714285714285714
costs_up20,both - customer_only,e_to_d_all,2,0.03571428571428571,0.050507627227610534,0.03571428571428571,0.0,0.07142857142857142
costs_up20,both - customer_only,both_use,2,0.38392857142857145,0.36618029740017644,0.25892857142857145,0.125,0.6428571428571429
priors_down10,both - domestic_only,domestic_use,2,-0.0357142857142857,0.05050762722761051,0.03571428571428569,-0.0714285714285714,0.0
priors_down10,both - domestic_only,customer_use,2,0.38839285714285715,0.46088209845194616,0.32589285714285715,0.0625,0.7142857142857143
priors_down10,both - domestic_only,resolved_share,2,0.03571428571428571,0.050507627227610534,0.03571428571428571,0.0,0.07142857142857142
priors_down10,both - domestic_only,d_to_e_all,2,0.25,0.3535533905932738,0.25,0.0,0.5
priors_down10,both - domestic_only,e_to_d_all,2,0.07142857142857142,0.10101525445522107,0.07142857142857142,0.0,0.14285714285714285
priors_down10,both - domestic_only,both_use,2,0.35267857142857145,0.4103744712243357,0.29017857142857145,0.0625,0.6428571428571429
priors_down10,both - customer_only,domestic_use,2,0.9642857142857143,0.05050762722761051,0.03571428571428569,0.9285714285714286,1.0
priors_down10,both - customer_only,customer_use,2,-0.0625,0.08838834764831845,0.0625,-0.125,0.0
priors_down10,both - customer_only,resolved_share,2,0.19642857142857142,0.07576144084141581,0.05357142857142857,0.14285714285714285,0.25
priors_down10,both - customer_only,d_to_e_all,2,0.25,0.3535533905932738,0.25,0.0,0.5
priors_down10,both - customer_only,e_to_d_all,2,0.07142857142857142,0.10101525445522107,0.07142857142857142,0.0,0.14285714285714285
priors_down10,both - customer_only,both_use,2,0.35267857142857145,0.4103744712243357,0.29017857142857145,0.0625,0.6428571428571429
expected_wait_double,both - domestic_only,domestic_use,2,-0.0357142857142857,0.05050762722761051,0.03571428571428569,-0.0714285714285714,0.0
expected_wait_double,both - domestic_only,customer_use,2,0.45089285714285715,0.37249375080362773,0.26339285714285715,0.1875,0.7142857142857143
expected_wait_double,both - domestic_only,resolved_share,2,0.0,0.0,0.0,0.0,0.0
expected_wait_double,both - domestic_only,d_to_e_all,2,0.3125,0.2651650429449553,0.18749999999999997,0.125,0.5
expected_wait_double,both - domestic_only,e_to_d_all,2,0.03571428571428571,0.050507627227610534,0.03571428571428571,0.0,0.07142857142857142
expected_wait_double,both - domestic_only,both_use,2,0.41517857142857145,0.3219861235760172,0.22767857142857142,0.1875,0.6428571428571429
expected_wait_double,both - customer_only,domestic_use,2,0.9642857142857143,0.05050762722761051,0.03571428571428569,0.9285714285714286,1.0
expected_wait_double,both - customer_only,customer_use,2,-0.125,0.1767766952966369,0.125,-0.25,0.0
expected_wait_double,both - customer_only,resolved_share,2,0.1607142857142857,0.12626906806902635,0.08928571428571429,0.07142857142857142,0.25
expected_wait_double,both - customer_only,d_to_e_all,2,0.3125,0.2651650429449553,0.18749999999999997,0.125,0.5
expected_wait_double,both - customer_only,e_to_d_all,2,0.03571428571428571,0.050507627227610534,0.03571428571428571,0.0,0.07142857142857142
expected_wait_double,both - customer_only,both_use,2,0.41517857142857145,0.3219861235760172,0.22767857142857142,0.1875,0.6428571428571429
symmetric,both - domestic_only,domestic_use,2,-0.12946428571428575,0.08207489424486707,0.05803571428571424,-0.1875,-0.07142857142857151
symmetric,both - domestic_only,customer_use,2,0.9330357142857143,0.006313453403451295,0.004464285714285698,0.9285714285714286,0.9375
symmetric,both - domestic_only,resolved_share,2,0.28125,0.30935921676911454,0.21874999999999997,0.0625,0.5
symmetric,both - domestic_only,d_to_e_all,2,0.26339285714285715,0.0694479874379645,0.04910714285714286,0.21428571428571427,0.3125
symmetric,both - domestic_only,e_to_d_all,2,0.3035714285714286,0.07576144084141581,0.05357142857142857,0.25,0.35714285714285715
symmetric,both - domestic_only,both_use,2,0.7678571428571428,0.025253813613805257,0.017857142857142846,0.75,0.7857142857142857
symmetric,both - customer_only,domestic_use,2,0.8348214285714286,0.03156726701725655,0.022321428571428548,0.8125,0.8571428571428571
symmetric,both - customer_only,customer_use,2,-0.0357142857142857,0.05050762722761051,0.03571428571428569,-0.0714285714285714,0.0
symmetric,both - customer_only,resolved_share,2,0.10714285714285712,0.1515228816828316,0.10714285714285712,0.0,0.21428571428571425
symmetric,both - customer_only,d_to_e_all,2,0.26339285714285715,0.0694479874379645,0.04910714285714286,0.21428571428571427,0.3125
symmetric,both - customer_only,e_to_d_all,2,0.3035714285714286,0.07576144084141581,0.05357142857142857,0.25,0.35714285714285715
symmetric,both - customer_only,both_use,2,0.7678571428571428,0.025253813613805257,0.017857142857142846,0.75,0.7857142857142857
mechanisms,no_escalation - base,domestic_use,2,-0.035714285714285754,0.050507627227610596,0.035714285714285754,-0.07142857142857151,0.0
mechanisms,no_escalation - base,customer_use,2,-0.3794642857142857,0.27147849634840665,0.1919642857142857,-0.5714285714285714,-0.1875
mechanisms,no_escalation - base,resolved_share,2,-0.07142857142857142,0.10101525445522107,0.07142857142857142,-0.14285714285714285,0.0
mechanisms,no_escalation - base,d_to_e_all,2,-0.3794642857142857,0.27147849634840665,0.1919642857142857,-0.5714285714285714,-0.1875
mechanisms,no_escalation - base,e_to_d_all,2,-0.03571428571428571,0.050507627227610534,0.03571428571428571,-0.07142857142857142,0.0
mechanisms,no_escalation - base,both_use,2,-0.41517857142857145,0.3219861235760172,0.22767857142857142,-0.6428571428571429,-0.1875
mechanisms,no_social - base,domestic_use,2,0.0,0.0,0.0,0.0,0.0
mechanisms,no_social - base,customer_use,2,-0.03125,0.04419417382415922,0.03125,-0.0625,0.0
mechanisms,no_social - base,resolved_share,2,0.0,0.0,0.0,0.0,0.0
mechanisms,no_social - base,d_to_e_all,2,-0.03125,0.04419417382415922,0.03125,-0.0625,0.0
mechanisms,no_social - base,e_to_d_all,2,0.0,0.0,0.0,0.0,0.0
mechanisms,no_social - base,both_use,2,-0.03125,0.04419417382415922,0.03125,-0.0625,0.0
mechanisms,neither - base,domestic_use,2,-0.035714285714285754,0.050507627227610596,0.035714285714285754,-0.07142857142857151,0.0
mechanisms,neither - base,customer_use,2,-0.3794642857142857,0.27147849634840665,0.1919642857142857,-0.5714285714285714,-0.1875
mechanisms,neither - base,resolved_share,2,-0.07142857142857142,0.10101525445522107,0.07142857142857142,-0.14285714285714285,0.0
mechanisms,neither - base,d_to_e_all,2,-0.3794642857142857,0.27147849634840665,0.1919642857142857,-0.5714285714285714,-0.1875
mechanisms,neither - base,e_to_d_all,2,-0.03571428571428571,0.050507627227610534,0.03571428571428571,-0.07142857142857142,0.0
mechanisms,neither - base,both_use,2,-0.41517857142857145,0.3219861235760172,0.22767857142857142,-0.6428571428571429,-0.1875
mechanisms,factorial_interaction,domestic_use,2,0.0,0.0,0.0,0.0,0.0
mechanisms,factorial_interaction,customer_use,2,0.031249999999999986,0.04419417382415924,0.03125000000000001,-2.7755575615628914e-17,0.0625
mechanisms,factorial_interaction,resolved_share,2,0.0,0.0,0.0,0.0,0.0
mechanisms,factorial_interaction,d_to_e_all,2,0.03125,0.04419417382415922,0.03125,0.0,0.0625
mechanisms,factorial_interaction,e_to_d_all,2,0.0,0.0,0.0,0.0,0.0
mechanisms,factorial_interaction,both_use,2,0.031250000000000014,0.0441941738241592,0.031249999999999986,2.7755575615628914e-17,0.0625
symmetric,first_d_all - first_e_all,symmetry_gap,2,-0.13839285714285715,0.1073287078586724,0.07589285714285715,-0.2142857142857143,-0.0625
symmetric,domestic_use - customer_use,symmetry_gap,2,-0.09821428571428575,0.03788072042070785,0.026785714285714246,-0.125,-0.07142857142857151
