treatment,control,metric,mean_difference,sd_difference,n,se_difference
domestic_0.15_help_on,domestic_0.15_help_off,time,0.0,0.0,20,0.0
domestic_0.15_help_on,domestic_0.15_help_off,new_disputes,0.0,0.0,20,0.0
domestic_0.15_help_on,domestic_0.15_help_off,new_complaints,0.0,0.0,20,0.0
domestic_0.15_help_on,domestic_0.15_help_off,new_complainants,0.0,0.0,20,0.0
domestic_0.15_help_on,domestic_0.15_help_off,new_domestic,0.0,0.0,20,0.0
domestic_0.15_help_on,domestic_0.15_help_off,new_customer,0.0,0.0,20,0.0
domestic_0.15_help_on,domestic_0.15_help_off,new_additional_channel,0.0,0.0,20,0.0
domestic_0.15_help_on,domestic_0.15_help_off,unresolved,-3.35,2.207046132634963,20,0.49351051820497943
domestic_0.15_help_on,domestic_0.15_help_off,pending,0.0,0.0,20,0.0
domestic_0.15_help_on,domestic_0.15_help_off,unsubmitted,0.0,0.0,20,0.0
domestic_0.15_help_on,domestic_0.15_help_off,closed_unresolved,-3.35,2.207046132634963,20,0.49351051820497943
domestic_0.15_help_on,domestic_0.15_help_off,pending_domestic,0.0,0.0,20,0.0
domestic_0.15_help_on,domestic_0.15_help_off,pending_customer,0.0,0.0,20,0.0
domestic_0.15_help_on,domestic_0.15_help_off,new_resolved,0.0,0.0,20,0.0
domestic_0.15_help_on,domestic_0.15_help_off,cumulative_resolved,3.35,2.207046132634963,20,0.49351051820497943
domestic_0.15_help_on,domestic_0.15_help_off,cumulative_complainants,0.0,0.0,20,0.0
domestic_0.15_help_on,domestic_0.15_help_off,total_cases,0.0,0.0,20,0.0
domestic_0.15_help_on,domestic_0.15_help_off,visible_domestic,0.0,0.0,20,0.0
domestic_0.15_help_on,domestic_0.15_help_off,visible_customer,0.0,0.0,20,0.0
domestic_0.15_help_on,domestic_0.15_help_off,unique_submitted_cases,0.0,0.0,20,0.0
domestic_0.15_help_on,domestic_0.15_help_off,unique_domestic_cases,0.0,0.0,20,0.0
domestic_0.15_help_on,domestic_0.15_help_off,unique_customer_cases,0.3,0.5712405705774795,20,0.12773327473170104
domestic_0.15_help_on,domestic_0.15_help_off,multi_cases,0.3,0.5712405705774795,20,0.12773327473170104
domestic_0.15_help_on,domestic_0.15_help_off,customer_share_all_cases,0.0037425422991998526,0.007037394507024193,20,0.0015736092502189717
domestic_0.15_help_on,domestic_0.15_help_off,customer_share_submitted,0.0037425422991998526,0.007037394507024193,20,0.0015736092502189717
domestic_0.15_help_on,domestic_0.15_help_off,domestic_share_submitted,0.0,0.0,20,0.0
domestic_0.15_help_on,domestic_0.15_help_off,first_domestic_share,0.0,0.0,20,0.0
domestic_0.15_help_on,domestic_0.15_help_off,first_customer_share,0.0,0.0,20,0.0
domestic_0.15_help_on,domestic_0.15_help_off,first_both_share,0.0,0.0,20,0.0
domestic_0.15_help_on,domestic_0.15_help_off,no_submission_share,0.0,0.0,20,0.0
domestic_0.15_help_on,domestic_0.15_help_off,domestic_then_customer_share,0.00445394143850579,0.008337764479755783,20,0.0018643808157117099
domestic_0.15_help_on,domestic_0.15_help_off,mean_escalation_time,0.018674469152432316,0.08238759712367548,20,0.01842242676714045
domestic_0.15_help_on,domestic_0.15_help_off,external_path_trigger_rate,0.0603001338837139,0.035245074547973154,20,0.007881038256131564
domestic_0.15_help_on,domestic_0.15_help_off,external_user_case_resolution_rate,0.06669853778298038,0.03931976061643765,20,0.008792165759737363
domestic_0.15_help_on,domestic_0.15_help_off,customer_intervention_rate,0.12993511018126638,0.05777008192877109,20,0.012917783025846431
domestic_0.15_help_on,domestic_0.15_help_off,material_at_customer_review_share,-0.001545039681858504,0.006784213808960567,20,0.0015169963250728597
domestic_0.15_help_on,domestic_0.15_help_off,external_user_mean_merit,0.00016912798936536967,0.002448541078975955,20,0.0005475104298290917
domestic_0.15_help_on,domestic_0.15_help_off,external_user_mean_dependence,-0.00035352909386575094,0.0007817526708224984,20,0.00017480521135511228
domestic_0.15_help_on,domestic_0.15_help_off,unresolved_fraction,-0.042626356230560325,0.026688931054897974,20,0.005967826408555704
domestic_0.15_help_on,domestic_0.15_help_off,submitted_unresolved_fraction,-0.042626356230560325,0.026688931054897974,20,0.005967826408555704
domestic_0.15_help_on,domestic_0.15_help_off,external_user_unresolved_fraction,-0.06669853778298036,0.039319760616437646,20,0.008792165759737361
domestic_0.15_help_on,domestic_0.15_help_off,mean_processing_time,0.3650562002993631,0.4310358895977371,20,0.09638255498826345
domestic_0.15_help_on,domestic_0.15_help_off,median_processing_time,0.35,0.7272876792721383,20,0.1626264690050566
domestic_0.15_help_on,domestic_0.15_help_off,unresolved_case_rounds,-119.35,74.83967073544267,20,16.73465911781515
domestic_0.15_help_on,domestic_0.15_help_off,pending_case_rounds,10.55,6.1769946703793375,20,1.3812179979622106
domestic_0.35_help_on,domestic_0.35_help_off,time,0.0,0.0,20,0.0
domestic_0.35_help_on,domestic_0.35_help_off,new_disputes,0.0,0.0,20,0.0
domestic_0.35_help_on,domestic_0.35_help_off,new_complaints,0.0,0.0,20,0.0
domestic_0.35_help_on,domestic_0.35_help_off,new_complainants,0.0,0.0,20,0.0
domestic_0.35_help_on,domestic_0.35_help_off,new_domestic,0.0,0.0,20,0.0
domestic_0.35_help_on,domestic_0.35_help_off,new_customer,0.0,0.0,20,0.0
domestic_0.35_help_on,domestic_0.35_help_off,new_additional_channel,0.0,0.0,20,0.0
domestic_0.35_help_on,domestic_0.35_help_off,unresolved,-3.0,2.176428750330035,20,0.4866642633922876
domestic_0.35_help_on,domestic_0.35_help_off,pending,0.0,0.0,20,0.0
domestic_0.35_help_on,domestic_0.35_help_off,unsubmitted,0.0,0.0,20,0.0
domestic_0.35_help_on,domestic_0.35_help_off,closed_unresolved,-3.0,2.176428750330035,20,0.4866642633922876
domestic_0.35_help_on,domestic_0.35_help_off,pending_domestic,0.0,0.0,20,0.0
domestic_0.35_help_on,domestic_0.35_help_off,pending_customer,0.0,0.0,20,0.0
domestic_0.35_help_on,domestic_0.35_help_off,new_resolved,0.0,0.0,20,0.0
domestic_0.35_help_on,domestic_0.35_help_off,cumulative_resolved,3.0,2.176428750330035,20,0.4866642633922876
domestic_0.35_help_on,domestic_0.35_help_off,cumulative_complainants,0.0,0.0,20,0.0
domestic_0.35_help_on,domestic_0.35_help_off,total_cases,0.0,0.0,20,0.0
domestic_0.35_help_on,domestic_0.35_help_off,visible_domestic,0.0,0.0,20,0.0
domestic_0.35_help_on,domestic_0.35_help_off,visible_customer,0.0,0.0,20,0.0
domestic_0.35_help_on,domestic_0.35_help_off,unique_submitted_cases,0.0,0.0,20,0.0
domestic_0.35_help_on,domestic_0.35_help_off,unique_domestic_cases,0.0,0.0,20,0.0
domestic_0.35_help_on,domestic_0.35_help_off,unique_customer_cases,0.55,0.6048053188292994,20,0.1352385806055747
domestic_0.35_help_on,domestic_0.35_help_off,multi_cases,0.55,0.6048053188292994,20,0.1352385806055747
domestic_0.35_help_on,domestic_0.35_help_off,customer_share_all_cases,0.006885305857292587,0.007450655245432586,20,0.0016660171605702642
domestic_0.35_help_on,domestic_0.35_help_off,customer_share_submitted,0.006885305857292587,0.007450655245432586,20,0.0016660171605702642
domestic_0.35_help_on,domestic_0.35_help_off,domestic_share_submitted,0.0,0.0,20,0.0
domestic_0.35_help_on,domestic_0.35_help_off,first_domestic_share,0.0,0.0,20,0.0
domestic_0.35_help_on,domestic_0.35_help_off,first_customer_share,0.0,0.0,20,0.0
domestic_0.35_help_on,domestic_0.35_help_off,first_both_share,0.0,0.0,20,0.0
domestic_0.35_help_on,domestic_0.35_help_off,no_submission_share,0.0,0.0,20,0.0
domestic_0.35_help_on,domestic_0.35_help_off,domestic_then_customer_share,0.008131828927868684,0.008776792972513072,20,0.001962550571098167
domestic_0.35_help_on,domestic_0.35_help_off,mean_escalation_time,0.04613772214303764,0.0717570850709484,20,0.016045372008587595
domestic_0.35_help_on,domestic_0.35_help_off,external_path_trigger_rate,0.05904520864209427,0.02965718483531716,20,0.006631548131304507
domestic_0.35_help_on,domestic_0.35_help_off,external_user_case_resolution_rate,0.06205258876273838,0.040467307026711266,20,0.009048764937808129
domestic_0.35_help_on,domestic_0.35_help_off,customer_intervention_rate,0.11550516768774362,0.05751972525816466,20,0.012861801572436781
domestic_0.35_help_on,domestic_0.35_help_off,material_at_customer_review_share,-0.0050986387536171044,0.00896129680860243,20,0.0020038068830586955
domestic_0.35_help_on,domestic_0.35_help_off,external_user_mean_merit,0.0001603394163635974,0.0034510186822577066,20,0.0007716712365149979
domestic_0.35_help_on,domestic_0.35_help_off,external_user_mean_dependence,-0.0003215225121511761,0.0009987430096119138,20,0.0002233257261544965
domestic_0.35_help_on,domestic_0.35_help_off,unresolved_fraction,-0.03839894770245847,0.02746787943464877,20,0.006142004561364314
domestic_0.35_help_on,domestic_0.35_help_off,submitted_unresolved_fraction,-0.03839894770245847,0.02746787943464877,20,0.006142004561364314
domestic_0.35_help_on,domestic_0.35_help_off,external_user_unresolved_fraction,-0.06205258876273838,0.04046730702671125,20,0.009048764937808125
domestic_0.35_help_on,domestic_0.35_help_off,mean_processing_time,0.28562068056008494,0.283061138118909,20,0.06329439466223374
domestic_0.35_help_on,domestic_0.35_help_off,median_processing_time,0.45,0.5596051239372654,20,0.125131509768092
domestic_0.35_help_on,domestic_0.35_help_off,unresolved_case_rounds,-106.4,75.91920913569552,20,16.976051242543825
domestic_0.35_help_on,domestic_0.35_help_off,pending_case_rounds,8.85,5.9051716851907825,20,1.3204365306893577
domestic_0.55_help_on,domestic_0.55_help_off,time,0.0,0.0,20,0.0
domestic_0.55_help_on,domestic_0.55_help_off,new_disputes,0.0,0.0,20,0.0
domestic_0.55_help_on,domestic_0.55_help_off,new_complaints,0.0,0.0,20,0.0
domestic_0.55_help_on,domestic_0.55_help_off,new_complainants,0.0,0.0,20,0.0
domestic_0.55_help_on,domestic_0.55_help_off,new_domestic,0.0,0.0,20,0.0
domestic_0.55_help_on,domestic_0.55_help_off,new_customer,0.0,0.0,20,0.0
domestic_0.55_help_on,domestic_0.55_help_off,new_additional_channel,0.0,0.0,20,0.0
domestic_0.55_help_on,domestic_0.55_help_off,unresolved,-2.5,1.7013926184468013,20,0.380442955126341
domestic_0.55_help_on,domestic_0.55_help_off,pending,0.0,0.0,20,0.0
domestic_0.55_help_on,domestic_0.55_help_off,unsubmitted,0.0,0.0,20,0.0
domestic_0.55_help_on,domestic_0.55_help_off,closed_unresolved,-2.5,1.7013926184468013,20,0.380442955126341
domestic_0.55_help_on,domestic_0.55_help_off,pending_domestic,0.0,0.0,20,0.0
domestic_0.55_help_on,domestic_0.55_help_off,pending_customer,0.0,0.0,20,0.0
domestic_0.55_help_on,domestic_0.55_help_off,new_resolved,0.0,0.0,20,0.0
domestic_0.55_help_on,domestic_0.55_help_off,cumulative_resolved,2.5,1.7013926184468013,20,0.380442955126341
domestic_0.55_help_on,domestic_0.55_help_off,cumulative_complainants,0.0,0.0,20,0.0
domestic_0.55_help_on,domestic_0.55_help_off,total_cases,0.0,0.0,20,0.0
domestic_0.55_help_on,domestic_0.55_help_off,visible_domestic,0.0,0.0,20,0.0
domestic_0.55_help_on,domestic_0.55_help_off,visible_customer,0.0,0.0,20,0.0
domestic_0.55_help_on,domestic_0.55_help_off,unique_submitted_cases,0.0,0.0,20,0.0
domestic_0.55_help_on,domestic_0.55_help_off,unique_domestic_cases,0.0,0.0,20,0.0
domestic_0.55_help_on,domestic_0.55_help_off,unique_customer_cases,0.45,0.6863327411532598,20,0.15346866644024562
domestic_0.55_help_on,domestic_0.55_help_off,multi_cases,0.45,0.6863327411532598,20,0.15346866644024562
domestic_0.55_help_on,domestic_0.55_help_off,customer_share_all_cases,0.005510940567598116,0.008482416658998905,20,0.0018967260262998204
domestic_0.55_help_on,domestic_0.55_help_off,customer_share_submitted,0.005510940567598116,0.008482416658998905,20,0.0018967260262998204
domestic_0.55_help_on,domestic_0.55_help_off,domestic_share_submitted,0.0,0.0,20,0.0
domestic_0.55_help_on,domestic_0.55_help_off,first_domestic_share,0.0,0.0,20,0.0
domestic_0.55_help_on,domestic_0.55_help_off,first_customer_share,0.0,0.0,20,0.0
domestic_0.55_help_on,domestic_0.55_help_off,first_both_share,0.0,0.0,20,0.0
domestic_0.55_help_on,domestic_0.55_help_off,no_submission_share,0.0,0.0,20,0.0
domestic_0.55_help_on,domestic_0.55_help_off,domestic_then_customer_share,0.0064860518214391455,0.010027357591314134,20,0.0022421853208876956
domestic_0.55_help_on,domestic_0.55_help_off,mean_escalation_time,0.04244560200669998,0.0868463086546645,20,0.019419424974675813
domestic_0.55_help_on,domestic_0.55_help_off,external_path_trigger_rate,0.054899934297915086,0.02713941923241748,20,0.0060685586273550645
domestic_0.55_help_on,domestic_0.55_help_off,external_user_case_resolution_rate,0.05536117479072324,0.035781908924074624,20,0.008001078071893722
domestic_0.55_help_on,domestic_0.55_help_off,customer_intervention_rate,0.1073883405854132,0.05588715088704365,20,0.012496746845221727
domestic_0.55_help_on,domestic_0.55_help_off,material_at_customer_review_share,-0.004398591255430212,0.008821840549239278,20,0.0019726235154763107
domestic_0.55_help_on,domestic_0.55_help_off,external_user_mean_merit,-0.0007311598324268032,0.0023120822799489885,20,0.0005169973147538636
domestic_0.55_help_on,domestic_0.55_help_off,external_user_mean_dependence,-0.0003372204588796363,0.0007215047762620978,20,0.00016133337258128272
domestic_0.55_help_on,domestic_0.55_help_off,unresolved_fraction,-0.03165879321877515,0.020823183349227486,20,0.00465620534768144
domestic_0.55_help_on,domestic_0.55_help_off,submitted_unresolved_fraction,-0.03165879321877515,0.020823183349227486,20,0.00465620534768144
domestic_0.55_help_on,domestic_0.55_help_off,external_user_unresolved_fraction,-0.05536117479072324,0.03578190892407461,20,0.008001078071893718
domestic_0.55_help_on,domestic_0.55_help_off,mean_processing_time,0.1955867201094011,0.160696385339131,20,0.03593280413567975
domestic_0.55_help_on,domestic_0.55_help_off,median_processing_time,0.175,0.33541019662496846,20,0.075
domestic_0.55_help_on,domestic_0.55_help_off,unresolved_case_rounds,-88.55,60.19658584478376,20,13.460365796233809
domestic_0.55_help_on,domestic_0.55_help_off,pending_case_rounds,6.6,4.7947339534337585,20,1.0721351053904196
domestic_0.75_help_on,domestic_0.75_help_off,time,0.0,0.0,20,0.0
domestic_0.75_help_on,domestic_0.75_help_off,new_disputes,0.0,0.0,20,0.0
domestic_0.75_help_on,domestic_0.75_help_off,new_complaints,0.0,0.0,20,0.0
domestic_0.75_help_on,domestic_0.75_help_off,new_complainants,0.0,0.0,20,0.0
domestic_0.75_help_on,domestic_0.75_help_off,new_domestic,0.0,0.0,20,0.0
domestic_0.75_help_on,domestic_0.75_help_off,new_customer,0.0,0.0,20,0.0
domestic_0.75_help_on,domestic_0.75_help_off,new_additional_channel,0.0,0.0,20,0.0
domestic_0.75_help_on,domestic_0.75_help_off,unresolved,-1.75,1.7733405882980469,20,0.3965310102693901
domestic_0.75_help_on,domestic_0.75_help_off,pending,0.0,0.0,20,0.0
domestic_0.75_help_on,domestic_0.75_help_off,unsubmitted,0.0,0.0,20,0.0
domestic_0.75_help_on,domestic_0.75_help_off,closed_unresolved,-1.75,1.7733405882980469,20,0.3965310102693901
domestic_0.75_help_on,domestic_0.75_help_off,pending_domestic,0.0,0.0,20,0.0
domestic_0.75_help_on,domestic_0.75_help_off,pending_customer,0.0,0.0,20,0.0
domestic_0.75_help_on,domestic_0.75_help_off,new_resolved,0.0,0.0,20,0.0
domestic_0.75_help_on,domestic_0.75_help_off,cumulative_resolved,1.75,1.7733405882980469,20,0.3965310102693901
domestic_0.75_help_on,domestic_0.75_help_off,cumulative_complainants,0.0,0.0,20,0.0
domestic_0.75_help_on,domestic_0.75_help_off,total_cases,0.0,0.0,20,0.0
domestic_0.75_help_on,domestic_0.75_help_off,visible_domestic,0.0,0.0,20,0.0
domestic_0.75_help_on,domestic_0.75_help_off,visible_customer,0.0,0.0,20,0.0
domestic_0.75_help_on,domestic_0.75_help_off,unique_submitted_cases,0.0,0.0,20,0.0
domestic_0.75_help_on,domestic_0.75_help_off,unique_domestic_cases,0.0,0.0,20,0.0
domestic_0.75_help_on,domestic_0.75_help_off,unique_customer_cases,0.45,0.6863327411532598,20,0.15346866644024562
domestic_0.75_help_on,domestic_0.75_help_off,multi_cases,0.45,0.6863327411532598,20,0.15346866644024562
domestic_0.75_help_on,domestic_0.75_help_off,customer_share_all_cases,0.005461557851548729,0.008437234216115379,20,0.0018866229249321139
domestic_0.75_help_on,domestic_0.75_help_off,customer_share_submitted,0.005461557851548729,0.008437234216115379,20,0.0018866229249321139
domestic_0.75_help_on,domestic_0.75_help_off,domestic_share_submitted,0.0,0.0,20,0.0
domestic_0.75_help_on,domestic_0.75_help_off,first_domestic_share,0.0,0.0,20,0.0
domestic_0.75_help_on,domestic_0.75_help_off,first_customer_share,0.0,0.0,20,0.0
domestic_0.75_help_on,domestic_0.75_help_off,first_both_share,0.0,0.0,20,0.0
domestic_0.75_help_on,domestic_0.75_help_off,no_submission_share,0.0,0.0,20,0.0
domestic_0.75_help_on,domestic_0.75_help_off,domestic_then_customer_share,0.006473651027788349,0.010015283870504016,20,0.002239485554840418
domestic_0.75_help_on,domestic_0.75_help_off,mean_escalation_time,0.04250687307575864,0.09270358401785429,20,0.020729151562178527
domestic_0.75_help_on,domestic_0.75_help_off,external_path_trigger_rate,0.04664234222532773,0.02714095248234903,20,0.006068901472462409
domestic_0.75_help_on,domestic_0.75_help_off,external_user_case_resolution_rate,0.04352577222332703,0.041172477175965866,20,0.009206445776751825
domestic_0.75_help_on,domestic_0.75_help_off,customer_intervention_rate,0.10759142818151361,0.05853321121601765,20,0.013088423922036858
domestic_0.75_help_on,domestic_0.75_help_off,material_at_customer_review_share,-0.0012348971917126306,0.015301753646399227,20,0.003421576132830395
domestic_0.75_help_on,domestic_0.75_help_off,external_user_mean_merit,-0.0009393224990552785,0.0028409212374152413,20,0.0006352493005583298
domestic_0.75_help_on,domestic_0.75_help_off,external_user_mean_dependence,-0.00021475113750483722,0.000998485840636359,20,0.00022326822142339206
domestic_0.75_help_on,domestic_0.75_help_off,unresolved_fraction,-0.021990483869032237,0.022042788820996043,20,0.00492891742174196
domestic_0.75_help_on,domestic_0.75_help_off,submitted_unresolved_fraction,-0.021990483869032237,0.022042788820996043,20,0.00492891742174196
domestic_0.75_help_on,domestic_0.75_help_off,external_user_unresolved_fraction,-0.04352577222332703,0.04117247717596587,20,0.009206445776751825
domestic_0.75_help_on,domestic_0.75_help_off,mean_processing_time,0.13372554224043903,0.12197123379176465,20,0.027273597005790517
domestic_0.75_help_on,domestic_0.75_help_off,median_processing_time,0.125,0.31933318682925255,20,0.07140507132218492
domestic_0.75_help_on,domestic_0.75_help_off,unresolved_case_rounds,-61.5,63.73671172136692,20,14.251962007128407
domestic_0.75_help_on,domestic_0.75_help_off,pending_case_rounds,5.6,4.235190917215322,20,0.9470174788583143
domestic_0.95_help_on,domestic_0.95_help_off,time,0.0,0.0,20,0.0
domestic_0.95_help_on,domestic_0.95_help_off,new_disputes,0.0,0.0,20,0.0
domestic_0.95_help_on,domestic_0.95_help_off,new_complaints,0.0,0.0,20,0.0
domestic_0.95_help_on,domestic_0.95_help_off,new_complainants,0.0,0.0,20,0.0
domestic_0.95_help_on,domestic_0.95_help_off,new_domestic,0.0,0.0,20,0.0
domestic_0.95_help_on,domestic_0.95_help_off,new_customer,0.0,0.0,20,0.0
domestic_0.95_help_on,domestic_0.95_help_off,new_additional_channel,0.0,0.0,20,0.0
domestic_0.95_help_on,domestic_0.95_help_off,unresolved,-0.85,0.8750939799154205,20,0.19567696257917158
domestic_0.95_help_on,domestic_0.95_help_off,pending,0.0,0.0,20,0.0
domestic_0.95_help_on,domestic_0.95_help_off,unsubmitted,0.0,0.0,20,0.0
domestic_0.95_help_on,domestic_0.95_help_off,closed_unresolved,-0.85,0.8750939799154205,20,0.19567696257917158
domestic_0.95_help_on,domestic_0.95_help_off,pending_domestic,0.0,0.0,20,0.0
domestic_0.95_help_on,domestic_0.95_help_off,pending_customer,0.0,0.0,20,0.0
domestic_0.95_help_on,domestic_0.95_help_off,new_resolved,0.0,0.0,20,0.0
domestic_0.95_help_on,domestic_0.95_help_off,cumulative_resolved,0.85,0.8750939799154205,20,0.19567696257917158
domestic_0.95_help_on,domestic_0.95_help_off,cumulative_complainants,0.0,0.0,20,0.0
domestic_0.95_help_on,domestic_0.95_help_off,total_cases,0.0,0.0,20,0.0
domestic_0.95_help_on,domestic_0.95_help_off,visible_domestic,0.0,0.0,20,0.0
domestic_0.95_help_on,domestic_0.95_help_off,visible_customer,0.0,0.0,20,0.0
domestic_0.95_help_on,domestic_0.95_help_off,unique_submitted_cases,0.0,0.0,20,0.0
domestic_0.95_help_on,domestic_0.95_help_off,unique_domestic_cases,0.0,0.0,20,0.0
domestic_0.95_help_on,domestic_0.95_help_off,unique_customer_cases,0.1,0.30779350562554625,20,0.06882472016116853
domestic_0.95_help_on,domestic_0.95_help_off,multi_cases,0.1,0.30779350562554625,20,0.06882472016116853
domestic_0.95_help_on,domestic_0.95_help_off,customer_share_all_cases,0.0012583095916429254,0.0038737611173284858,20,0.0008661993186942032
domestic_0.95_help_on,domestic_0.95_help_off,customer_share_submitted,0.0012583095916429254,0.0038737611173284858,20,0.0008661993186942032
domestic_0.95_help_on,domestic_0.95_help_off,domestic_share_submitted,0.0,0.0,20,0.0
domestic_0.95_help_on,domestic_0.95_help_off,first_domestic_share,0.0,0.0,20,0.0
domestic_0.95_help_on,domestic_0.95_help_off,first_customer_share,0.0,0.0,20,0.0
domestic_0.95_help_on,domestic_0.95_help_off,first_both_share,0.0,0.0,20,0.0
domestic_0.95_help_on,domestic_0.95_help_off,no_submission_share,0.0,0.0,20,0.0
domestic_0.95_help_on,domestic_0.95_help_off,domestic_then_customer_share,0.0015625,0.00480927352539916,20,0.0010753862525182583
domestic_0.95_help_on,domestic_0.95_help_off,mean_escalation_time,0.00693840579710141,0.022262724224223072,20,0.004978096472969405
domestic_0.95_help_on,domestic_0.95_help_off,external_path_trigger_rate,0.02438995203966453,0.025109914315917897,20,0.005614747531958755
domestic_0.95_help_on,domestic_0.95_help_off,external_user_case_resolution_rate,0.02552793212501304,0.025730007937637727,20,0.005753404681016713
domestic_0.95_help_on,domestic_0.95_help_off,customer_intervention_rate,0.0714638124571142,0.05288640549852446,20,0.011825759778031934
domestic_0.95_help_on,domestic_0.95_help_off,material_at_customer_review_share,0.0012315270935960604,0.005507556594827073,20,0.0012315270935960602
domestic_0.95_help_on,domestic_0.95_help_off,external_user_mean_merit,-0.0001935886224203598,0.0016911488757716216,20,0.0003781523846297693
domestic_0.95_help_on,domestic_0.95_help_off,external_user_mean_dependence,0.00026404418431941467,0.0008127267299023156,20,0.00018173122151926886
domestic_0.95_help_on,domestic_0.95_help_off,unresolved_fraction,-0.010832373129131939,0.011481035644400034,20,0.002567237615297658
domestic_0.95_help_on,domestic_0.95_help_off,submitted_unresolved_fraction,-0.010832373129131939,0.011481035644400034,20,0.002567237615297658
domestic_0.95_help_on,domestic_0.95_help_off,external_user_unresolved_fraction,-0.02552793212501304,0.02573000793763773,20,0.005753404681016714
domestic_0.95_help_on,domestic_0.95_help_off,mean_processing_time,0.05236407159164593,0.060397497521437575,20,0.013505291012880947
domestic_0.95_help_on,domestic_0.95_help_off,median_processing_time,0.1,0.2615741818902985,20,0.05848976518656019
domestic_0.95_help_on,domestic_0.95_help_off,unresolved_case_rounds,-30.2,31.597135113304514,20,7.065334200759441
domestic_0.95_help_on,domestic_0.95_help_off,pending_case_rounds,2.05,1.9324105480761042,20,0.43210013459357943
new_on_prevention,new_on,time,0.0,0.0,20,0.0
new_on_prevention,new_on,new_disputes,-0.4,0.6805570473787206,20,0.15217718205053643
new_on_prevention,new_on,new_complaints,-0.4,0.6805570473787206,20,0.15217718205053643
new_on_prevention,new_on,new_complainants,-0.4,0.6805570473787206,20,0.15217718205053643
new_on_prevention,new_on,new_domestic,-0.45,0.7591546545162483,20,0.16975214129336988
new_on_prevention,new_on,new_customer,-0.45,0.6048053188292994,20,0.1352385806055747
new_on_prevention,new_on,new_additional_channel,-0.4,0.5982430416161189,20,0.13377121081198773
new_on_prevention,new_on,unresolved,-12.05,4.135532804723881,20,0.9247332474542961
new_on_prevention,new_on,pending,-2.15,2.084403234046921,20,0.4660867323849319
new_on_prevention,new_on,unsubmitted,0.0,0.0,20,0.0
new_on_prevention,new_on,closed_unresolved,-9.9,3.492849839314596,20,0.7810249675906654
new_on_prevention,new_on,pending_domestic,-1.3,1.688973528196155,20,0.37766596212442605
new_on_prevention,new_on,pending_customer,-1.0,0.9733285267845752,20,0.21764287503300347
new_on_prevention,new_on,new_resolved,-0.5,0.8271701918685112,20,0.18496087779795345
new_on_prevention,new_on,cumulative_resolved,-14.9,4.011824627536112,20,0.897071258097852
new_on_prevention,new_on,cumulative_complainants,-9.35,3.328900561351814,20,0.7443647945519865
new_on_prevention,new_on,total_cases,-26.95,5.548589199541012,20,1.2407022629394846
new_on_prevention,new_on,visible_domestic,-1.3,1.4903196407411894,20,0.33324560249003643
new_on_prevention,new_on,visible_customer,-1.35,1.3484884325167863,20,0.3015311801979672
new_on_prevention,new_on,unique_submitted_cases,-26.95,5.548589199541012,20,1.2407022629394846
new_on_prevention,new_on,unique_domestic_cases,-26.2,5.425087920703997,20,1.2130865374607125
new_on_prevention,new_on,unique_customer_cases,-13.55,4.718106221333881,20,1.0550006235967224
new_on_prevention,new_on,multi_cases,-12.8,4.33589667773576,20,0.9695359714832658
new_on_prevention,new_on,customer_share_all_cases,0.002230246866777111,0.021593181734119938,20,0.004828382220799897
new_on_prevention,new_on,customer_share_submitted,0.002230246866777111,0.021593181734119938,20,0.004828382220799897
new_on_prevention,new_on,domestic_share_submitted,0.0022721546252521653,0.009049494041886421,20,0.002023528383963737
new_on_prevention,new_on,first_domestic_share,-0.0006339808187926955,0.01382897421426041,20,0.0030922526402178017
new_on_prevention,new_on,first_customer_share,0.00029227280388511613,0.009452747742758161,20,0.0021136986526964943
new_on_prevention,new_on,first_both_share,0.0003417080149075772,0.013660537535557328,20,0.0030545890538693633
new_on_prevention,new_on,no_submission_share,0.0,0.0,20,0.0
new_on_prevention,new_on,domestic_then_customer_share,0.0026159039271430344,0.025943629319328275,20,0.005801171874107462
new_on_prevention,new_on,mean_escalation_time,0.2386981027944844,0.2381345833011084,20,0.053248511605486465
new_on_prevention,new_on,external_path_trigger_rate,-0.011238989415513973,0.037100146709329235,20,0.00829584500172753
new_on_prevention,new_on,external_user_case_resolution_rate,0.006592224063992588,0.03625419939344544,20,0.008106685431357563
new_on_prevention,new_on,customer_intervention_rate,-0.020399182991565352,0.033795816703874104,20,0.0075569743504985375
new_on_prevention,new_on,material_at_customer_review_share,-0.0018179501035978831,0.03069002239529035,20,0.006862497630686014
new_on_prevention,new_on,external_user_mean_merit,-0.006046403415993884,0.012826136630196291,20,0.0028680113393818986
new_on_prevention,new_on,external_user_mean_dependence,-0.0016670259512270775,0.0037856663534721513,20,0.0008465007306497477
new_on_prevention,new_on,unresolved_fraction,0.0019234232050567013,0.02211550459407056,20,0.004945177162905066
new_on_prevention,new_on,submitted_unresolved_fraction,0.0019234232050567013,0.02211550459407056,20,0.004945177162905066
new_on_prevention,new_on,external_user_unresolved_fraction,-0.006592224063992588,0.03625419939344543,20,0.008106685431357561
new_on_prevention,new_on,mean_processing_time,0.27842734027269905,0.21767487669834543,20,0.04867358212913853
new_on_prevention,new_on,median_processing_time,0.475,0.5250313273861305,20,0.11740057383523346
new_on_prevention,new_on,unresolved_case_rounds,-290.15,78.82710928287766,20,17.626277482631913
new_on_prevention,new_on,pending_case_rounds,-107.45,25.689389577062848,20,5.74432213947871
high_objective_fixed_belief,low_objective_fixed_belief,time,0.0,0.0,20,0.0
high_objective_fixed_belief,low_objective_fixed_belief,new_disputes,0.0,0.0,20,0.0
high_objective_fixed_belief,low_objective_fixed_belief,new_complaints,0.0,0.0,20,0.0
high_objective_fixed_belief,low_objective_fixed_belief,new_complainants,0.0,0.0,20,0.0
high_objective_fixed_belief,low_objective_fixed_belief,new_domestic,0.0,0.0,20,0.0
high_objective_fixed_belief,low_objective_fixed_belief,new_customer,0.0,0.0,20,0.0
high_objective_fixed_belief,low_objective_fixed_belief,new_additional_channel,0.0,0.0,20,0.0
high_objective_fixed_belief,low_objective_fixed_belief,unresolved,-37.3,6.308724118235002,20,1.4106735979665885
high_objective_fixed_belief,low_objective_fixed_belief,pending,0.0,0.0,20,0.0
high_objective_fixed_belief,low_objective_fixed_belief,unsubmitted,0.0,0.0,20,0.0
high_objective_fixed_belief,low_objective_fixed_belief,closed_unresolved,-37.3,6.308724118235002,20,1.4106735979665885
high_objective_fixed_belief,low_objective_fixed_belief,pending_domestic,0.0,0.0,20,0.0
high_objective_fixed_belief,low_objective_fixed_belief,pending_customer,0.0,0.0,20,0.0
high_objective_fixed_belief,low_objective_fixed_belief,new_resolved,0.0,0.0,20,0.0
high_objective_fixed_belief,low_objective_fixed_belief,cumulative_resolved,37.3,6.308724118235002,20,1.4106735979665885
high_objective_fixed_belief,low_objective_fixed_belief,cumulative_complainants,0.0,0.0,20,0.0
high_objective_fixed_belief,low_objective_fixed_belief,total_cases,0.0,0.0,20,0.0
high_objective_fixed_belief,low_objective_fixed_belief,visible_domestic,0.0,0.0,20,0.0
high_objective_fixed_belief,low_objective_fixed_belief,visible_customer,0.0,0.0,20,0.0
high_objective_fixed_belief,low_objective_fixed_belief,unique_submitted_cases,0.0,0.0,20,0.0
high_objective_fixed_belief,low_objective_fixed_belief,unique_domestic_cases,0.1,0.30779350562554625,20,0.06882472016116853
high_objective_fixed_belief,low_objective_fixed_belief,unique_customer_cases,-17.35,4.307582054690861,20,0.9632046292946981
high_objective_fixed_belief,low_objective_fixed_belief,multi_cases,-17.25,4.2410897308667215,20,0.9483364936894276
high_objective_fixed_belief,low_objective_fixed_belief,customer_share_all_cases,-0.22357209782580356,0.0549497747433767,20,0.012287143167449137
high_objective_fixed_belief,low_objective_fixed_belief,customer_share_submitted,-0.22357209782580356,0.0549497747433767,20,0.012287143167449137
high_objective_fixed_belief,low_objective_fixed_belief,domestic_share_submitted,0.001176633444075309,0.00362187979278686,20,0.0008098769423004271
high_objective_fixed_belief,low_objective_fixed_belief,first_domestic_share,0.0,0.0,20,0.0
high_objective_fixed_belief,low_objective_fixed_belief,first_customer_share,0.0,0.0,20,0.0
high_objective_fixed_belief,low_objective_fixed_belief,first_both_share,0.0,0.0,20,0.0
high_objective_fixed_belief,low_objective_fixed_belief,no_submission_share,0.0,0.0,20,0.0
high_objective_fixed_belief,low_objective_fixed_belief,domestic_then_customer_share,-0.26604352748613386,0.06794527652909797,20,0.015193025706908402
high_objective_fixed_belief,low_objective_fixed_belief,mean_escalation_time,-0.06425500253198738,0.2971594635308342,20,0.0664468760612315
high_objective_fixed_belief,low_objective_fixed_belief,external_path_trigger_rate,-0.13100979404321694,0.04898076082901512,20,0.010952431080333676
high_objective_fixed_belief,low_objective_fixed_belief,external_user_case_resolution_rate,0.3558124618819857,0.08381964058961348,20,0.01874264142079763
high_objective_fixed_belief,low_objective_fixed_belief,customer_intervention_rate,-0.10362184166381194,0.05805435448532711,20,0.012981348301906122
high_objective_fixed_belief,low_objective_fixed_belief,material_at_customer_review_share,-0.18154639662113134,0.08864943409803452,20,0.019822616081009294
high_objective_fixed_belief,low_objective_fixed_belief,external_user_mean_merit,-0.011545412450633775,0.020311603529552476,20,0.004541812622410399
high_objective_fixed_belief,low_objective_fixed_belief,external_user_mean_dependence,0.0009019573091766014,0.004427738985490961,20,0.0009900725358183743
high_objective_fixed_belief,low_objective_fixed_belief,unresolved_fraction,-0.47954863301113126,0.07423901298235336,20,0.01660034796110315
high_objective_fixed_belief,low_objective_fixed_belief,submitted_unresolved_fraction,-0.47954863301113126,0.07423901298235336,20,0.01660034796110315
high_objective_fixed_belief,low_objective_fixed_belief,external_user_unresolved_fraction,-0.3558124618819857,0.08381964058961347,20,0.018742641420797627
high_objective_fixed_belief,low_objective_fixed_belief,mean_processing_time,-1.400805870135573,0.7358281635289997,20,0.16453617934096748
high_objective_fixed_belief,low_objective_fixed_belief,median_processing_time,-1.575,0.9770390284721969,20,0.21847256843341847
high_objective_fixed_belief,low_objective_fixed_belief,unresolved_case_rounds,-1492.8,245.28943161734034,20,54.848384325865915
high_objective_fixed_belief,low_objective_fixed_belief,pending_case_rounds,-71.6,17.60502320660962,20,3.936602863544043
first_choice_only,domestic_0.55_help_on,time,0.0,0.0,20,0.0
first_choice_only,domestic_0.55_help_on,new_disputes,0.0,0.0,20,0.0
first_choice_only,domestic_0.55_help_on,new_complaints,0.0,0.0,20,0.0
first_choice_only,domestic_0.55_help_on,new_complainants,0.0,0.0,20,0.0
first_choice_only,domestic_0.55_help_on,new_domestic,0.0,0.0,20,0.0
first_choice_only,domestic_0.55_help_on,new_customer,0.0,0.0,20,0.0
first_choice_only,domestic_0.55_help_on,new_additional_channel,0.0,0.0,20,0.0
first_choice_only,domestic_0.55_help_on,unresolved,9.1,3.127130852462214,20,0.6992477160642375
first_choice_only,domestic_0.55_help_on,pending,0.0,0.0,20,0.0
first_choice_only,domestic_0.55_help_on,unsubmitted,0.0,0.0,20,0.0
first_choice_only,domestic_0.55_help_on,closed_unresolved,9.1,3.127130852462214,20,0.6992477160642375
first_choice_only,domestic_0.55_help_on,pending_domestic,0.0,0.0,20,0.0
first_choice_only,domestic_0.55_help_on,pending_customer,0.0,0.0,20,0.0
first_choice_only,domestic_0.55_help_on,new_resolved,0.0,0.0,20,0.0
first_choice_only,domestic_0.55_help_on,cumulative_resolved,-9.1,3.127130852462214,20,0.6992477160642375
first_choice_only,domestic_0.55_help_on,cumulative_complainants,0.0,0.0,20,0.0
first_choice_only,domestic_0.55_help_on,total_cases,0.0,0.0,20,0.0
first_choice_only,domestic_0.55_help_on,visible_domestic,0.0,0.0,20,0.0
first_choice_only,domestic_0.55_help_on,visible_customer,0.0,0.0,20,0.0
first_choice_only,domestic_0.55_help_on,unique_submitted_cases,0.0,0.0,20,0.0
first_choice_only,domestic_0.55_help_on,unique_domestic_cases,-4.9,2.149663376340339,20,0.4806793438238711
first_choice_only,domestic_0.55_help_on,unique_customer_cases,-30.4,6.769902432632868,20,1.5137962040408284
first_choice_only,domestic_0.55_help_on,multi_cases,-35.3,7.46993975879324,20,1.6703293088490065
first_choice_only,domestic_0.55_help_on,customer_share_all_cases,-0.3905244657937529,0.07993868574391552,20,0.017874833535538846
first_choice_only,domestic_0.55_help_on,customer_share_submitted,-0.3905244657937529,0.07993868574391552,20,0.017874833535538846
first_choice_only,domestic_0.55_help_on,domestic_share_submitted,-0.0628861372912644,0.026526188821642142,20,0.005931436138918687
first_choice_only,domestic_0.55_help_on,first_domestic_share,0.0,0.0,20,0.0
first_choice_only,domestic_0.55_help_on,first_customer_share,0.0,0.0,20,0.0
first_choice_only,domestic_0.55_help_on,first_both_share,0.0,0.0,20,0.0
first_choice_only,domestic_0.55_help_on,no_submission_share,0.0,0.0,20,0.0
first_choice_only,domestic_0.55_help_on,domestic_then_customer_share,-0.46498819419547466,0.10097856007704556,20,0.022579492460232026
first_choice_only,domestic_0.55_help_on,mean_escalation_time,,,0,
first_choice_only,domestic_0.55_help_on,external_path_trigger_rate,-0.04536483165519224,0.12636527233714576,20,0.02825613389411316
first_choice_only,domestic_0.55_help_on,external_user_case_resolution_rate,-0.11601044797202904,0.1446999742329971,20,0.03235589787274495
first_choice_only,domestic_0.55_help_on,customer_intervention_rate,-0.15441654118625361,0.1166433429993711,20,0.026082244406941797
first_choice_only,domestic_0.55_help_on,material_at_customer_review_share,-0.38661648975200447,0.10330645187410101,20,0.023100024890480037
first_choice_only,domestic_0.55_help_on,external_user_mean_merit,-0.0018181031745455405,0.07118619258410773,20,0.01591771656774563
first_choice_only,domestic_0.55_help_on,external_user_mean_dependence,0.005257019899590159,0.015191879990999333,20,0.00339700763658934
first_choice_only,domestic_0.55_help_on,unresolved_fraction,0.11586961015073531,0.03703774446265576,20,0.008281891435176469
first_choice_only,domestic_0.55_help_on,submitted_unresolved_fraction,0.11586961015073531,0.03703774446265576,20,0.008281891435176469
first_choice_only,domestic_0.55_help_on,external_user_unresolved_fraction,0.11601044797202906,0.1446999742329971,20,0.03235589787274495
first_choice_only,domestic_0.55_help_on,mean_processing_time,-0.8253338140328946,0.2125203029515938,20,0.04752098439986129
first_choice_only,domestic_0.55_help_on,median_processing_time,-0.925,0.6129093691051248,20,0.13705070133655686
first_choice_only,domestic_0.55_help_on,unresolved_case_rounds,323.8,115.27112205122047,20,25.775406474920395
first_choice_only,domestic_0.55_help_on,pending_case_rounds,-86.55,20.67919116813859,20,4.624007717167117
recent_only,domestic_0.55_help_on,time,0.0,0.0,20,0.0
recent_only,domestic_0.55_help_on,new_disputes,0.0,0.0,20,0.0
recent_only,domestic_0.55_help_on,new_complaints,0.0,0.0,20,0.0
recent_only,domestic_0.55_help_on,new_complainants,0.0,0.0,20,0.0
recent_only,domestic_0.55_help_on,new_domestic,0.0,0.0,20,0.0
recent_only,domestic_0.55_help_on,new_customer,0.0,0.0,20,0.0
recent_only,domestic_0.55_help_on,new_additional_channel,0.0,0.0,20,0.0
recent_only,domestic_0.55_help_on,unresolved,-0.05,0.22360679774997894,20,0.04999999999999999
recent_only,domestic_0.55_help_on,pending,0.0,0.0,20,0.0
recent_only,domestic_0.55_help_on,unsubmitted,0.0,0.0,20,0.0
recent_only,domestic_0.55_help_on,closed_unresolved,-0.05,0.22360679774997894,20,0.04999999999999999
recent_only,domestic_0.55_help_on,pending_domestic,0.0,0.0,20,0.0
recent_only,domestic_0.55_help_on,pending_customer,0.0,0.0,20,0.0
recent_only,domestic_0.55_help_on,new_resolved,0.0,0.0,20,0.0
recent_only,domestic_0.55_help_on,cumulative_resolved,0.05,0.22360679774997894,20,0.04999999999999999
recent_only,domestic_0.55_help_on,cumulative_complainants,0.0,0.0,20,0.0
recent_only,domestic_0.55_help_on,total_cases,0.0,0.0,20,0.0
recent_only,domestic_0.55_help_on,visible_domestic,0.0,0.0,20,0.0
recent_only,domestic_0.55_help_on,visible_customer,0.0,0.0,20,0.0
recent_only,domestic_0.55_help_on,unique_submitted_cases,0.0,0.0,20,0.0
recent_only,domestic_0.55_help_on,unique_domestic_cases,-0.25,0.4442616583193193,20,0.09933992677987828
recent_only,domestic_0.55_help_on,unique_customer_cases,0.0,0.0,20,0.0
recent_only,domestic_0.55_help_on,multi_cases,-0.25,0.4442616583193193,20,0.09933992677987828
recent_only,domestic_0.55_help_on,customer_share_all_cases,0.0,0.0,20,0.0
recent_only,domestic_0.55_help_on,customer_share_submitted,0.0,0.0,20,0.0
recent_only,domestic_0.55_help_on,domestic_share_submitted,-0.003345329331521191,0.005981296905721572,20,0.0013374586474802586
recent_only,domestic_0.55_help_on,first_domestic_share,0.0,0.0,20,0.0
recent_only,domestic_0.55_help_on,first_customer_share,0.0,0.0,20,0.0
recent_only,domestic_0.55_help_on,first_both_share,0.0,0.0,20,0.0
recent_only,domestic_0.55_help_on,no_submission_share,0.0,0.0,20,0.0
recent_only,domestic_0.55_help_on,domestic_then_customer_share,0.0,0.0,20,0.0
recent_only,domestic_0.55_help_on,mean_escalation_time,0.003647214854111436,0.0112444303384297,20,0.0025143310604989776
recent_only,domestic_0.55_help_on,external_path_trigger_rate,0.0,0.0,20,0.0
recent_only,domestic_0.55_help_on,external_user_case_resolution_rate,0.0,0.0,20,0.0
recent_only,domestic_0.55_help_on,customer_intervention_rate,-0.0006644518272425265,0.0029715189069764716,20,0.0006644518272425265
recent_only,domestic_0.55_help_on,material_at_customer_review_share,-0.0007751937984496138,0.0034667720581392147,20,0.0007751937984496137
recent_only,domestic_0.55_help_on,external_user_mean_merit,0.0,0.0,20,0.0
recent_only,domestic_0.55_help_on,external_user_mean_dependence,0.0,0.0,20,0.0
recent_only,domestic_0.55_help_on,unresolved_fraction,-0.0006097560975609733,0.00272691216768266,20,0.0006097560975609732
recent_only,domestic_0.55_help_on,submitted_unresolved_fraction,-0.0006097560975609733,0.00272691216768266,20,0.0006097560975609732
recent_only,domestic_0.55_help_on,external_user_unresolved_fraction,0.0,0.0,20,0.0
recent_only,domestic_0.55_help_on,mean_processing_time,0.001030655391120483,0.0046092310318440665,20,0.0010306553911204831
recent_only,domestic_0.55_help_on,median_processing_time,0.0,0.0,20,0.0
recent_only,domestic_0.55_help_on,unresolved_case_rounds,-1.9,8.497058314499201,20,1.9
recent_only,domestic_0.55_help_on,pending_case_rounds,-0.2,0.4103913408340617,20,0.09176629354822471
outcome_learning_off,domestic_0.55_help_on,time,0.0,0.0,20,0.0
outcome_learning_off,domestic_0.55_help_on,new_disputes,0.0,0.0,20,0.0
outcome_learning_off,domestic_0.55_help_on,new_complaints,0.0,0.0,20,0.0
outcome_learning_off,domestic_0.55_help_on,new_complainants,0.0,0.0,20,0.0
outcome_learning_off,domestic_0.55_help_on,new_domestic,0.0,0.0,20,0.0
outcome_learning_off,domestic_0.55_help_on,new_customer,0.0,0.0,20,0.0
outcome_learning_off,domestic_0.55_help_on,new_additional_channel,0.0,0.0,20,0.0
outcome_learning_off,domestic_0.55_help_on,unresolved,0.4,1.3138933706635725,20,0.2937954891990076
outcome_learning_off,domestic_0.55_help_on,pending,0.0,0.0,20,0.0
outcome_learning_off,domestic_0.55_help_on,unsubmitted,0.0,0.0,20,0.0
outcome_learning_off,domestic_0.55_help_on,closed_unresolved,0.4,1.3138933706635725,20,0.2937954891990076
outcome_learning_off,domestic_0.55_help_on,pending_domestic,0.0,0.0,20,0.0
outcome_learning_off,domestic_0.55_help_on,pending_customer,0.0,0.0,20,0.0
outcome_learning_off,domestic_0.55_help_on,new_resolved,0.0,0.0,20,0.0
outcome_learning_off,domestic_0.55_help_on,cumulative_resolved,-0.4,1.3138933706635725,20,0.2937954891990076
outcome_learning_off,domestic_0.55_help_on,cumulative_complainants,0.0,0.0,20,0.0
outcome_learning_off,domestic_0.55_help_on,total_cases,0.0,0.0,20,0.0
outcome_learning_off,domestic_0.55_help_on,visible_domestic,0.0,0.0,20,0.0
outcome_learning_off,domestic_0.55_help_on,visible_customer,0.0,0.0,20,0.0
outcome_learning_off,domestic_0.55_help_on,unique_submitted_cases,0.0,0.0,20,0.0
outcome_learning_off,domestic_0.55_help_on,unique_domestic_cases,-0.15,0.36634754853252327,20,0.08191780219091253
outcome_learning_off,domestic_0.55_help_on,unique_customer_cases,-0.7,1.4545753585442767,20,0.3252529380101132
outcome_learning_off,domestic_0.55_help_on,multi_cases,-0.85,1.4244112357114613,20,0.31850803509653036
outcome_learning_off,domestic_0.55_help_on,customer_share_all_cases,-0.00897635556039737,0.01878294251420579,20,0.004199993627923495
outcome_learning_off,domestic_0.55_help_on,customer_share_submitted,-0.00897635556039737,0.01878294251420579,20,0.004199993627923495
outcome_learning_off,domestic_0.55_help_on,domestic_share_submitted,-0.0018974126648545254,0.004643303091252304,20,0.001038274135217506
outcome_learning_off,domestic_0.55_help_on,first_domestic_share,0.0,0.0,20,0.0
outcome_learning_off,domestic_0.55_help_on,first_customer_share,0.0,0.0,20,0.0
outcome_learning_off,domestic_0.55_help_on,first_both_share,0.0,0.0,20,0.0
outcome_learning_off,domestic_0.55_help_on,no_submission_share,0.0,0.0,20,0.0
outcome_learning_off,domestic_0.55_help_on,domestic_then_customer_share,-0.010758959524561587,0.022538036515975787,20,0.005039658172909438
outcome_learning_off,domestic_0.55_help_on,mean_escalation_time,-0.08575548105556363,0.14033576320116795,20,0.031380030619212504
outcome_learning_off,domestic_0.55_help_on,external_path_trigger_rate,-0.0021027798254938737,0.03952006007535353,20,0.008836954080336596
outcome_learning_off,domestic_0.55_help_on,external_user_case_resolution_rate,0.0031917736596162372,0.039370933635806286,20,0.00880360839472958
outcome_learning_off,domestic_0.55_help_on,customer_intervention_rate,-0.0032903837332027342,0.031569070383272245,20,0.007059058736347208
outcome_learning_off,domestic_0.55_help_on,material_at_customer_review_share,-0.0022980030299784514,0.022964335832265398,20,0.005134981597907964
outcome_learning_off,domestic_0.55_help_on,external_user_mean_merit,0.0004992089854086057,0.0062263543374669415,20,0.0013922551550576746
outcome_learning_off,domestic_0.55_help_on,external_user_mean_dependence,0.0005925048655745114,0.0023485885096786287,20,0.0005251603558816336
outcome_learning_off,domestic_0.55_help_on,unresolved_fraction,0.004985848849767394,0.017087389324891504,20,0.003820856408846164
outcome_learning_off,domestic_0.55_help_on,submitted_unresolved_fraction,0.004985848849767394,0.017087389324891504,20,0.003820856408846164
outcome_learning_off,domestic_0.55_help_on,external_user_unresolved_fraction,-0.003191773659616234,0.039370933635806266,20,0.008803608394729575
outcome_learning_off,domestic_0.55_help_on,mean_processing_time,0.003750095362825201,0.12079699170180756,20,0.02701102849227197
outcome_learning_off,domestic_0.55_help_on,median_processing_time,-0.05,0.27625312572654126,20,0.06177207681213422
outcome_learning_off,domestic_0.55_help_on,unresolved_case_rounds,15.45,46.45141774506259,20,10.386852772919994
outcome_learning_off,domestic_0.55_help_on,pending_case_rounds,-2.0,4.0,20,0.8944271909999159
partial_visibility,domestic_0.55_help_on,time,0.0,0.0,20,0.0
partial_visibility,domestic_0.55_help_on,new_disputes,0.0,0.0,20,0.0
partial_visibility,domestic_0.55_help_on,new_complaints,0.0,0.0,20,0.0
partial_visibility,domestic_0.55_help_on,new_complainants,0.0,0.0,20,0.0
partial_visibility,domestic_0.55_help_on,new_domestic,0.0,0.0,20,0.0
partial_visibility,domestic_0.55_help_on,new_customer,0.0,0.0,20,0.0
partial_visibility,domestic_0.55_help_on,new_additional_channel,0.0,0.0,20,0.0
partial_visibility,domestic_0.55_help_on,unresolved,0.3,1.1742858972247996,20,0.26257830912139835
partial_visibility,domestic_0.55_help_on,pending,0.0,0.0,20,0.0
partial_visibility,domestic_0.55_help_on,unsubmitted,0.0,0.0,20,0.0
partial_visibility,domestic_0.55_help_on,closed_unresolved,0.3,1.1742858972247996,20,0.26257830912139835
partial_visibility,domestic_0.55_help_on,pending_domestic,0.0,0.0,20,0.0
partial_visibility,domestic_0.55_help_on,pending_customer,0.0,0.0,20,0.0
partial_visibility,domestic_0.55_help_on,new_resolved,0.0,0.0,20,0.0
partial_visibility,domestic_0.55_help_on,cumulative_resolved,-0.3,1.1742858972247996,20,0.26257830912139835
partial_visibility,domestic_0.55_help_on,cumulative_complainants,0.0,0.0,20,0.0
partial_visibility,domestic_0.55_help_on,total_cases,0.0,0.0,20,0.0
partial_visibility,domestic_0.55_help_on,visible_domestic,0.0,0.0,20,0.0
partial_visibility,domestic_0.55_help_on,visible_customer,0.0,0.0,20,0.0
partial_visibility,domestic_0.55_help_on,unique_submitted_cases,0.0,0.0,20,0.0
partial_visibility,domestic_0.55_help_on,unique_domestic_cases,-0.15,0.36634754853252327,20,0.08191780219091253
partial_visibility,domestic_0.55_help_on,unique_customer_cases,-0.8,1.4725559590832462,20,0.3292735225182537
partial_visibility,domestic_0.55_help_on,multi_cases,-0.95,1.5719582155957414,20,0.3515005427861348
partial_visibility,domestic_0.55_help_on,customer_share_all_cases,-0.010575762026363686,0.019262824232696447,20,0.004307298442293948
partial_visibility,domestic_0.55_help_on,customer_share_submitted,-0.010575762026363686,0.019262824232696447,20,0.004307298442293948
partial_visibility,domestic_0.55_help_on,domestic_share_submitted,-0.0020579710144927486,0.005030907468670392,20,0.0011249451088458388
partial_visibility,domestic_0.55_help_on,first_domestic_share,0.0,0.0,20,0.0
partial_visibility,domestic_0.55_help_on,first_customer_share,0.0,0.0,20,0.0
partial_visibility,domestic_0.55_help_on,first_both_share,0.0,0.0,20,0.0
partial_visibility,domestic_0.55_help_on,no_submission_share,0.0,0.0,20,0.0
partial_visibility,domestic_0.55_help_on,domestic_then_customer_share,-0.012660929459032823,0.02318516056989902,20,0.005184359510354197
partial_visibility,domestic_0.55_help_on,mean_escalation_time,-0.01881886330391196,0.15049862219617166,20,0.03365251497506985
partial_visibility,domestic_0.55_help_on,external_path_trigger_rate,-0.002522958134139315,0.02716160842179066,20,0.00607352028093547
partial_visibility,domestic_0.55_help_on,external_user_case_resolution_rate,0.0017370609086269583,0.023595072032155124,20,0.0052760184997902955
partial_visibility,domestic_0.55_help_on,customer_intervention_rate,-0.0009196918682659843,0.03601445443477986,20,0.008053076828873653
partial_visibility,domestic_0.55_help_on,material_at_customer_review_share,0.0051274161815963335,0.020934582373834776,20,0.004681114926846347
partial_visibility,domestic_0.55_help_on,external_user_mean_merit,0.00023318580581879189,0.005838777106835186,20,0.0013055902516353028
partial_visibility,domestic_0.55_help_on,external_user_mean_dependence,0.0006510666178638824,0.0021883652315334576,20,0.0004893333417305877
partial_visibility,domestic_0.55_help_on,unresolved_fraction,0.004031646860052982,0.01531236504310473,20,0.003423948913267367
partial_visibility,domestic_0.55_help_on,submitted_unresolved_fraction,0.004031646860052982,0.01531236504310473,20,0.003423948913267367
partial_visibility,domestic_0.55_help_on,external_user_unresolved_fraction,-0.0017370609086269583,0.023595072032155114,20,0.005276018499790294
partial_visibility,domestic_0.55_help_on,mean_processing_time,-0.008862933834902931,0.10345589307106667,20,0.023133440957985456
partial_visibility,domestic_0.55_help_on,median_processing_time,-0.025,0.3024026594146497,20,0.06761929030278735
partial_visibility,domestic_0.55_help_on,unresolved_case_rounds,11.4,41.687307168338045,20,9.321565262731813
partial_visibility,domestic_0.55_help_on,pending_case_rounds,-1.7,3.881128430590366,20,0.8678467000207132
domestic_slow,domestic_0.55_help_on,time,0.0,0.0,20,0.0
domestic_slow,domestic_0.55_help_on,new_disputes,0.0,0.0,20,0.0
domestic_slow,domestic_0.55_help_on,new_complaints,0.0,0.0,20,0.0
domestic_slow,domestic_0.55_help_on,new_complainants,0.0,0.0,20,0.0
domestic_slow,domestic_0.55_help_on,new_domestic,0.0,0.0,20,0.0
domestic_slow,domestic_0.55_help_on,new_customer,0.0,0.0,20,0.0
domestic_slow,domestic_0.55_help_on,new_additional_channel,0.0,0.0,20,0.0
domestic_slow,domestic_0.55_help_on,unresolved,1.8,5.818301434177107,20,1.3010117520404527
domestic_slow,domestic_0.55_help_on,pending,0.0,0.0,20,0.0
domestic_slow,domestic_0.55_help_on,unsubmitted,0.0,0.0,20,0.0
domestic_slow,domestic_0.55_help_on,closed_unresolved,1.8,5.818301434177107,20,1.3010117520404527
domestic_slow,domestic_0.55_help_on,pending_domestic,0.0,0.0,20,0.0
domestic_slow,domestic_0.55_help_on,pending_customer,0.0,0.0,20,0.0
domestic_slow,domestic_0.55_help_on,new_resolved,0.0,0.0,20,0.0
domestic_slow,domestic_0.55_help_on,cumulative_resolved,-1.8,5.818301434177107,20,1.3010117520404527
domestic_slow,domestic_0.55_help_on,cumulative_complainants,0.0,0.0,20,0.0
domestic_slow,domestic_0.55_help_on,total_cases,0.0,0.0,20,0.0
domestic_slow,domestic_0.55_help_on,visible_domestic,0.0,0.0,20,0.0
domestic_slow,domestic_0.55_help_on,visible_customer,0.0,0.0,20,0.0
domestic_slow,domestic_0.55_help_on,unique_submitted_cases,0.0,0.0,20,0.0
domestic_slow,domestic_0.55_help_on,unique_domestic_cases,-0.2,0.6958523739384593,20,0.1555973210430998
domestic_slow,domestic_0.55_help_on,unique_customer_cases,4.2,4.8406176204456,20,1.0823950052399636
domestic_slow,domestic_0.55_help_on,multi_cases,4.0,4.611199181854634,20,1.0310954828418375
domestic_slow,domestic_0.55_help_on,customer_share_all_cases,0.054910391450696164,0.06369295553917884,20,0.014242177827347564
domestic_slow,domestic_0.55_help_on,customer_share_submitted,0.054910391450696164,0.06369295553917884,20,0.014242177827347564
domestic_slow,domestic_0.55_help_on,domestic_share_submitted,-0.002725412528135246,0.008655275076476433,20,0.0019353783434960996
domestic_slow,domestic_0.55_help_on,first_domestic_share,0.0,0.0,20,0.0
domestic_slow,domestic_0.55_help_on,first_customer_share,0.0,0.0,20,0.0
domestic_slow,domestic_0.55_help_on,first_both_share,0.0,0.0,20,0.0
domestic_slow,domestic_0.55_help_on,no_submission_share,0.0,0.0,20,0.0
domestic_slow,domestic_0.55_help_on,domestic_then_customer_share,0.06523816100851268,0.07584419400770269,20,0.016959277349990542
domestic_slow,domestic_0.55_help_on,mean_escalation_time,2.3415896481667824,0.3951679078721878,20,0.08836223045285861
domestic_slow,domestic_0.55_help_on,external_path_trigger_rate,-0.015830195447965344,0.07494817630618937,20,0.016758921701027853
domestic_slow,domestic_0.55_help_on,external_user_case_resolution_rate,0.024418447245263125,0.07925202498689848,20,0.01772129152252169
domestic_slow,domestic_0.55_help_on,customer_intervention_rate,-0.04198270378415159,0.07733367145294708,20,0.01729233463184246
domestic_slow,domestic_0.55_help_on,material_at_customer_review_share,-0.08201814172798905,0.09775581146824222,20,0.02185886396386431
domestic_slow,domestic_0.55_help_on,external_user_mean_merit,-7.700845312925697e-05,0.02128632342495601,20,0.004759766616924778
domestic_slow,domestic_0.55_help_on,external_user_mean_dependence,0.0023322835141866534,0.0062323640852878235,20,0.001393598975523187
domestic_slow,domestic_0.55_help_on,unresolved_fraction,0.02282557686024161,0.07650824326049135,20,0.01710776327695488
domestic_slow,domestic_0.55_help_on,submitted_unresolved_fraction,0.02282557686024161,0.07650824326049135,20,0.01710776327695488
domestic_slow,domestic_0.55_help_on,external_user_unresolved_fraction,-0.02441844724526312,0.07925202498689848,20,0.01772129152252169
domestic_slow,domestic_0.55_help_on,mean_processing_time,3.4744770587722185,0.3862062683134184,20,0.08635834692853266
domestic_slow,domestic_0.55_help_on,median_processing_time,3.675,0.6934847169416056,20,0.15506789684386302
domestic_slow,domestic_0.55_help_on,unresolved_case_rounds,213.4,219.59949189855897,20,49.103939170959215
domestic_slow,domestic_0.55_help_on,pending_case_rounds,277.65,24.467540258795722,20,5.471108326088003
domestic_slow_known,domestic_0.55_help_on,time,0.0,0.0,20,0.0
domestic_slow_known,domestic_0.55_help_on,new_disputes,0.0,0.0,20,0.0
domestic_slow_known,domestic_0.55_help_on,new_complaints,0.0,0.0,20,0.0
domestic_slow_known,domestic_0.55_help_on,new_complainants,0.0,0.0,20,0.0
domestic_slow_known,domestic_0.55_help_on,new_domestic,0.0,0.0,20,0.0
domestic_slow_known,domestic_0.55_help_on,new_customer,0.0,0.0,20,0.0
domestic_slow_known,domestic_0.55_help_on,new_additional_channel,0.0,0.0,20,0.0
domestic_slow_known,domestic_0.55_help_on,unresolved,1.15,5.431632496676056,20,1.2145499491364562
domestic_slow_known,domestic_0.55_help_on,pending,0.0,0.0,20,0.0
domestic_slow_known,domestic_0.55_help_on,unsubmitted,0.0,0.0,20,0.0
domestic_slow_known,domestic_0.55_help_on,closed_unresolved,1.15,5.431632496676056,20,1.2145499491364562
domestic_slow_known,domestic_0.55_help_on,pending_domestic,0.0,0.0,20,0.0
domestic_slow_known,domestic_0.55_help_on,pending_customer,0.0,0.0,20,0.0
domestic_slow_known,domestic_0.55_help_on,new_resolved,0.0,0.0,20,0.0
domestic_slow_known,domestic_0.55_help_on,cumulative_resolved,-1.15,5.431632496676056,20,1.2145499491364562
domestic_slow_known,domestic_0.55_help_on,cumulative_complainants,0.0,0.0,20,0.0
domestic_slow_known,domestic_0.55_help_on,total_cases,0.0,0.0,20,0.0
domestic_slow_known,domestic_0.55_help_on,visible_domestic,0.0,0.0,20,0.0
domestic_slow_known,domestic_0.55_help_on,visible_customer,0.0,0.0,20,0.0
domestic_slow_known,domestic_0.55_help_on,unique_submitted_cases,0.0,0.0,20,0.0
domestic_slow_known,domestic_0.55_help_on,unique_domestic_cases,-1.55,1.3168942730211068,20,0.2944665113655362
domestic_slow_known,domestic_0.55_help_on,unique_customer_cases,0.5,4.382981441415133,20,0.9800644447124248
domestic_slow_known,domestic_0.55_help_on,multi_cases,-1.05,4.430456790041074,20,0.9906802553907353
domestic_slow_known,domestic_0.55_help_on,customer_share_all_cases,0.007270660508679033,0.05659627615723878,20,0.012655312076093647
domestic_slow_known,domestic_0.55_help_on,customer_share_submitted,0.007270660508679033,0.05659627615723878,20,0.012655312076093647
domestic_slow_known,domestic_0.55_help_on,domestic_share_submitted,-0.02040451338956075,0.018303467929846943,20,0.004092779851512511
domestic_slow_known,domestic_0.55_help_on,first_domestic_share,-0.0578715374742523,0.03045045680750087,20,0.006808929136749317
domestic_slow_known,domestic_0.55_help_on,first_customer_share,0.04839472914536541,0.02516499024364809,20,0.005627062883791612
domestic_slow_known,domestic_0.55_help_on,first_both_share,0.009476808328886893,0.02752070041123269,20,0.006153815690792271
domestic_slow_known,domestic_0.55_help_on,no_submission_share,0.0,0.0,20,0.0
domestic_slow_known,domestic_0.55_help_on,domestic_then_customer_share,-0.028905628066892765,0.06825237047802202,20,0.015261694001435703
domestic_slow_known,domestic_0.55_help_on,mean_escalation_time,3.8554054766271726,0.4102604532707495,20,0.09173702619932718
domestic_slow_known,domestic_0.55_help_on,external_path_trigger_rate,0.010003767207252982,0.0947897296783665,20,0.021195627912965677
domestic_slow_known,domestic_0.55_help_on,external_user_case_resolution_rate,-0.015245453743740246,0.0909818197108726,20,0.020344153359014138
domestic_slow_known,domestic_0.55_help_on,customer_intervention_rate,-0.028942862058947964,0.09309800774855023,20,0.020817347389556047
domestic_slow_known,domestic_0.55_help_on,material_at_customer_review_share,-0.04146570192169152,0.11717806024024195,20,0.026201810816874633
domestic_slow_known,domestic_0.55_help_on,external_user_mean_merit,-0.00432109669031952,0.021005977562320647,20,0.0046970793763184285
domestic_slow_known,domestic_0.55_help_on,external_user_mean_dependence,0.0036644806745961766,0.0061326379900143975,20,0.0013712995427069869
domestic_slow_known,domestic_0.55_help_on,unresolved_fraction,0.013879697756528775,0.0695398673907106,20,0.01554958706319498
domestic_slow_known,domestic_0.55_help_on,submitted_unresolved_fraction,0.013879697756528775,0.0695398673907106,20,0.01554958706319498
domestic_slow_known,domestic_0.55_help_on,external_user_unresolved_fraction,0.015245453743740247,0.0909818197108726,20,0.020344153359014138
domestic_slow_known,domestic_0.55_help_on,mean_processing_time,3.3527684461652454,0.5000222952063283,20,0.11180838423468174
domestic_slow_known,domestic_0.55_help_on,median_processing_time,3.75,0.7344887229975191,20,0.1642366713329466
domestic_slow_known,domestic_0.55_help_on,unresolved_case_rounds,184.7,209.9566621948444,20,46.94773689966323
domestic_slow_known,domestic_0.55_help_on,pending_case_rounds,270.65,28.720568459408646,20,6.422114342767414
domestic_expected_slow_only,domestic_0.55_help_on,time,0.0,0.0,20,0.0
domestic_expected_slow_only,domestic_0.55_help_on,new_disputes,0.0,0.0,20,0.0
domestic_expected_slow_only,domestic_0.55_help_on,new_complaints,0.0,0.0,20,0.0
domestic_expected_slow_only,domestic_0.55_help_on,new_complainants,0.0,0.0,20,0.0
domestic_expected_slow_only,domestic_0.55_help_on,new_domestic,0.0,0.0,20,0.0
domestic_expected_slow_only,domestic_0.55_help_on,new_customer,0.0,0.0,20,0.0
domestic_expected_slow_only,domestic_0.55_help_on,new_additional_channel,0.0,0.0,20,0.0
domestic_expected_slow_only,domestic_0.55_help_on,unresolved,1.05,3.2032056312059445,20,0.7162585537286613
domestic_expected_slow_only,domestic_0.55_help_on,pending,0.0,0.0,20,0.0
domestic_expected_slow_only,domestic_0.55_help_on,unsubmitted,0.0,0.0,20,0.0
domestic_expected_slow_only,domestic_0.55_help_on,closed_unresolved,1.05,3.2032056312059445,20,0.7162585537286613
domestic_expected_slow_only,domestic_0.55_help_on,pending_domestic,0.0,0.0,20,0.0
domestic_expected_slow_only,domestic_0.55_help_on,pending_customer,0.0,0.0,20,0.0
domestic_expected_slow_only,domestic_0.55_help_on,new_resolved,0.0,0.0,20,0.0
domestic_expected_slow_only,domestic_0.55_help_on,cumulative_resolved,-1.05,3.2032056312059445,20,0.7162585537286613
domestic_expected_slow_only,domestic_0.55_help_on,cumulative_complainants,0.0,0.0,20,0.0
domestic_expected_slow_only,domestic_0.55_help_on,total_cases,0.0,0.0,20,0.0
domestic_expected_slow_only,domestic_0.55_help_on,visible_domestic,0.0,0.0,20,0.0
domestic_expected_slow_only,domestic_0.55_help_on,visible_customer,0.0,0.0,20,0.0
domestic_expected_slow_only,domestic_0.55_help_on,unique_submitted_cases,0.0,0.0,20,0.0
domestic_expected_slow_only,domestic_0.55_help_on,unique_domestic_cases,-1.35,1.3869694338832113,20,0.31013579368772604
domestic_expected_slow_only,domestic_0.55_help_on,unique_customer_cases,-3.75,2.971354466976475,20,0.6644150573407052
domestic_expected_slow_only,domestic_0.55_help_on,multi_cases,-5.1,3.143916431191483,20,0.7030010855722696
domestic_expected_slow_only,domestic_0.55_help_on,customer_share_all_cases,-0.048369071089863394,0.03799177179565826,20,0.008495218432075112
domestic_expected_slow_only,domestic_0.55_help_on,customer_share_submitted,-0.048369071089863394,0.03799177179565826,20,0.008495218432075112
domestic_expected_slow_only,domestic_0.55_help_on,domestic_share_submitted,-0.017700349630421865,0.018606166153600723,20,0.004160465232010701
domestic_expected_slow_only,domestic_0.55_help_on,first_domestic_share,-0.0578715374742523,0.03045045680750087,20,0.006808929136749317
domestic_expected_slow_only,domestic_0.55_help_on,first_customer_share,0.04839472914536541,0.02516499024364809,20,0.005627062883791612
domestic_expected_slow_only,domestic_0.55_help_on,first_both_share,0.009476808328886893,0.02752070041123269,20,0.006153815690792271
domestic_expected_slow_only,domestic_0.55_help_on,no_submission_share,0.0,0.0,20,0.0
domestic_expected_slow_only,domestic_0.55_help_on,domestic_then_customer_share,-0.10075450456879889,0.04822880216730516,20,0.010784288011948352
domestic_expected_slow_only,domestic_0.55_help_on,mean_escalation_time,0.18981328382532509,0.35671133927617565,20,0.07976308029665194
domestic_expected_slow_only,domestic_0.55_help_on,external_path_trigger_rate,0.014177787293578908,0.05922399535018167,20,0.013242887950213767
domestic_expected_slow_only,domestic_0.55_help_on,external_user_case_resolution_rate,-0.05913259070390433,0.07160731906612151,20,0.016011883311836447
domestic_expected_slow_only,domestic_0.55_help_on,customer_intervention_rate,0.00466143400157876,0.08375014628962744,20,0.018727102022915873
domestic_expected_slow_only,domestic_0.55_help_on,material_at_customer_review_share,-0.04599167067730897,0.07314819003528379,20,0.016356432534996728
domestic_expected_slow_only,domestic_0.55_help_on,external_user_mean_merit,-0.007535129747427904,0.02000526434831841,20,0.004473313099069299
domestic_expected_slow_only,domestic_0.55_help_on,external_user_mean_dependence,0.00014407091100754332,0.004776891405255004,20,0.0010681453903284685
domestic_expected_slow_only,domestic_0.55_help_on,unresolved_fraction,0.014780944329404636,0.044506098781975444,20,0.009951866228981768
domestic_expected_slow_only,domestic_0.55_help_on,submitted_unresolved_fraction,0.014780944329404636,0.044506098781975444,20,0.009951866228981768
domestic_expected_slow_only,domestic_0.55_help_on,external_user_unresolved_fraction,0.05913259070390434,0.07160731906612153,20,0.01601188331183645
domestic_expected_slow_only,domestic_0.55_help_on,mean_processing_time,-0.15867237041748639,0.3057427701007895,20,0.06836616175744555
domestic_expected_slow_only,domestic_0.55_help_on,median_processing_time,-0.275,0.4993416718672275,20,0.1116561922293515
domestic_expected_slow_only,domestic_0.55_help_on,unresolved_case_rounds,34.3,120.87840780587827,20,27.0292336865885
domestic_expected_slow_only,domestic_0.55_help_on,pending_case_rounds,-12.65,10.970174877462314,20,2.453005675106616
signal_low_only,domestic_0.55_help_on,time,0.0,0.0,20,0.0
signal_low_only,domestic_0.55_help_on,new_disputes,0.0,0.0,20,0.0
signal_low_only,domestic_0.55_help_on,new_complaints,0.0,0.0,20,0.0
signal_low_only,domestic_0.55_help_on,new_complainants,0.0,0.0,20,0.0
signal_low_only,domestic_0.55_help_on,new_domestic,0.0,0.0,20,0.0
signal_low_only,domestic_0.55_help_on,new_customer,0.0,0.0,20,0.0
signal_low_only,domestic_0.55_help_on,new_additional_channel,0.0,0.0,20,0.0
signal_low_only,domestic_0.55_help_on,unresolved,7.5,6.716045202192637,20,1.5017533612064056
signal_low_only,domestic_0.55_help_on,pending,0.0,0.0,20,0.0
signal_low_only,domestic_0.55_help_on,unsubmitted,3.95,3.0517466957034363,20,0.6823913061703248
signal_low_only,domestic_0.55_help_on,closed_unresolved,3.55,6.10844971287616,20,1.3658908795130167
signal_low_only,domestic_0.55_help_on,pending_domestic,0.0,0.0,20,0.0
signal_low_only,domestic_0.55_help_on,pending_customer,0.0,0.0,20,0.0
signal_low_only,domestic_0.55_help_on,new_resolved,0.0,0.0,20,0.0
signal_low_only,domestic_0.55_help_on,cumulative_resolved,-7.5,6.716045202192637,20,1.5017533612064056
signal_low_only,domestic_0.55_help_on,cumulative_complainants,-3.95,3.0517466957034363,20,0.6823913061703248
signal_low_only,domestic_0.55_help_on,total_cases,0.0,0.0,20,0.0
signal_low_only,domestic_0.55_help_on,visible_domestic,0.0,0.0,20,0.0
signal_low_only,domestic_0.55_help_on,visible_customer,0.0,0.0,20,0.0
signal_low_only,domestic_0.55_help_on,unique_submitted_cases,-3.95,3.0517466957034363,20,0.6823913061703248
signal_low_only,domestic_0.55_help_on,unique_domestic_cases,-18.8,5.615767276629541,20,1.2557237376362518
signal_low_only,domestic_0.55_help_on,unique_customer_cases,6.0,4.255027985559524,20,0.9514531821875089
signal_low_only,domestic_0.55_help_on,multi_cases,-8.85,5.967235099846671,20,1.33431433209799
signal_low_only,domestic_0.55_help_on,customer_share_all_cases,0.07844758830094171,0.05651570751115012,20,0.012637296379142711
signal_low_only,domestic_0.55_help_on,customer_share_submitted,0.10885073170805157,0.04956904170879377,20,0.01108397468403852
signal_low_only,domestic_0.55_help_on,domestic_share_submitted,-0.200731719918954,0.062355968379728455,20,0.013943218409990023
signal_low_only,domestic_0.55_help_on,first_domestic_share,-0.33069277741991293,0.056430234365114004,20,0.012618184002663959
signal_low_only,domestic_0.55_help_on,first_customer_share,0.3568476563893536,0.06830042977661943,20,0.015272440387297182
signal_low_only,domestic_0.55_help_on,first_both_share,-0.02615487896944075,0.03828746441073246,20,0.00856133731085017
signal_low_only,domestic_0.55_help_on,no_submission_share,0.049667959627291605,0.037885403057787766,20,0.008471433659219183
signal_low_only,domestic_0.55_help_on,domestic_then_customer_share,-0.12684631122945023,0.07794361921307415,20,0.017428723097279244
signal_low_only,domestic_0.55_help_on,mean_escalation_time,-1.3737231459549606,0.48531774950152384,20,0.1085203478572622
signal_low_only,domestic_0.55_help_on,external_path_trigger_rate,-0.007633857958020823,0.09756288350014719,20,0.021815723958722173
signal_low_only,domestic_0.55_help_on,external_user_case_resolution_rate,-0.03313315623945186,0.10096506137926002,20,0.02257647405964641
signal_low_only,domestic_0.55_help_on,customer_intervention_rate,-0.06013987592009862,0.09334260915057252,20,0.020872041925787406
signal_low_only,domestic_0.55_help_on,material_at_customer_review_share,-0.24897720859781924,0.09709328543288387,20,0.02171071863867184
signal_low_only,domestic_0.55_help_on,external_user_mean_merit,0.004688287931685941,0.01478754547087339,20,0.0033065956893242035
signal_low_only,domestic_0.55_help_on,external_user_mean_dependence,0.0004244209058568843,0.004228362056034204,20,0.0009454904990773254
signal_low_only,domestic_0.55_help_on,unresolved_fraction,0.09548019944593189,0.08790191410459088,20,0.019655465529021275
signal_low_only,domestic_0.55_help_on,submitted_unresolved_fraction,0.07223874197779497,0.08494010493647743,20,0.018993184865392896
signal_low_only,domestic_0.55_help_on,external_user_unresolved_fraction,0.03313315623945186,0.10096506137926001,20,0.022576474059646405
signal_low_only,domestic_0.55_help_on,mean_processing_time,-1.0426816905775875,0.47302400397667405,20,0.10577138278809739
signal_low_only,domestic_0.55_help_on,median_processing_time,-1.3,0.6958523739384593,20,0.1555973210430998
signal_low_only,domestic_0.55_help_on,unresolved_case_rounds,263.55,255.88494022036338,20,57.21761207512025
signal_low_only,domestic_0.55_help_on,pending_case_rounds,-139.7,38.447640403951695,20,8.597153751770346
signal_high_only,domestic_0.55_help_on,time,0.0,0.0,20,0.0
signal_high_only,domestic_0.55_help_on,new_disputes,0.0,0.0,20,0.0
signal_high_only,domestic_0.55_help_on,new_complaints,0.0,0.0,20,0.0
signal_high_only,domestic_0.55_help_on,new_complainants,0.0,0.0,20,0.0
signal_high_only,domestic_0.55_help_on,new_domestic,0.0,0.0,20,0.0
signal_high_only,domestic_0.55_help_on,new_customer,0.0,0.0,20,0.0
signal_high_only,domestic_0.55_help_on,new_additional_channel,0.0,0.0,20,0.0
signal_high_only,domestic_0.55_help_on,unresolved,-0.2,3.27028085064651,20,0.7312570287561434
signal_high_only,domestic_0.55_help_on,pending,0.0,0.0,20,0.0
signal_high_only,domestic_0.55_help_on,unsubmitted,0.0,0.0,20,0.0
signal_high_only,domestic_0.55_help_on,closed_unresolved,-0.2,3.27028085064651,20,0.7312570287561434
signal_high_only,domestic_0.55_help_on,pending_domestic,0.0,0.0,20,0.0
signal_high_only,domestic_0.55_help_on,pending_customer,0.0,0.0,20,0.0
signal_high_only,domestic_0.55_help_on,new_resolved,0.0,0.0,20,0.0
signal_high_only,domestic_0.55_help_on,cumulative_resolved,0.2,3.27028085064651,20,0.7312570287561434
signal_high_only,domestic_0.55_help_on,cumulative_complainants,0.0,0.0,20,0.0
signal_high_only,domestic_0.55_help_on,total_cases,0.0,0.0,20,0.0
signal_high_only,domestic_0.55_help_on,visible_domestic,0.0,0.0,20,0.0
signal_high_only,domestic_0.55_help_on,visible_customer,0.0,0.0,20,0.0
signal_high_only,domestic_0.55_help_on,unique_submitted_cases,0.0,0.0,20,0.0
signal_high_only,domestic_0.55_help_on,unique_domestic_cases,0.95,1.2763022245616642,20,0.2853898533954083
signal_high_only,domestic_0.55_help_on,unique_customer_cases,-6.6,3.03315017762062,20,0.6782329983125267
signal_high_only,domestic_0.55_help_on,multi_cases,-5.65,2.8704483420208984,20,0.6418517618660294
signal_high_only,domestic_0.55_help_on,customer_share_all_cases,-0.08599055070295007,0.04179608412787353,20,0.009345888530322522
signal_high_only,domestic_0.55_help_on,customer_share_submitted,-0.08599055070295007,0.04179608412787353,20,0.009345888530322522
signal_high_only,domestic_0.55_help_on,domestic_share_submitted,0.011489520331439667,0.015046717937399366,20,0.0033645484146290405
signal_high_only,domestic_0.55_help_on,first_domestic_share,0.14103683612129186,0.034525993996677086,20,0.007720246956731961
signal_high_only,domestic_0.55_help_on,first_customer_share,-0.07304232428937074,0.030777119434430233,20,0.006881973120701588
signal_high_only,domestic_0.55_help_on,first_both_share,-0.06799451183192111,0.04186641945610087,20,0.00936161598783613
signal_high_only,domestic_0.55_help_on,no_submission_share,0.0,0.0,20,0.0
signal_high_only,domestic_0.55_help_on,domestic_then_customer_share,-0.012143209345076733,0.05551655631077859,20,0.012413879378759587
signal_high_only,domestic_0.55_help_on,mean_escalation_time,0.37381315508695456,0.342996238358936,20,0.07669629049973017
signal_high_only,domestic_0.55_help_on,external_path_trigger_rate,0.015091216178288569,0.09604497961509992,20,0.0214763103316945
signal_high_only,domestic_0.55_help_on,external_user_case_resolution_rate,-0.06602279566553193,0.07515762098898156,20,0.01680575495585277
signal_high_only,domestic_0.55_help_on,customer_intervention_rate,0.03940017988690911,0.10335908261754034,20,0.023111793482483708
signal_high_only,domestic_0.55_help_on,material_at_customer_review_share,0.15666626205479103,0.06937559964463957,20,0.015512855678522433
signal_high_only,domestic_0.55_help_on,external_user_mean_merit,-0.01066216150826103,0.02196552346582917,20,0.00491164036309608
signal_high_only,domestic_0.55_help_on,external_user_mean_dependence,0.0006832258488011528,0.004334844387251245,20,0.0009693006721777206
signal_high_only,domestic_0.55_help_on,unresolved_fraction,-0.0019531643256875896,0.04360788372466449,20,0.009751019236325651
signal_high_only,domestic_0.55_help_on,submitted_unresolved_fraction,-0.0019531643256875896,0.04360788372466449,20,0.009751019236325651
signal_high_only,domestic_0.55_help_on,external_user_unresolved_fraction,0.06602279566553194,0.07515762098898156,20,0.01680575495585277
signal_high_only,domestic_0.55_help_on,mean_processing_time,0.3083154371547695,0.31419895666067366,20,0.07025702255527766
signal_high_only,domestic_0.55_help_on,median_processing_time,0.35,0.5642880936468347,20,0.12617865362880895
signal_high_only,domestic_0.55_help_on,unresolved_case_rounds,6.7,128.9463780842744,20,28.833286684882662
signal_high_only,domestic_0.55_help_on,pending_case_rounds,24.95,13.93396078499917,20,3.1157283511074474
objective_and_signal_low,domestic_0.55_help_on,time,0.0,0.0,20,0.0
objective_and_signal_low,domestic_0.55_help_on,new_disputes,0.0,0.0,20,0.0
objective_and_signal_low,domestic_0.55_help_on,new_complaints,0.0,0.0,20,0.0
objective_and_signal_low,domestic_0.55_help_on,new_complainants,0.0,0.0,20,0.0
objective_and_signal_low,domestic_0.55_help_on,new_domestic,0.0,0.0,20,0.0
objective_and_signal_low,domestic_0.55_help_on,new_customer,0.0,0.0,20,0.0
objective_and_signal_low,domestic_0.55_help_on,new_additional_channel,0.0,0.0,20,0.0
objective_and_signal_low,domestic_0.55_help_on,unresolved,24.0,6.087087282021457,20,1.3611140947574412
objective_and_signal_low,domestic_0.55_help_on,pending,0.0,0.0,20,0.0
objective_and_signal_low,domestic_0.55_help_on,unsubmitted,6.4,3.844339653103124,20,0.8596204792936546
objective_and_signal_low,domestic_0.55_help_on,closed_unresolved,17.6,5.245549492063173,20,1.1729405243592748
objective_and_signal_low,domestic_0.55_help_on,pending_domestic,0.0,0.0,20,0.0
objective_and_signal_low,domestic_0.55_help_on,pending_customer,0.0,0.0,20,0.0
objective_and_signal_low,domestic_0.55_help_on,new_resolved,0.0,0.0,20,0.0
objective_and_signal_low,domestic_0.55_help_on,cumulative_resolved,-24.0,6.087087282021457,20,1.3611140947574412
objective_and_signal_low,domestic_0.55_help_on,cumulative_complainants,-6.4,3.844339653103124,20,0.8596204792936546
objective_and_signal_low,domestic_0.55_help_on,total_cases,0.0,0.0,20,0.0
objective_and_signal_low,domestic_0.55_help_on,visible_domestic,0.0,0.0,20,0.0
objective_and_signal_low,domestic_0.55_help_on,visible_customer,0.0,0.0,20,0.0
objective_and_signal_low,domestic_0.55_help_on,unique_submitted_cases,-6.4,3.844339653103124,20,0.8596204792936546
objective_and_signal_low,domestic_0.55_help_on,unique_domestic_cases,-25.15,5.1837296063335465,20,1.1591171776740035
objective_and_signal_low,domestic_0.55_help_on,unique_customer_cases,8.3,4.1434793414027755,20,0.9265101470742665
objective_and_signal_low,domestic_0.55_help_on,multi_cases,-10.45,5.977809843606251,20,1.3366789166870963
objective_and_signal_low,domestic_0.55_help_on,customer_share_all_cases,0.10800325873491734,0.05498177949570869,20,0.012294299647630874
objective_and_signal_low,domestic_0.55_help_on,customer_share_submitted,0.16266454295293592,0.04903317585387498,20,0.010964151436196575
objective_and_signal_low,domestic_0.55_help_on,domestic_share_submitted,-0.2622318333417472,0.06740257783680903,20,0.015071674590182571
objective_and_signal_low,domestic_0.55_help_on,first_domestic_share,-0.3490114985897562,0.059218187451341484,20,0.013241589264552458
objective_and_signal_low,domestic_0.55_help_on,first_customer_share,0.3734494749789401,0.07347072925994441,20,0.016428554498171852
objective_and_signal_low,domestic_0.55_help_on,first_both_share,-0.024437976389183925,0.03776318257203947,20,0.00844410432778156
objective_and_signal_low,domestic_0.55_help_on,no_submission_share,0.0809839765062297,0.04797520762167131,20,0.010727582547672306
objective_and_signal_low,domestic_0.55_help_on,domestic_then_customer_share,-0.04188231050954681,0.07910889457472178,20,0.017689286589394223
objective_and_signal_low,domestic_0.55_help_on,mean_escalation_time,-1.1884073682420735,0.5087080095178018,20,0.11375056899804148
objective_and_signal_low,domestic_0.55_help_on,external_path_trigger_rate,0.011618041919006809,0.09020417828180267,20,0.020170267449262095
objective_and_signal_low,domestic_0.55_help_on,external_user_case_resolution_rate,-0.20480464175585866,0.07680060047622636,20,0.017173136337764485
objective_and_signal_low,domestic_0.55_help_on,customer_intervention_rate,-0.04565071699498672,0.08523537824733296,20,0.019059209984894337
objective_and_signal_low,domestic_0.55_help_on,material_at_customer_review_share,-0.20411488916581963,0.08792402524442434,20,0.019660409730194037
objective_and_signal_low,domestic_0.55_help_on,external_user_mean_merit,0.007600118636739683,0.016870307219166398,20,0.0037723153743361507
objective_and_signal_low,domestic_0.55_help_on,external_user_mean_dependence,0.0003723069234287307,0.004682650189201259,20,0.0010470724137906266
objective_and_signal_low,domestic_0.55_help_on,unresolved_fraction,0.30906568634718484,0.07945634164465831,20,0.01776697811609034
objective_and_signal_low,domestic_0.55_help_on,submitted_unresolved_fraction,0.28885786298105753,0.08028764160695702,20,0.017952862438629633
objective_and_signal_low,domestic_0.55_help_on,external_user_unresolved_fraction,0.20480464175585866,0.07680060047622636,20,0.017173136337764485
objective_and_signal_low,domestic_0.55_help_on,mean_processing_time,-1.0051083454182939,0.6695199408057206,20,0.14970920999332266
objective_and_signal_low,domestic_0.55_help_on,median_processing_time,-1.2,1.1630269037934455,20,0.2600607216543252
objective_and_signal_low,domestic_0.55_help_on,unresolved_case_rounds,910.75,238.73281145070507,20,53.38227948634167
objective_and_signal_low,domestic_0.55_help_on,pending_case_rounds,-145.8,41.42412213598306,20,9.262715300431191
objective_and_signal_high,domestic_0.55_help_on,time,0.0,0.0,20,0.0
objective_and_signal_high,domestic_0.55_help_on,new_disputes,0.0,0.0,20,0.0
objective_and_signal_high,domestic_0.55_help_on,new_complaints,0.0,0.0,20,0.0
objective_and_signal_high,domestic_0.55_help_on,new_complainants,0.0,0.0,20,0.0
objective_and_signal_high,domestic_0.55_help_on,new_domestic,0.0,0.0,20,0.0
objective_and_signal_high,domestic_0.55_help_on,new_customer,0.0,0.0,20,0.0
objective_and_signal_high,domestic_0.55_help_on,new_additional_channel,0.0,0.0,20,0.0
objective_and_signal_high,domestic_0.55_help_on,unresolved,-18.8,3.941680111990718,20,0.8813864675970229
objective_and_signal_high,domestic_0.55_help_on,pending,0.0,0.0,20,0.0
objective_and_signal_high,domestic_0.55_help_on,unsubmitted,0.0,0.0,20,0.0
objective_and_signal_high,domestic_0.55_help_on,closed_unresolved,-18.8,3.941680111990718,20,0.8813864675970229
objective_and_signal_high,domestic_0.55_help_on,pending_domestic,0.0,0.0,20,0.0
objective_and_signal_high,domestic_0.55_help_on,pending_customer,0.0,0.0,20,0.0
objective_and_signal_high,domestic_0.55_help_on,new_resolved,0.0,0.0,20,0.0
objective_and_signal_high,domestic_0.55_help_on,cumulative_resolved,18.8,3.941680111990718,20,0.8813864675970229
objective_and_signal_high,domestic_0.55_help_on,cumulative_complainants,0.0,0.0,20,0.0
objective_and_signal_high,domestic_0.55_help_on,total_cases,0.0,0.0,20,0.0
objective_and_signal_high,domestic_0.55_help_on,visible_domestic,0.0,0.0,20,0.0
objective_and_signal_high,domestic_0.55_help_on,visible_customer,0.0,0.0,20,0.0
objective_and_signal_high,domestic_0.55_help_on,unique_submitted_cases,0.0,0.0,20,0.0
objective_and_signal_high,domestic_0.55_help_on,unique_domestic_cases,0.95,1.2763022245616642,20,0.2853898533954083
objective_and_signal_high,domestic_0.55_help_on,unique_customer_cases,-20.2,4.384182093797992,20,0.9803329187469668
objective_and_signal_high,domestic_0.55_help_on,multi_cases,-19.25,4.115119746291205,20,0.9201687488258822
objective_and_signal_high,domestic_0.55_help_on,customer_share_all_cases,-0.2603660770839036,0.05477481006063951,20,0.012248019875022931
objective_and_signal_high,domestic_0.55_help_on,customer_share_submitted,-0.2603660770839036,0.05477481006063951,20,0.012248019875022931
objective_and_signal_high,domestic_0.55_help_on,domestic_share_submitted,0.011489520331439667,0.015046717937399366,20,0.0033645484146290405
objective_and_signal_high,domestic_0.55_help_on,first_domestic_share,0.14103683612129186,0.034525993996677086,20,0.007720246956731961
objective_and_signal_high,domestic_0.55_help_on,first_customer_share,-0.07304232428937074,0.030777119434430233,20,0.006881973120701588
objective_and_signal_high,domestic_0.55_help_on,first_both_share,-0.06799451183192111,0.04186641945610087,20,0.00936161598783613
objective_and_signal_high,domestic_0.55_help_on,no_submission_share,0.0,0.0,20,0.0
objective_and_signal_high,domestic_0.55_help_on,domestic_then_customer_share,-0.18940193936148275,0.06739141293068486,20,0.015069178041276967
objective_and_signal_high,domestic_0.55_help_on,mean_escalation_time,0.4362205880585816,0.4694266593644869,20,0.1049669920789631
objective_and_signal_high,domestic_0.55_help_on,external_path_trigger_rate,-0.08898880199877646,0.1103555133429208,20,0.024676242952665597
objective_and_signal_high,domestic_0.55_help_on,external_user_case_resolution_rate,0.0903219726010123,0.1181067936615435,20,0.026409481923175254
objective_and_signal_high,domestic_0.55_help_on,customer_intervention_rate,-0.01232281340560632,0.14297414367254863,20,0.03196999042766401
objective_and_signal_high,domestic_0.55_help_on,material_at_customer_review_share,0.04648336554405821,0.11718270163311399,20,0.02620284866387185
objective_and_signal_high,domestic_0.55_help_on,external_user_mean_merit,-0.032239862693857015,0.03589230709490069,20,0.008025763853349594
objective_and_signal_high,domestic_0.55_help_on,external_user_mean_dependence,0.0032228243171735587,0.006954742756306303,20,0.0015551277569125148
objective_and_signal_high,domestic_0.55_help_on,unresolved_fraction,-0.24235069466613987,0.052360947276963096,20,0.011708263747757198
objective_and_signal_high,domestic_0.55_help_on,submitted_unresolved_fraction,-0.24235069466613987,0.052360947276963096,20,0.011708263747757198
objective_and_signal_high,domestic_0.55_help_on,external_user_unresolved_fraction,-0.09032197260101231,0.11810679366154352,20,0.026409481923175257
objective_and_signal_high,domestic_0.55_help_on,mean_processing_time,-0.31886215987548805,0.3231663962852613,20,0.07226220301374797
objective_and_signal_high,domestic_0.55_help_on,median_processing_time,-0.3,0.5477225575051661,20,0.12247448713915889
objective_and_signal_high,domestic_0.55_help_on,unresolved_case_rounds,-746.45,155.6891217509398,20,34.81314595923424
objective_and_signal_high,domestic_0.55_help_on,pending_case_rounds,-19.05,12.14159878486485,20,2.714944023848665
subjective_overlap_high,domestic_0.55_help_on,time,0.0,0.0,20,0.0
subjective_overlap_high,domestic_0.55_help_on,new_disputes,0.0,0.0,20,0.0
subjective_overlap_high,domestic_0.55_help_on,new_complaints,0.0,0.0,20,0.0
subjective_overlap_high,domestic_0.55_help_on,new_complainants,0.0,0.0,20,0.0
subjective_overlap_high,domestic_0.55_help_on,new_domestic,0.0,0.0,20,0.0
subjective_overlap_high,domestic_0.55_help_on,new_customer,0.0,0.0,20,0.0
subjective_overlap_high,domestic_0.55_help_on,new_additional_channel,0.0,0.0,20,0.0
subjective_overlap_high,domestic_0.55_help_on,unresolved,-0.4,3.4549735317746157,20,0.772555567751057
subjective_overlap_high,domestic_0.55_help_on,pending,0.0,0.0,20,0.0
subjective_overlap_high,domestic_0.55_help_on,unsubmitted,0.0,0.0,20,0.0
subjective_overlap_high,domestic_0.55_help_on,closed_unresolved,-0.4,3.4549735317746157,20,0.772555567751057
subjective_overlap_high,domestic_0.55_help_on,pending_domestic,0.0,0.0,20,0.0
subjective_overlap_high,domestic_0.55_help_on,pending_customer,0.0,0.0,20,0.0
subjective_overlap_high,domestic_0.55_help_on,new_resolved,0.0,0.0,20,0.0
subjective_overlap_high,domestic_0.55_help_on,cumulative_resolved,0.4,3.4549735317746157,20,0.772555567751057
subjective_overlap_high,domestic_0.55_help_on,cumulative_complainants,0.0,0.0,20,0.0
subjective_overlap_high,domestic_0.55_help_on,total_cases,0.0,0.0,20,0.0
subjective_overlap_high,domestic_0.55_help_on,visible_domestic,0.0,0.0,20,0.0
subjective_overlap_high,domestic_0.55_help_on,visible_customer,0.0,0.0,20,0.0
subjective_overlap_high,domestic_0.55_help_on,unique_submitted_cases,0.0,0.0,20,0.0
subjective_overlap_high,domestic_0.55_help_on,unique_domestic_cases,-0.95,0.6048053188292994,20,0.1352385806055747
subjective_overlap_high,domestic_0.55_help_on,unique_customer_cases,-6.7,3.3419187681078633,20,0.7472757540771539
subjective_overlap_high,domestic_0.55_help_on,multi_cases,-7.65,3.4984959174208745,20,0.7822874690358566
subjective_overlap_high,domestic_0.55_help_on,customer_share_all_cases,-0.08756559152994023,0.04650665926007663,20,0.010399205151195141
subjective_overlap_high,domestic_0.55_help_on,customer_share_submitted,-0.08756559152994023,0.04650665926007663,20,0.010399205151195141
subjective_overlap_high,domestic_0.55_help_on,domestic_share_submitted,-0.012300203335200105,0.008200809490821758,20,0.0018337567492002888
subjective_overlap_high,domestic_0.55_help_on,first_domestic_share,0.04892215738532751,0.031907906509317505,20,0.007134824797454196
subjective_overlap_high,domestic_0.55_help_on,first_customer_share,0.03399538794310834,0.027726913796169907,20,0.006199926405451266
subjective_overlap_high,domestic_0.55_help_on,first_both_share,-0.08291754532843586,0.03853501011841159,20,0.008616690213841052
subjective_overlap_high,domestic_0.55_help_on,no_submission_share,0.0,0.0,20,0.0
subjective_overlap_high,domestic_0.55_help_on,domestic_then_customer_share,-0.06952114563211306,0.05785203061801282,20,0.012936107309827583
subjective_overlap_high,domestic_0.55_help_on,mean_escalation_time,0.4737834656156483,0.22810742168712667,20,0.051006370106462494
subjective_overlap_high,domestic_0.55_help_on,external_path_trigger_rate,0.045387566214278544,0.06396186999637733,20,0.014302308927990394
subjective_overlap_high,domestic_0.55_help_on,external_user_case_resolution_rate,-0.07131413594676025,0.0752059036719358,20,0.01681655129197495
subjective_overlap_high,domestic_0.55_help_on,customer_intervention_rate,0.04086205632892888,0.09045017874730775,20,0.020225274825598688
subjective_overlap_high,domestic_0.55_help_on,material_at_customer_review_share,0.07631437575325181,0.0671011203160265,20,0.015004266639302741
subjective_overlap_high,domestic_0.55_help_on,external_user_mean_merit,-0.009490932177565359,0.016939153062404393,20,0.0037877097728809955
subjective_overlap_high,domestic_0.55_help_on,external_user_mean_dependence,0.0009026957723380247,0.004131789572952448,20,0.0009238962353846499
subjective_overlap_high,domestic_0.55_help_on,unresolved_fraction,-0.005362869662712655,0.04532531801973965,20,0.010135049219393401
subjective_overlap_high,domestic_0.55_help_on,submitted_unresolved_fraction,-0.005362869662712655,0.04532531801973965,20,0.010135049219393401
subjective_overlap_high,domestic_0.55_help_on,external_user_unresolved_fraction,0.07131413594676027,0.07520590367193582,20,0.016816551291974954
subjective_overlap_high,domestic_0.55_help_on,mean_processing_time,0.13666473123956746,0.25936573255577244,20,0.057995940902873744
subjective_overlap_high,domestic_0.55_help_on,median_processing_time,0.175,0.4940434670840422,20,0.1104714776239598
subjective_overlap_high,domestic_0.55_help_on,unresolved_case_rounds,-9.3,132.94997080421683,20,29.72851723248412
subjective_overlap_high,domestic_0.55_help_on,pending_case_rounds,7.4,9.016943116039645,20,2.016249775671342
long_horizon,domestic_0.55_help_on,time,45.0,0.0,20,0.0
long_horizon,domestic_0.55_help_on,new_disputes,0.0,0.0,20,0.0
long_horizon,domestic_0.55_help_on,new_complaints,0.0,0.0,20,0.0
long_horizon,domestic_0.55_help_on,new_complainants,0.0,0.0,20,0.0
long_horizon,domestic_0.55_help_on,new_domestic,0.0,0.0,20,0.0
long_horizon,domestic_0.55_help_on,new_customer,0.0,0.0,20,0.0
long_horizon,domestic_0.55_help_on,new_additional_channel,0.0,0.0,20,0.0
long_horizon,domestic_0.55_help_on,unresolved,0.0,0.0,20,0.0
long_horizon,domestic_0.55_help_on,pending,0.0,0.0,20,0.0
long_horizon,domestic_0.55_help_on,unsubmitted,0.0,0.0,20,0.0
long_horizon,domestic_0.55_help_on,closed_unresolved,0.0,0.0,20,0.0
long_horizon,domestic_0.55_help_on,pending_domestic,0.0,0.0,20,0.0
long_horizon,domestic_0.55_help_on,pending_customer,0.0,0.0,20,0.0
long_horizon,domestic_0.55_help_on,new_resolved,0.0,0.0,20,0.0
long_horizon,domestic_0.55_help_on,cumulative_resolved,0.0,0.0,20,0.0
long_horizon,domestic_0.55_help_on,cumulative_complainants,0.0,0.0,20,0.0
long_horizon,domestic_0.55_help_on,total_cases,0.0,0.0,20,0.0
long_horizon,domestic_0.55_help_on,visible_domestic,0.0,0.0,20,0.0
long_horizon,domestic_0.55_help_on,visible_customer,0.0,0.0,20,0.0
long_horizon,domestic_0.55_help_on,unique_submitted_cases,0.0,0.0,20,0.0
long_horizon,domestic_0.55_help_on,unique_domestic_cases,0.0,0.0,20,0.0
long_horizon,domestic_0.55_help_on,unique_customer_cases,0.0,0.0,20,0.0
long_horizon,domestic_0.55_help_on,multi_cases,0.0,0.0,20,0.0
long_horizon,domestic_0.55_help_on,customer_share_all_cases,0.0,0.0,20,0.0
long_horizon,domestic_0.55_help_on,customer_share_submitted,0.0,0.0,20,0.0
long_horizon,domestic_0.55_help_on,domestic_share_submitted,0.0,0.0,20,0.0
long_horizon,domestic_0.55_help_on,first_domestic_share,0.0,0.0,20,0.0
long_horizon,domestic_0.55_help_on,first_customer_share,0.0,0.0,20,0.0
long_horizon,domestic_0.55_help_on,first_both_share,0.0,0.0,20,0.0
long_horizon,domestic_0.55_help_on,no_submission_share,0.0,0.0,20,0.0
long_horizon,domestic_0.55_help_on,domestic_then_customer_share,0.0,0.0,20,0.0
long_horizon,domestic_0.55_help_on,mean_escalation_time,0.0,0.0,20,0.0
long_horizon,domestic_0.55_help_on,external_path_trigger_rate,0.0,0.0,20,0.0
long_horizon,domestic_0.55_help_on,external_user_case_resolution_rate,0.0,0.0,20,0.0
long_horizon,domestic_0.55_help_on,customer_intervention_rate,0.0,0.0,20,0.0
long_horizon,domestic_0.55_help_on,material_at_customer_review_share,0.0,0.0,20,0.0
long_horizon,domestic_0.55_help_on,external_user_mean_merit,0.0,0.0,20,0.0
long_horizon,domestic_0.55_help_on,external_user_mean_dependence,0.0,0.0,20,0.0
long_horizon,domestic_0.55_help_on,unresolved_fraction,0.0,0.0,20,0.0
long_horizon,domestic_0.55_help_on,submitted_unresolved_fraction,0.0,0.0,20,0.0
long_horizon,domestic_0.55_help_on,external_user_unresolved_fraction,0.0,0.0,20,0.0
long_horizon,domestic_0.55_help_on,mean_processing_time,0.0,0.0,20,0.0
long_horizon,domestic_0.55_help_on,median_processing_time,0.0,0.0,20,0.0
long_horizon,domestic_0.55_help_on,unresolved_case_rounds,1566.0,236.59091943245568,20,52.903337871014685
long_horizon,domestic_0.55_help_on,pending_case_rounds,0.0,0.0,20,0.0
no_delay,domestic_0.55_help_on,time,0.0,0.0,20,0.0
no_delay,domestic_0.55_help_on,new_disputes,0.0,0.0,20,0.0
no_delay,domestic_0.55_help_on,new_complaints,0.0,0.0,20,0.0
no_delay,domestic_0.55_help_on,new_complainants,0.0,0.0,20,0.0
no_delay,domestic_0.55_help_on,new_domestic,0.0,0.0,20,0.0
no_delay,domestic_0.55_help_on,new_customer,0.0,0.0,20,0.0
no_delay,domestic_0.55_help_on,new_additional_channel,0.0,0.0,20,0.0
no_delay,domestic_0.55_help_on,unresolved,0.05,6.435714494337951,20,1.4390695093120343
no_delay,domestic_0.55_help_on,pending,0.0,0.0,20,0.0
no_delay,domestic_0.55_help_on,unsubmitted,0.0,0.0,20,0.0
no_delay,domestic_0.55_help_on,closed_unresolved,0.05,6.435714494337951,20,1.4390695093120343
no_delay,domestic_0.55_help_on,pending_domestic,0.0,0.0,20,0.0
no_delay,domestic_0.55_help_on,pending_customer,0.0,0.0,20,0.0
no_delay,domestic_0.55_help_on,new_resolved,0.0,0.0,20,0.0
no_delay,domestic_0.55_help_on,cumulative_resolved,-0.05,6.435714494337951,20,1.4390695093120343
no_delay,domestic_0.55_help_on,cumulative_complainants,0.0,0.0,20,0.0
no_delay,domestic_0.55_help_on,total_cases,0.0,0.0,20,0.0
no_delay,domestic_0.55_help_on,visible_domestic,0.0,0.0,20,0.0
no_delay,domestic_0.55_help_on,visible_customer,0.0,0.0,20,0.0
no_delay,domestic_0.55_help_on,unique_submitted_cases,0.0,0.0,20,0.0
no_delay,domestic_0.55_help_on,unique_domestic_cases,-0.75,1.4095538674570611,20,0.31518582655817173
no_delay,domestic_0.55_help_on,unique_customer_cases,-5.3,4.168806468093842,20,0.9321734647698638
no_delay,domestic_0.55_help_on,multi_cases,-6.05,4.4541524091807325,20,0.9959787569072576
no_delay,domestic_0.55_help_on,customer_share_all_cases,-0.06723598657849704,0.05102576716459257,20,0.011409708398410568
no_delay,domestic_0.55_help_on,customer_share_submitted,-0.06723598657849704,0.05102576716459257,20,0.011409708398410568
no_delay,domestic_0.55_help_on,domestic_share_submitted,-0.01020388100693408,0.01858738164249043,20,0.0041562648876340294
no_delay,domestic_0.55_help_on,first_domestic_share,0.0,0.0,20,0.0
no_delay,domestic_0.55_help_on,first_customer_share,0.0,0.0,20,0.0
no_delay,domestic_0.55_help_on,first_both_share,0.0,0.0,20,0.0
no_delay,domestic_0.55_help_on,no_submission_share,0.0,0.0,20,0.0
no_delay,domestic_0.55_help_on,domestic_then_customer_share,-0.07941847605466354,0.0604479607225134,20,0.013516574927677726
no_delay,domestic_0.55_help_on,mean_escalation_time,-1.9044735231621808,0.3387249945405613,20,0.07574121134709402
no_delay,domestic_0.55_help_on,external_path_trigger_rate,0.06661033978750168,0.09421295631457961,20,0.021066657468061807
no_delay,domestic_0.55_help_on,external_user_case_resolution_rate,-0.06831715288371493,0.08352864926120801,20,0.01867757378167987
no_delay,domestic_0.55_help_on,customer_intervention_rate,0.012637252054252276,0.1026294114593077,20,0.02294863405138079
no_delay,domestic_0.55_help_on,material_at_customer_review_share,0.015145958988126821,0.10748748889554308,20,0.02403493319011881
no_delay,domestic_0.55_help_on,external_user_mean_merit,-0.007068634213561931,0.021409808694135505,20,0.004787378762535299
no_delay,domestic_0.55_help_on,external_user_mean_dependence,0.0019931349539482807,0.005524567009995755,20,0.0012353307380603268
no_delay,domestic_0.55_help_on,unresolved_fraction,-0.0012853200925698998,0.08556722106946604,20,0.019133412295707832
no_delay,domestic_0.55_help_on,submitted_unresolved_fraction,-0.0012853200925698998,0.08556722106946604,20,0.019133412295707832
no_delay,domestic_0.55_help_on,external_user_unresolved_fraction,0.06831715288371491,0.083528649261208,20,0.018677573781679866
no_delay,domestic_0.55_help_on,mean_processing_time,-3.3118286315025856,0.44620380169902396,20,0.09977420324178538
no_delay,domestic_0.55_help_on,median_processing_time,-3.15,0.7626132357679226,20,0.1705255035718149
no_delay,domestic_0.55_help_on,unresolved_case_rounds,-140.8,262.60889470645765,20,58.721134005972395
no_delay,domestic_0.55_help_on,pending_case_rounds,-293.45,28.665906762673945,20,6.409891615800987
domestic_slow_known,domestic_slow,time,0.0,0.0,20,0.0
domestic_slow_known,domestic_slow,new_disputes,0.0,0.0,20,0.0
domestic_slow_known,domestic_slow,new_complaints,0.0,0.0,20,0.0
domestic_slow_known,domestic_slow,new_complainants,0.0,0.0,20,0.0
domestic_slow_known,domestic_slow,new_domestic,0.0,0.0,20,0.0
domestic_slow_known,domestic_slow,new_customer,0.0,0.0,20,0.0
domestic_slow_known,domestic_slow,new_additional_channel,0.0,0.0,20,0.0
domestic_slow_known,domestic_slow,unresolved,-0.65,4.283075628809893,20,0.9577248258791577
domestic_slow_known,domestic_slow,pending,0.0,0.0,20,0.0
domestic_slow_known,domestic_slow,unsubmitted,0.0,0.0,20,0.0
domestic_slow_known,domestic_slow,closed_unresolved,-0.65,4.283075628809893,20,0.9577248258791577
domestic_slow_known,domestic_slow,pending_domestic,0.0,0.0,20,0.0
domestic_slow_known,domestic_slow,pending_customer,0.0,0.0,20,0.0
domestic_slow_known,domestic_slow,new_resolved,0.0,0.0,20,0.0
domestic_slow_known,domestic_slow,cumulative_resolved,0.65,4.283075628809893,20,0.9577248258791577
domestic_slow_known,domestic_slow,cumulative_complainants,0.0,0.0,20,0.0
domestic_slow_known,domestic_slow,total_cases,0.0,0.0,20,0.0
domestic_slow_known,domestic_slow,visible_domestic,0.0,0.0,20,0.0
domestic_slow_known,domestic_slow,visible_customer,0.0,0.0,20,0.0
domestic_slow_known,domestic_slow,unique_submitted_cases,0.0,0.0,20,0.0
domestic_slow_known,domestic_slow,unique_domestic_cases,-1.35,1.0894228312566052,20,0.24360235069300518
domestic_slow_known,domestic_slow,unique_customer_cases,-3.7,2.129986409642831,20,0.47627944031120834
domestic_slow_known,domestic_slow,multi_cases,-5.05,2.327750212679956,20,0.5205007710191975
domestic_slow_known,domestic_slow,customer_share_all_cases,-0.047639730942017136,0.027863462471779614,20,0.006230459617541353
domestic_slow_known,domestic_slow,customer_share_submitted,-0.047639730942017136,0.027863462471779614,20,0.006230459617541353
domestic_slow_known,domestic_slow,domestic_share_submitted,-0.017679100861425507,0.014867470257560337,20,0.0033244674149361217
domestic_slow_known,domestic_slow,first_domestic_share,-0.0578715374742523,0.03045045680750087,20,0.006808929136749317
domestic_slow_known,domestic_slow,first_customer_share,0.04839472914536541,0.02516499024364809,20,0.005627062883791612
domestic_slow_known,domestic_slow,first_both_share,0.009476808328886893,0.02752070041123269,20,0.006153815690792271
domestic_slow_known,domestic_slow,no_submission_share,0.0,0.0,20,0.0
domestic_slow_known,domestic_slow,domestic_then_customer_share,-0.09414378907540544,0.04119565770282848,20,0.00921162910013373
domestic_slow_known,domestic_slow,mean_escalation_time,1.5138158284603898,0.32219060676885325,20,0.07204400984470596
domestic_slow_known,domestic_slow,external_path_trigger_rate,0.025833962655218323,0.0710921925164386,20,0.015896697513625855
domestic_slow_known,domestic_slow,external_user_case_resolution_rate,-0.03966390098900337,0.0847327395040792,20,0.01894681654509029
domestic_slow_known,domestic_slow,customer_intervention_rate,0.013039841725203621,0.08375821657143723,20,0.0187289065927883
domestic_slow_known,domestic_slow,material_at_customer_review_share,0.04055243980629751,0.051755897514768924,20,0.011572970507953573
domestic_slow_known,domestic_slow,external_user_mean_merit,-0.004244088237190263,0.012052819539279844,20,0.0026950923810367426
domestic_slow_known,domestic_slow,external_user_mean_dependence,0.0013321971604095234,0.00447600347127409,20,0.0010008648029293892
domestic_slow_known,domestic_slow,unresolved_fraction,-0.008945879103712837,0.05747876717881915,20,0.012852643067472342
domestic_slow_known,domestic_slow,submitted_unresolved_fraction,-0.008945879103712837,0.05747876717881915,20,0.012852643067472342
domestic_slow_known,domestic_slow,external_user_unresolved_fraction,0.03966390098900337,0.08473273950407921,20,0.018946816545090294
domestic_slow_known,domestic_slow,mean_processing_time,-0.12170861260697344,0.439693068542927,20,0.09831835904974591
domestic_slow_known,domestic_slow,median_processing_time,0.075,0.5683540408842659,20,0.12708782707039132
domestic_slow_known,domestic_slow,unresolved_case_rounds,-28.7,144.0716561481236,20,32.21540167781799
domestic_slow_known,domestic_slow,pending_case_rounds,-7.0,20.657609786837952,20,4.61918197360346
